-- phpMyAdmin SQL Dump
-- version 5.2.1
-- https://www.phpmyadmin.net/
--
-- Host: 127.0.0.1
-- Creato il: Gen 09, 2024 alle 14:19
-- Versione del server: 10.4.28-MariaDB
-- Versione PHP: 8.2.4

SET SQL_MODE = "NO_AUTO_VALUE_ON_ZERO";
START TRANSACTION;
SET time_zone = "+00:00";


/*!40101 SET @OLD_CHARACTER_SET_CLIENT=@@CHARACTER_SET_CLIENT */;
/*!40101 SET @OLD_CHARACTER_SET_RESULTS=@@CHARACTER_SET_RESULTS */;
/*!40101 SET @OLD_COLLATION_CONNECTION=@@COLLATION_CONNECTION */;
/*!40101 SET NAMES utf8mb4 */;

--
-- Database: `rimbreakers`
--

-- --------------------------------------------------------

--
-- Struttura della tabella `blog`
--

CREATE TABLE `blog` (
  `ID_blog` int(11) NOT NULL,
  `ID_user` int(11) NOT NULL,
  `testo` longtext DEFAULT NULL
) ENGINE=InnoDB DEFAULT CHARSET=utf8mb4 COLLATE=utf8mb4_unicode_ci;

-- --------------------------------------------------------

--
-- Struttura della tabella `country`
--

CREATE TABLE `country` (
  `id_country` int(11) NOT NULL,
  `ID_league` int(11) NOT NULL,
  `name` varchar(15) NOT NULL,
  `type` varchar(15) NOT NULL,
  `code` varchar(4) NOT NULL,
  `flag` text NOT NULL
) ENGINE=InnoDB DEFAULT CHARSET=utf8 COLLATE=utf8_unicode_ci;

--
-- Dump dei dati per la tabella `country`
--

INSERT INTO `country` (`id_country`, `ID_league`, `name`, `type`, `code`, `flag`) VALUES
(4, 2, 'France', '', 'FR', 'https://media-4.api-sports.io/flags/fr.svg'),
(17, 40, 'Germany', '', 'DE', 'https://media-4.api-sports.io/flags/de.svg'),
(18, 45, 'Greece', '', 'GR', 'https://media-4.api-sports.io/flags/gr.svg'),
(23, 52, 'Italy', '', 'IT', 'https://media-4.api-sports.io/flags/it.svg'),
(45, 117, 'Spain', '', 'ES', 'https://media-4.api-sports.io/flags/es.svg'),
(48, 104, 'Turkey', '', 'TR', 'https://media-4.api-sports.io/flags/tr.svg'),
(55, 202, 'Europe', '', ' ', 'https://media-4.api-sports.io/flags/ .svg');

-- --------------------------------------------------------

--
-- Struttura della tabella `games`
--

CREATE TABLE `games` (
  `ID_games` int(11) NOT NULL,
  `ID_league` int(11) NOT NULL,
  `date` date NOT NULL,
  `status` text NOT NULL,
  `ID_home` int(11) NOT NULL,
  `score_home` text NOT NULL,
  `ID_away` int(11) NOT NULL,
  `score_away` text NOT NULL
) ENGINE=InnoDB DEFAULT CHARSET=utf8 COLLATE=utf8_unicode_ci;

--
-- Dump dei dati per la tabella `games`
--

INSERT INTO `games` (`ID_games`, `ID_league`, `date`, `status`, `ID_home`, `score_home`, `ID_away`, `score_away`) VALUES
(188475, 194, '2023-01-10', 'FT', 108, '17,36,27,16,None,96', 1277, '28,16,19,14,None,77'),
(188476, 194, '2023-01-11', 'FT', 731, '23,28,20,18,None,89', 533, '17,15,18,19,None,69'),
(188477, 194, '2023-01-11', 'FT', 914, '22,19,21,17,None,79', 2333, '23,21,21,26,None,91'),
(188478, 194, '2023-01-11', 'FT', 617, '23,22,21,18,None,84', 727, '16,22,17,16,None,71'),
(188479, 194, '2023-01-10', 'FT', 717, '25,19,16,25,None,85', 2334, '17,20,18,20,None,75'),
(188480, 194, '2023-01-11', 'FT', 1329, '30,28,17,18,None,93', 682, '27,21,17,30,None,95'),
(188481, 194, '2023-01-11', 'FT', 529, '13,20,16,10,None,59', 1615, '20,23,22,22,None,87'),
(188482, 194, '2023-01-11', 'FT', 3419, '14,21,18,26,None,79', 24, '17,21,20,30,None,88'),
(188483, 194, '2023-01-11', 'FT', 1267, '30,25,25,31,None,111', 1800, '15,26,23,29,None,93'),
(188484, 194, '2023-01-11', 'FT', 790, '24,10,17,21,None,72', 1317, '12,21,22,25,None,80'),
(188485, 194, '2023-01-18', 'FT', 1317, '15,16,23,25,None,79', 717, '19,16,18,19,None,72'),
(188486, 194, '2023-01-18', 'FT', 533, '27,16,22,13,None,78', 790, '13,25,11,20,None,69'),
(188487, 194, '2023-01-18', 'FT', 1277, '19,29,22,28,None,98', 529, '19,20,22,13,None,74'),
(188488, 194, '2023-01-18', 'FT', 727, '24,18,14,14,None,70', 1329, '20,20,22,22,None,84'),
(188489, 194, '2023-01-17', 'FT', 24, '24,19,17,26,None,86', 731, '24,14,19,22,None,79'),
(188490, 194, '2023-01-17', 'FT', 2334, '20,17,21,25,None,83', 1267, '22,11,17,32,None,82'),
(188491, 194, '2023-01-18', 'FT', 682, '20,35,22,18,None,95', 108, '20,18,23,18,None,79'),
(188492, 194, '2023-01-18', 'FT', 2333, '29,12,26,24,None,91', 617, '14,17,22,19,None,72'),
(188493, 194, '2023-01-18', 'FT', 1800, '15,19,23,23,None,80', 3419, '24,17,18,29,None,88'),
(188494, 194, '2023-01-18', 'FT', 1615, '17,12,25,28,None,82', 914, '17,16,18,20,None,71'),
(188495, 194, '2023-01-25', 'FT', 108, '23,17,24,22,None,86', 727, '16,20,15,24,None,75'),
(188496, 194, '2023-01-24', 'FT', 731, '25,24,20,26,None,95', 3419, '17,21,29,23,None,90'),
(188497, 194, '2023-01-25', 'FT', 914, '20,14,15,15,None,64', 529, '21,29,31,19,None,100'),
(188498, 194, '2023-01-25', 'FT', 617, '20,21,22,18,None,81', 1615, '18,15,17,22,None,72'),
(188499, 194, '2023-01-25', 'FT', 790, '16,24,32,20,None,92', 24, '18,13,16,41,None,88'),
(188500, 194, '2023-01-24', 'FT', 1329, '11,15,14,17,None,57', 2333, '17,15,19,9,None,60'),
(188501, 194, '2023-01-25', 'FT', 2334, '19,29,22,26,None,96', 1800, '21,23,21,26,None,91'),
(188502, 194, '2023-01-24', 'FT', 682, '20,19,26,19,None,84', 1277, '15,22,20,25,None,82'),
(188503, 194, '2023-01-25', 'FT', 1267, '22,26,21,23,None,92', 1317, '23,27,25,19,None,94'),
(188504, 194, '2023-01-25', 'FT', 717, '18,21,16,17,None,72', 533, '15,21,22,27,None,85'),
(188505, 194, '2023-02-01', 'FT', 1317, '26,23,23,23,None,95', 2334, '20,18,19,33,None,90'),
(188506, 194, '2023-02-01', 'FT', 533, '18,26,22,26,None,92', 1267, '26,24,16,20,None,86'),
(188507, 194, '2023-01-31', 'FT', 1277, '19,15,21,21,None,76', 914, '9,23,19,12,None,63'),
(188508, 194, '2023-02-01', 'FT', 727, '20,20,11,9,None,60', 682, '20,17,21,20,None,78'),
(188509, 194, '2023-01-31', 'FT', 529, '26,22,30,25,None,103', 617, '24,30,29,22,None,105'),
(188510, 194, '2023-01-31', 'FT', 24, '20,19,14,13,None,66', 717, '20,20,18,16,None,74'),
(188511, 194, '2023-02-01', 'FT', 2333, '36,32,27,23,None,118', 108, '26,23,20,30,None,99'),
(188512, 194, '2023-01-31', 'FT', 3419, '19,20,15,21,None,75', 790, '19,22,23,13,None,77'),
(188513, 194, '2023-02-01', 'FT', 1800, '26,14,21,16,None,77', 731, '20,24,15,14,None,73'),
(188514, 194, '2023-02-01', 'FT', 1615, '13,24,17,24,None,78', 1329, '7,19,18,24,None,68'),
(188515, 194, '2023-02-08', 'FT', 1329, '19,23,20,21,None,83', 529, '16,14,21,15,None,66'),
(188516, 194, '2023-02-07', 'FT', 727, '20,20,14,18,None,72', 1277, '17,26,16,21,None,80'),
(188517, 194, '2023-02-08', 'FT', 617, '18,25,24,23,None,90', 914, '27,14,13,12,None,66'),
(188518, 194, '2023-02-08', 'FT', 108, '27,27,32,17,None,103', 1615, '19,23,25,20,None,87'),
(188519, 194, '2023-02-08', 'FT', 1317, '25,27,26,16,None,94', 1800, '24,19,15,10,None,68'),
(188520, 194, '2023-02-08', 'FT', 790, '27,16,21,23,None,87', 731, '28,18,21,17,None,84'),
(188521, 194, '2023-02-08', 'FT', 682, '26,21,23,22,None,92', 2333, '12,19,16,23,None,70'),
(188522, 194, '2023-03-02', 'FT', 1267, '24,27,21,20,None,92', 24, '23,21,18,20,None,82'),
(188523, 194, '2023-02-08', 'FT', 717, '22,20,22,39,None,103', 3419, '19,19,22,24,None,84'),
(188524, 194, '2023-02-07', 'FT', 2334, '13,11,24,34,None,82', 533, '18,17,26,15,None,76'),
(188525, 194, '2023-03-08', 'FT', 914, '24,12,25,15,None,76', 1329, '30,10,22,21,None,83'),
(188526, 194, '2023-03-08', 'FT', 731, '25,22,28,15,None,90', 717, '21,13,14,16,None,64'),
(188527, 194, '2023-03-08', 'FT', 533, '21,18,17,22,None,78', 1317, '20,20,24,19,None,83'),
(188528, 194, '2023-03-07', 'FT', 1277, '25,25,10,25,None,85', 617, '17,21,20,17,None,75'),
(188529, 194, '2023-03-08', 'FT', 529, '23,23,33,12,None,91', 108, '19,22,16,17,None,74'),
(188530, 194, '2023-03-08', 'FT', 24, '20,19,13,13,None,65', 2334, '21,19,19,27,None,86'),
(188531, 194, '2023-03-08', 'FT', 2333, '30,23,17,24,None,94', 727, '20,24,15,29,None,88'),
(188532, 194, '2023-03-08', 'FT', 3419, '24,25,19,19,None,87', 1267, '18,19,21,25,None,83'),
(188533, 194, '2023-03-08', 'FT', 1800, '25,20,22,20,None,87', 790, '23,19,23,29,None,94'),
(188534, 194, '2023-03-07', 'FT', 1615, '21,31,14,23,None,89', 682, '18,16,17,28,None,79'),
(188535, 194, '2023-03-15', 'FT', 1329, '25,25,15,24,None,89', 617, '19,29,26,19,None,93'),
(188536, 194, '2023-03-15', 'FT', 533, '30,23,19,25,None,97', 1800, '26,15,20,24,None,85'),
(188537, 194, '2023-03-14', 'FT', 727, '24,25,13,17,None,79', 1615, '13,15,25,23,None,76'),
(188538, 194, '2023-03-14', 'FT', 108, '16,19,23,31,None,89', 914, '12,25,21,27,None,85'),
(188539, 194, '2023-03-15', 'FT', 1317, '21,26,27,22,None,96', 24, '16,20,26,20,None,82'),
(188540, 194, '2023-03-14', 'FT', 2334, '21,30,26,27,None,104', 3419, '22,18,28,13,None,81'),
(188541, 194, '2023-03-15', 'FT', 2333, '28,23,18,20,None,89', 1277, '18,16,26,19,None,79'),
(188542, 194, '2023-03-15', 'FT', 1267, '29,18,17,9,None,73', 731, '24,21,18,26,None,89'),
(188543, 194, '2023-03-15', 'FT', 717, '17,12,19,17,None,65', 790, '18,20,14,22,None,74'),
(188544, 194, '2023-03-14', 'FT', 682, '26,26,17,22,None,91', 529, '29,25,15,16,None,85'),
(188545, 194, '2023-03-22', 'FT', 790, '23,12,31,22,None,88', 1267, '24,19,22,20,None,85'),
(188546, 194, '2023-03-22', 'FT', 731, '20,14,21,19,None,74', 2334, '20,18,21,21,None,80'),
(188547, 194, '2023-03-22', 'FT', 914, '21,21,18,16,None,76', 682, '20,28,16,23,None,87'),
(188548, 194, '2023-03-22', 'FT', 1329, '19,19,24,22,None,84', 1277, '26,18,26,19,None,89'),
(188549, 194, '2023-03-22', 'FT', 617, '27,19,20,18,None,84', 108, '22,14,23,22,None,81'),
(188550, 194, '2023-03-22', 'FT', 24, '24,11,24,19,None,78', 533, '27,27,11,20,None,85'),
(188551, 194, '2023-03-21', 'FT', 529, '22,22,28,17,None,89', 727, '26,19,19,23,None,87'),
(188552, 194, '2023-03-22', 'FT', 3419, '22,24,24,17,None,87', 1317, '28,23,21,24,None,96'),
(188553, 194, '2023-03-21', 'FT', 1615, '11,16,23,19,None,69', 2333, '24,24,20,26,None,94'),
(188554, 194, '2023-03-21', 'FT', 717, '24,28,17,15,None,84', 1800, '16,20,21,25,None,82'),
(188555, 194, '2023-03-28', 'FT', 1267, '16,24,28,18,None,86', 717, '19,11,24,22,None,76'),
(188556, 194, '2023-03-29', 'FT', 1800, '17,27,13,18,None,75', 24, '20,15,29,24,None,88'),
(188557, 194, '2023-03-29', 'FT', 2333, '22,19,28,17,None,86', 529, '13,20,20,20,None,73'),
(188558, 194, '2023-03-28', 'FT', 682, '28,31,17,32,None,108', 617, '19,12,21,17,None,69'),
(188559, 194, '2023-03-29', 'FT', 2334, '22,15,27,17,None,81', 790, '9,19,14,18,None,60'),
(188560, 194, '2023-03-28', 'FT', 108, '19,30,17,19,None,85', 1329, '29,20,25,22,None,96'),
(188561, 194, '2023-03-29', 'FT', 1317, '33,13,28,19,None,93', 731, '18,25,18,15,None,76'),
(188562, 194, '2023-03-29', 'FT', 727, '19,10,20,23,None,72', 914, '9,18,17,17,None,61'),
(188563, 194, '2023-03-29', 'FT', 1277, '19,20,22,16,None,77', 1615, '19,11,15,27,None,72'),
(188564, 194, '2023-03-29', 'FT', 533, '23,22,17,29,None,91', 3419, '15,17,21,18,None,71'),
(188807, 120, '2023-01-05', 'FT', 796, '21,20,26,19,None,86', 1270, '15,15,10,26,None,66'),
(188808, 120, '2023-01-05', 'FT', 519, '27,27,23,8,None,85', 2331, '20,28,19,17,None,84'),
(188809, 120, '2023-01-05', 'FT', 2329, '15,24,18,18,None,75', 732, '26,16,18,23,None,83'),
(188810, 120, '2023-01-05', 'FT', 522, '21,22,18,23,None,84', 614, '11,17,16,24,None,68'),
(188811, 120, '2023-01-05', 'FT', 1068, '26,22,21,31,None,100', 16, '17,30,21,12,None,80'),
(188812, 120, '2023-01-06', 'FT', 1263, '17,12,23,26,None,78', 26, '19,17,22,14,None,72'),
(188813, 120, '2023-01-06', 'FT', 1542, '27,17,15,23,None,82', 722, '15,23,6,22,None,66'),
(188814, 120, '2023-01-06', 'FT', 2341, '19,23,16,17,None,75', 1065, '24,23,14,16,None,77'),
(188815, 120, '2023-01-06', 'FT', 2338, '22,29,27,20,None,98', 687, '7,27,15,16,None,65'),
(188816, 120, '2023-01-10', 'FT', 1065, '16,18,17,8,None,59', 2338, '25,13,19,22,None,79'),
(188817, 120, '2023-01-10', 'FT', 16, '8,23,15,18,None,64', 1542, '20,14,8,18,None,60'),
(188818, 120, '2023-01-10', 'FT', 519, '20,25,15,23,None,83', 722, '12,21,18,12,None,63'),
(188819, 120, '2023-01-10', 'AOT', 614, '19,20,20,19,10,88', 1270, '18,18,15,27,16,94'),
(188820, 120, '2023-01-10', 'FT', 522, '34,18,23,17,None,92', 2331, '24,20,16,19,None,79'),
(188821, 120, '2023-01-10', 'FT', 732, '13,23,24,17,None,77', 796, '24,16,20,27,None,87'),
(188822, 120, '2023-01-11', 'FT', 26, '15,18,27,15,None,75', 2329, '11,31,21,19,None,82'),
(188823, 120, '2023-01-11', 'FT', 687, '24,22,18,26,None,90', 1068, '13,26,14,28,None,81'),
(188824, 120, '2023-01-11', 'FT', 2341, '16,15,21,29,None,81', 1263, '13,17,26,15,None,71'),
(188825, 120, '2023-01-12', 'FT', 1270, '19,27,21,12,None,79', 522, '18,21,10,22,None,71'),
(188826, 120, '2023-01-12', 'FT', 1065, '23,31,18,20,None,92', 16, '15,21,14,18,None,68'),
(188827, 120, '2023-01-12', 'FT', 519, '12,23,24,18,None,77', 2338, '25,21,20,18,None,84'),
(188828, 120, '2023-01-12', 'FT', 732, '22,16,15,30,None,83', 1542, '22,20,21,22,None,85'),
(188829, 120, '2023-01-13', 'FT', 26, '16,21,23,19,None,79', 2341, '22,30,10,21,None,83'),
(188830, 120, '2023-01-13', 'FT', 614, '24,21,20,23,None,88', 687, '17,20,21,28,None,86'),
(188831, 120, '2023-01-13', 'FT', 1068, '29,18,20,16,None,83', 2331, '17,19,14,15,None,65'),
(188832, 120, '2023-01-13', 'FT', 722, '9,18,13,21,None,61', 796, '19,18,22,7,None,66'),
(188833, 120, '2023-01-13', 'FT', 2329, '9,19,20,27,None,75', 1263, '21,18,23,18,None,80'),
(188834, 120, '2023-01-19', 'AOT', 1270, '20,19,21,24,14,98', 16, '20,27,13,24,10,94'),
(188835, 120, '2023-01-19', 'FT', 687, '25,13,25,24,None,87', 519, '10,18,22,24,None,74'),
(188836, 120, '2023-01-19', 'FT', 2331, '28,12,23,15,None,78', 2329, '28,19,17,21,None,85'),
(188837, 120, '2023-01-19', 'FT', 732, '18,25,12,19,None,74', 614, '11,19,21,13,None,64'),
(188838, 120, '2023-01-19', 'FT', 2341, '27,20,22,20,None,89', 1068, '18,19,21,23,None,81'),
(188839, 120, '2023-01-20', 'FT', 1263, '21,19,24,17,None,81', 522, '24,12,23,30,None,89'),
(188840, 120, '2023-01-20', 'FT', 796, '20,18,12,21,None,71', 1065, '14,16,26,10,None,66'),
(188841, 120, '2023-01-20', 'FT', 1542, '19,17,18,19,None,73', 2338, '15,13,16,16,None,60'),
(188842, 120, '2023-01-20', 'FT', 722, '17,20,20,16,None,73', 26, '19,23,15,22,None,79'),
(188843, 120, '2023-01-26', 'FT', 519, '25,22,21,20,None,88', 2341, '24,26,17,27,None,94'),
(188844, 120, '2023-01-26', 'FT', 26, '25,23,23,20,None,91', 1270, '12,21,22,22,None,77'),
(188845, 120, '2023-01-26', 'FT', 614, '19,8,37,25,None,89', 796, '24,18,16,7,None,65'),
(188846, 120, '2023-01-26', 'AOT', 2338, '16,16,18,23,18,91', 2329, '20,19,20,14,13,86'),
(188847, 120, '2023-01-27', 'FT', 1065, '18,19,17,24,None,78', 1068, '20,25,12,22,None,79'),
(188848, 120, '2023-01-26', 'FT', 16, '29,28,23,21,None,101', 722, '22,28,24,14,None,88'),
(188849, 120, '2023-01-27', 'FT', 1542, '24,27,20,24,None,95', 687, '25,11,28,25,None,89'),
(188850, 120, '2023-01-27', 'AOT', 2331, '29,19,22,28,16,114', 1263, '28,23,26,21,13,111'),
(188851, 120, '2023-01-27', 'FT', 522, '22,21,23,25,None,91', 732, '18,20,17,29,None,84'),
(188852, 120, '2023-01-31', 'FT', 1270, '10,20,21,22,None,73', 1542, '24,27,26,16,None,93'),
(188853, 120, '2023-01-31', 'FT', 2329, '20,21,21,21,None,83', 687, '15,22,30,11,None,78'),
(188854, 120, '2023-01-31', 'FT', 722, '18,22,22,27,None,89', 2331, '17,17,26,23,None,83'),
(188855, 120, '2023-01-31', 'FT', 1068, '25,25,26,16,None,92', 26, '16,20,15,20,None,71'),
(188856, 120, '2023-01-31', 'FT', 2341, '16,17,28,21,None,82', 522, '14,18,24,17,None,73'),
(188857, 120, '2023-01-31', 'FT', 732, '30,18,22,14,None,84', 1065, '14,21,16,21,None,72'),
(188858, 120, '2023-02-01', 'FT', 1263, '16,22,17,25,None,80', 796, '16,12,21,21,None,70'),
(188859, 120, '2023-02-01', 'FT', 519, '24,12,18,30,None,84', 16, '22,29,22,29,None,102'),
(188860, 120, '2023-02-01', 'FT', 2338, '26,22,20,15,None,83', 614, '14,16,27,11,None,68'),
(188861, 120, '2023-02-02', 'FT', 2341, '28,27,23,15,None,93', 687, '24,21,34,15,None,94'),
(188862, 120, '2023-02-02', 'FT', 722, '22,23,14,15,None,74', 1065, '18,14,17,19,None,68'),
(188863, 120, '2023-02-02', 'FT', 2329, '21,13,17,21,None,72', 522, '14,19,14,23,None,70'),
(188864, 120, '2023-02-03', 'FT', 1270, '31,26,24,20,None,101', 519, '27,20,14,25,None,86'),
(188865, 120, '2023-02-03', 'FT', 16, '20,26,25,20,None,91', 2338, '24,26,20,25,None,95'),
(188866, 120, '2023-02-03', 'FT', 796, '15,15,24,20,None,74', 1068, '26,21,14,27,None,88'),
(188867, 120, '2023-02-03', 'FT', 26, '14,23,11,16,None,64', 732, '21,18,16,22,None,77'),
(188868, 120, '2023-02-03', 'FT', 1542, '22,19,18,17,None,76', 1263, '13,18,21,18,None,70'),
(188869, 120, '2023-02-03', 'FT', 2331, '21,31,24,19,None,95', 614, '23,15,27,25,None,90'),
(188870, 120, '2023-03-21', 'FT', 1270, '18,17,17,23,None,75', 722, '23,14,24,21,None,82'),
(188871, 120, '2023-02-08', 'FT', 519, '13,22,10,15,None,60', 1542, '28,17,28,20,None,93'),
(188872, 120, '2023-02-09', 'FT', 687, '18,16,21,31,None,86', 1065, '18,26,25,20,None,89'),
(188873, 120, '2023-02-09', 'FT', 522, '19,14,12,26,None,71', 1068, '19,20,21,22,None,82'),
(188874, 120, '2023-02-09', 'FT', 732, '17,10,12,36,None,75', 2329, '22,25,27,18,None,92'),
(188875, 120, '2023-03-14', 'FT', 1263, '18,24,35,13,None,90', 2338, '24,15,21,29,None,89'),
(188876, 120, '2023-02-10', 'FT', 16, '28,22,17,20,None,87', 26, '21,19,23,12,None,75'),
(188877, 120, '2023-02-10', 'FT', 796, '20,18,23,18,None,79', 2331, '18,24,18,15,None,75'),
(188878, 120, '2023-02-10', 'FT', 614, '26,23,19,23,None,91', 2341, '21,21,27,23,None,92'),
(188879, 120, '2023-02-23', 'FT', 687, '18,21,22,29,None,90', 522, '18,26,23,15,None,82'),
(188880, 120, '2023-02-23', 'FT', 1068, '22,24,23,25,None,94', 1270, '22,25,21,29,None,97'),
(188881, 120, '2023-02-23', 'FT', 722, '20,20,24,14,None,78', 614, '21,18,21,16,None,76'),
(188882, 120, '2023-02-23', 'FT', 2338, '22,31,23,20,None,96', 796, '24,14,14,17,None,69'),
(188883, 120, '2023-02-24', 'FT', 1065, '25,19,17,11,None,72', 519, '15,24,21,27,None,87'),
(188884, 120, '2023-02-24', 'FT', 26, '18,31,12,28,None,89', 1263, '23,22,27,18,None,90'),
(188885, 120, '2023-02-24', 'FT', 2341, '25,20,13,27,None,85', 1542, '15,20,30,27,None,92'),
(188886, 120, '2023-02-24', 'FT', 732, '16,28,24,20,None,88', 2331, '19,22,21,21,None,83'),
(188887, 120, '2023-02-24', 'FT', 2329, '24,26,15,15,None,80', 16, '18,21,18,13,None,70'),
(188888, 120, '2023-03-02', 'FT', 16, '30,9,19,28,None,86', 687, '17,19,23,8,None,67'),
(188889, 120, '2023-03-02', 'FT', 614, '21,19,14,28,None,82', 1263, '18,25,21,23,None,87'),
(188890, 120, '2023-03-02', 'FT', 2329, '19,27,31,16,None,93', 796, '17,19,18,20,None,74'),
(188891, 120, '2023-03-02', 'FT', 522, '19,22,11,35,None,87', 1065, '23,15,18,24,None,80'),
(188892, 120, '2023-03-03', 'FT', 1270, '31,27,27,19,None,104', 732, '14,15,23,20,None,72'),
(188893, 120, '2023-03-03', 'FT', 26, '10,22,22,17,None,71', 2338, '20,27,16,12,None,75'),
(188894, 120, '2023-03-03', 'FT', 2331, '27,30,24,33,None,114', 2341, '24,24,16,11,None,75'),
(188895, 120, '2023-03-03', 'FT', 722, '20,15,26,22,None,83', 1542, '17,15,14,16,None,62'),
(188896, 120, '2023-03-02', 'FT', 1068, '20,22,35,11,None,88', 519, '19,25,9,21,None,74'),
(188897, 120, '2023-03-07', 'FT', 519, '14,13,18,18,None,63', 796, '15,18,11,22,None,66'),
(188898, 120, '2023-03-07', 'FT', 1542, '11,18,21,27,None,77', 2329, '20,7,18,25,None,70'),
(188899, 120, '2023-03-07', 'FT', 732, '26,21,16,16,None,79', 1068, '28,17,20,23,None,88'),
(188900, 120, '2023-03-07', 'FT', 2341, '21,21,13,29,None,84', 722, '17,22,26,23,None,88'),
(188901, 120, '2023-03-07', 'FT', 522, '21,17,15,23,None,76', 26, '19,17,14,22,None,72'),
(188902, 120, '2023-03-07', 'FT', 2338, '22,21,22,16,None,81', 2331, '17,23,22,23,None,85'),
(188903, 120, '2023-03-08', 'FT', 1065, '20,29,19,26,None,94', 1263, '25,20,22,8,None,75'),
(188904, 120, '2023-03-08', 'FT', 16, '21,21,22,20,None,84', 614, '17,19,21,13,None,70'),
(188905, 120, '2023-03-08', 'FT', 687, '17,26,18,17,None,78', 1270, '25,14,17,18,None,74'),
(188906, 120, '2023-03-09', 'FT', 796, '16,31,18,20,None,85', 26, '22,15,13,17,None,67'),
(188907, 120, '2023-03-09', 'FT', 1542, '26,29,26,21,None,102', 522, '12,23,30,9,None,74'),
(188908, 120, '2023-03-09', 'FT', 722, '13,17,19,27,None,76', 1068, '19,10,17,16,None,62'),
(188909, 120, '2023-03-09', 'FT', 2338, '24,25,22,24,None,95', 2341, '20,20,25,26,None,91'),
(188910, 120, '2023-03-10', 'FT', 1263, '20,13,15,16,None,64', 687, '33,21,14,18,None,86'),
(188911, 120, '2023-03-10', 'FT', 1270, '18,19,24,20,None,81', 2329, '30,10,16,17,None,73'),
(188912, 120, '2023-03-09', 'FT', 519, '14,19,26,15,None,74', 732, '22,27,28,19,None,96'),
(188913, 120, '2023-03-10', 'FT', 614, '9,20,23,23,None,75', 1065, '17,25,13,11,None,66'),
(188914, 120, '2023-03-10', 'FT', 2331, '28,19,26,20,None,93', 16, '23,29,22,28,None,102'),
(188915, 120, '2023-03-16', 'FT', 1263, '23,14,27,20,None,84', 1068, '11,28,24,34,None,97'),
(188916, 120, '2023-03-16', 'FT', 16, '21,20,22,18,None,81', 732, '22,15,16,15,None,68'),
(188917, 120, '2023-03-16', 'FT', 796, '17,17,15,23,None,72', 1542, '15,25,21,13,None,74'),
(188918, 120, '2023-03-16', 'FT', 687, '29,20,23,21,None,93', 2331, '23,22,20,14,None,79'),
(188919, 120, '2023-03-16', 'FT', 2338, '24,18,25,24,None,91', 722, '23,17,26,21,None,87'),
(188920, 120, '2023-03-16', 'FT', 26, '26,17,19,20,None,82', 614, '20,32,18,16,None,86'),
(188921, 120, '2023-03-17', 'FT', 2329, '18,22,17,28,None,85', 1065, '15,21,21,22,None,79'),
(188922, 120, '2023-03-17', 'FT', 522, '14,23,21,17,None,75', 519, '20,18,18,20,None,76'),
(188923, 120, '2023-03-16', 'FT', 2341, '22,21,18,21,None,82', 1270, '21,21,18,20,None,80'),
(188924, 120, '2023-03-23', 'FT', 1065, '21,18,18,17,None,74', 2331, '26,12,11,14,None,63'),
(188925, 120, '2023-03-23', 'FT', 519, '24,25,19,27,None,95', 1263, '21,19,27,26,None,93'),
(188926, 120, '2023-03-23', 'FT', 26, '22,21,16,8,None,67', 687, '22,24,22,17,None,85'),
(188927, 120, '2023-03-23', 'FT', 614, '25,11,24,14,None,74', 2329, '22,21,25,20,None,88'),
(188928, 120, '2023-03-24', 'FT', 1270, '22,24,19,22,None,87', 796, '16,19,20,24,None,79'),
(188929, 120, '2023-03-24', 'FT', 16, '22,26,23,19,None,90', 2341, '22,19,23,15,None,79'),
(188930, 120, '2023-03-24', 'FT', 722, '25,24,23,27,None,99', 522, '8,28,18,20,None,74'),
(188931, 120, '2023-03-24', 'FT', 1068, '27,21,12,30,None,90', 1542, '22,12,18,23,None,75'),
(188932, 120, '2023-03-24', 'FT', 732, '12,21,25,21,None,79', 2338, '26,24,18,28,None,96'),
(188933, 120, '2023-03-28', 'FT', 1263, '22,25,21,21,None,89', 722, '16,16,16,21,None,69'),
(188934, 120, '2023-03-28', 'FT', 614, '21,27,23,15,None,86', 522, '27,16,11,22,None,76'),
(188935, 120, '2023-03-28', 'FT', 687, '28,34,25,24,None,111', 732, '13,20,20,27,None,80'),
(188936, 120, '2023-03-28', 'FT', 1068, '21,24,13,22,None,80', 2329, '25,19,22,23,None,89'),
(188937, 120, '2023-03-28', 'FT', 2331, '25,19,24,25,None,93', 519, '24,24,19,20,None,87'),
(188938, 120, '2023-03-29', 'FT', 1065, '20,26,23,23,None,92', 2341, '21,20,21,11,None,73'),
(188939, 120, '2023-03-29', 'FT', 796, '28,20,17,14,None,79', 16, '19,22,12,17,None,70'),
(188940, 120, '2023-03-29', 'FT', 1542, '22,15,19,25,None,81', 26, '13,16,10,16,None,55'),
(188941, 120, '2023-03-29', 'FT', 2338, '24,25,19,22,None,90', 1270, '21,23,14,17,None,75'),
(188942, 120, '2023-03-30', 'FT', 1263, '13,23,24,26,None,86', 732, '13,14,11,29,None,67'),
(188943, 120, '2023-03-30', 'FT', 687, '29,24,13,19,None,85', 722, '21,15,20,10,None,66'),
(188944, 120, '2023-03-30', 'FT', 2329, '19,15,16,22,None,72', 519, '21,14,7,14,None,56'),
(188945, 120, '2023-03-31', 'FT', 796, '21,31,25,18,None,95', 2341, '16,24,15,19,None,74'),
(188946, 120, '2023-03-31', 'FT', 1542, '16,17,24,24,None,81', 614, '17,21,10,25,None,73'),
(188947, 120, '2023-03-31', 'FT', 26, '19,23,11,7,None,60', 1065, '17,20,19,20,None,76'),
(188948, 120, '2023-03-31', 'FT', 2331, '25,13,22,32,None,92', 1270, '27,17,14,11,None,69'),
(188949, 120, '2023-03-31', 'FT', 522, '22,18,20,21,None,81', 16, '23,22,12,27,None,84'),
(188950, 120, '2023-03-31', 'FT', 1068, '21,28,29,26,None,104', 2338, '23,15,34,18,None,90'),
(188951, 120, '2023-04-06', 'FT', 1065, '26,19,20,22,None,87', 1542, '30,17,12,20,None,79'),
(188952, 120, '2023-04-06', 'FT', 1270, '23,25,24,31,None,103', 1263, '17,23,24,22,None,86'),
(188953, 120, '2023-04-06', 'FT', 2331, '32,23,33,32,None,120', 26, '24,27,24,25,None,100'),
(188954, 120, '2023-04-06', 'FT', 2341, '17,23,18,21,None,79', 732, '19,19,19,11,None,68'),
(188955, 120, '2023-04-06', 'FT', 2338, '19,21,16,23,None,79', 522, '13,23,8,23,None,67'),
(188956, 120, '2023-04-07', 'FT', 16, '22,13,21,28,None,84', 1068, '18,24,20,26,None,88'),
(188957, 120, '2023-04-06', 'FT', 796, '17,25,14,12,None,68', 687, '17,28,7,15,None,67'),
(188958, 120, '2023-04-07', 'FT', 614, '17,25,26,16,None,84', 519, '25,24,17,22,None,88'),
(188959, 120, '2023-04-07', 'FT', 722, '18,21,19,26,None,84', 2329, '21,15,12,28,None,76'),
(188960, 120, '2023-04-13', 'AOT', 1065, '15,26,16,22,12,91', 1270, '21,18,18,22,10,89'),
(188961, 120, '2023-04-13', 'FT', 519, '20,18,27,23,None,88', 26, '16,20,18,17,None,71'),
(188962, 120, '2023-04-13', 'FT', 1542, '19,26,21,20,None,86', 2331, '11,22,22,23,None,78'),
(188963, 120, '2023-04-13', 'AOT', 687, '16,21,28,21,14,100', 2338, '18,24,20,24,10,96'),
(188964, 120, '2023-04-13', 'FT', 732, '22,17,26,24,None,89', 722, '26,21,21,16,None,84'),
(189121, 2, '2023-01-05', 'FT', 19, '21,17,35,15,None,88', 27, '20,24,18,25,None,87'),
(189144, 2, '2023-01-09', 'FT', 5235, '24,20,20,20,None,84', 26, '20,21,24,18,None,83'),
(189145, 2, '2023-01-07', 'FT', 21, '26,16,20,16,None,78', 18, '29,18,14,23,None,84'),
(189146, 2, '2023-01-07', 'FT', 27, '16,12,21,27,None,76', 24, '30,9,8,21,None,68'),
(189147, 2, '2023-01-07', 'FT', 25, '30,23,23,15,None,91', 19, '22,20,18,23,None,83'),
(189148, 2, '2023-01-08', 'FT', 23, '24,23,23,30,None,100', 95, '28,13,32,12,None,85'),
(189149, 2, '2023-01-08', 'FT', 17, '18,16,20,25,None,79', 11, '21,11,20,21,None,73'),
(189150, 2, '2023-01-06', 'FT', 110, '21,14,18,12,None,65', 108, '14,24,18,16,None,72'),
(189151, 2, '2023-01-07', 'FT', 10, '27,28,19,16,None,90', 100, '28,25,16,15,None,84'),
(189152, 2, '2023-01-15', 'FT', 18, '24,27,21,16,None,88', 16, '26,15,27,21,None,89'),
(189153, 2, '2023-01-15', 'FT', 10, '28,22,19,25,None,94', 5235, '21,38,15,29,None,103'),
(189154, 2, '2023-01-14', 'FT', 24, '26,14,16,13,None,69', 110, '14,10,24,20,None,68'),
(189155, 2, '2023-01-14', 'FT', 27, '17,16,27,33,None,93', 21, '31,27,22,25,None,105'),
(189156, 2, '2023-01-16', 'FT', 26, '29,16,22,24,None,91', 23, '27,29,15,24,None,95'),
(189157, 2, '2023-01-14', 'FT', 100, '21,22,20,19,None,82', 17, '15,16,18,6,None,55'),
(189158, 2, '2023-01-15', 'FT', 108, '29,26,26,34,None,115', 25, '22,20,23,19,None,84'),
(189159, 2, '2023-01-13', 'FT', 19, '20,16,25,18,None,79', 11, '20,16,19,13,None,68'),
(189160, 2, '2023-01-21', 'FT', 21, '24,13,19,12,None,68', 10, '28,29,12,19,None,88'),
(189161, 2, '2023-01-21', 'FT', 25, '21,22,31,18,None,92', 23, '21,26,15,27,None,89'),
(189162, 2, '2023-01-22', 'FT', 108, '19,19,19,12,None,69', 26, '19,20,23,24,None,86'),
(189163, 2, '2023-01-21', 'FT', 18, '18,26,18,24,None,86', 95, '22,23,17,20,None,82'),
(189164, 2, '2023-01-22', 'FT', 16, '14,25,20,24,None,83', 100, '17,23,23,16,None,79'),
(189165, 2, '2023-01-21', 'FT', 17, '19,19,18,17,None,73', 24, '13,13,23,20,None,69'),
(189166, 2, '2023-01-18', 'FT', 110, '21,10,30,21,None,82', 5235, '30,22,16,15,None,83'),
(189167, 2, '2023-01-20', 'FT', 11, '23,21,20,20,None,84', 27, '12,17,17,22,None,68'),
(189168, 2, '2023-01-28', 'FT', 10, '20,17,34,28,None,99', 108, '27,31,13,17,None,88'),
(189169, 2, '2023-01-27', 'FT', 110, '14,15,25,23,None,77', 95, '12,15,23,23,None,73'),
(189170, 2, '2023-01-27', 'FT', 5235, '22,25,19,18,None,84', 19, '30,26,18,28,None,102'),
(189171, 2, '2023-01-28', 'FT', 27, '21,23,15,19,None,78', 17, '17,12,18,14,None,61'),
(189172, 2, '2023-01-29', 'FT', 26, '16,18,11,18,None,63', 16, '16,18,15,23,None,72'),
(189173, 2, '2023-01-28', 'FT', 100, '25,24,18,16,None,83', 18, '19,16,24,21,None,80'),
(189174, 2, '2023-01-28', 'FT', 21, '15,15,26,27,None,83', 11, '22,17,24,24,None,87'),
(189175, 2, '2023-01-29', 'FT', 25, '28,15,29,17,None,89', 24, '23,26,15,16,None,80'),
(189176, 2, '2023-02-05', 'FT', 26, '26,26,21,26,None,99', 10, '15,9,22,14,None,60'),
(189177, 2, '2023-02-03', 'FT', 19, '27,28,29,14,None,98', 100, '24,22,23,26,None,95'),
(189178, 2, '2023-02-05', 'FT', 16, '24,29,26,24,None,103', 108, '21,21,19,20,None,81'),
(189179, 2, '2023-02-04', 'FT', 24, '23,18,29,28,None,98', 27, '13,30,10,22,None,75'),
(189180, 2, '2023-02-03', 'FT', 11, '20,23,21,18,None,82', 25, '14,23,15,19,None,71'),
(189181, 2, '2023-02-03', 'FT', 17, '20,16,25,32,None,93', 21, '13,10,16,17,None,56'),
(189182, 2, '2023-02-04', 'FT', 18, '21,26,19,17,None,83', 23, '36,24,26,17,None,103'),
(189183, 2, '2023-02-04', 'FT', 95, '17,25,15,21,None,78', 5235, '21,22,17,17,None,77'),
(189184, 2, '2023-02-11', 'FT', 95, '21,20,25,23,None,89', 17, '27,20,23,22,None,92'),
(189185, 2, '2023-02-12', 'FT', 24, '22,32,22,14,None,90', 16, '33,27,12,16,None,88'),
(189186, 2, '2023-04-04', 'FT', 23, '29,9,30,11,None,79', 26, '14,22,22,22,None,80'),
(189187, 2, '2023-02-10', 'FT', 5235, '17,25,24,27,None,93', 10, '32,19,19,16,None,86'),
(189188, 2, '2023-02-11', 'FT', 100, '21,19,19,20,None,79', 11, '17,16,18,22,None,73'),
(189189, 2, '2023-02-11', 'FT', 21, '25,22,18,22,None,87', 27, '18,17,19,16,None,70'),
(189190, 2, '2023-02-10', 'AOT', 19, '24,20,27,10,8,89', 110, '28,21,11,21,12,93'),
(189191, 2, '2023-02-11', 'FT', 25, '30,16,23,21,None,90', 18, '29,22,26,15,None,92'),
(189192, 2, '2023-03-04', 'FT', 27, '22,16,18,26,None,82', 100, '17,22,16,21,None,76'),
(189193, 2, '2023-03-05', 'FT', 16, '25,21,30,32,None,108', 21, '25,11,29,22,None,87'),
(189194, 2, '2023-03-05', 'FT', 26, '22,27,10,19,None,78', 25, '18,24,21,9,None,72'),
(189195, 2, '2023-03-04', 'FT', 17, '18,18,16,24,None,76', 108, '18,24,24,20,None,86'),
(189196, 2, '2023-03-04', 'FT', 11, '25,12,21,26,None,84', 19, '23,25,23,24,None,95'),
(189197, 2, '2023-03-03', 'FT', 110, '18,22,17,14,None,71', 23, '30,13,10,15,None,68'),
(189198, 2, '2023-03-04', 'FT', 10, '23,27,22,19,None,91', 95, '15,19,19,24,None,77'),
(189199, 2, '2023-03-04', 'FT', 18, '25,30,17,27,None,99', 24, '20,23,23,22,None,88'),
(189200, 2, '2023-03-10', 'FT', 10, '15,31,23,26,None,95', 110, '31,16,21,29,None,97'),
(189201, 2, '2023-03-11', 'FT', 24, '26,20,26,29,None,101', 95, '11,13,15,18,None,57'),
(189202, 2, '2023-03-11', 'FT', 23, '32,28,31,17,None,108', 17, '22,24,12,28,None,86'),
(189203, 2, '2023-03-10', 'FT', 5235, '22,30,22,19,None,93', 100, '17,18,22,30,None,87'),
(189204, 2, '2023-03-11', 'FT', 27, '19,12,23,11,None,65', 18, '28,24,25,5,None,82'),
(189205, 2, '2023-03-12', 'FT', 21, '15,24,10,12,None,61', 26, '19,24,26,13,None,82'),
(189206, 2, '2023-03-12', 'FT', 19, '17,23,20,14,None,74', 16, '25,19,22,19,None,85'),
(189207, 2, '2023-03-11', 'FT', 25, '19,26,26,25,None,96', 108, '23,22,20,11,None,76'),
(189208, 2, '2023-03-21', 'FT', 16, '27,23,19,30,None,99', 11, '21,11,20,26,None,78'),
(189209, 2, '2023-03-17', 'FT', 108, '17,24,23,21,None,85', 21, '18,19,18,24,None,79'),
(189210, 2, '2023-04-18', 'FT', 100, '12,21,23,22,None,78', 10, '27,18,25,21,None,91'),
(189211, 2, '2023-04-12', 'FT', 23, '16,25,15,21,None,77', 27, '18,16,17,20,None,71'),
(189212, 2, '2023-03-14', 'FT', 26, '20,27,23,16,None,86', 5235, '12,22,15,20,None,69'),
(189213, 2, '2023-03-21', 'FT', 17, '26,22,25,19,None,92', 18, '8,21,30,19,None,78'),
(189214, 2, '2023-04-23', 'FT', 110, '21,18,25,23,None,87', 25, '23,16,16,10,None,65'),
(189215, 2, '2023-03-17', 'FT', 95, '22,21,35,18,None,96', 19, '22,27,18,18,None,85'),
(189216, 2, '2023-03-25', 'FT', 18, '20,15,11,17,None,63', 108, '19,19,30,11,None,79'),
(189217, 2, '2023-03-25', 'FT', 110, '22,14,20,18,None,74', 26, '12,29,23,16,None,80'),
(189218, 2, '2023-03-26', 'FT', 24, '20,12,14,23,None,69', 10, '15,20,16,24,None,75'),
(189219, 2, '2023-03-24', 'FT', 11, '22,19,10,27,None,78', 5235, '20,21,23,13,None,77'),
(189220, 2, '2023-03-26', 'FT', 27, '18,23,14,28,None,83', 16, '21,21,19,15,None,76'),
(189221, 2, '2023-03-25', 'FT', 21, '24,19,22,16,None,81', 100, '16,23,20,16,None,75'),
(189222, 2, '2023-03-24', 'FT', 19, '31,20,31,23,None,105', 23, '18,20,37,17,None,92'),
(189223, 2, '2023-03-25', 'FT', 25, '26,20,18,26,None,90', 17, '20,26,13,32,None,91'),
(189224, 2, '2023-03-28', 'FT', 5235, '19,21,21,28,None,89', 23, '19,22,14,28,None,83'),
(189225, 2, '2023-04-05', 'FT', 108, '27,22,22,29,None,100', 110, '24,23,25,25,None,97'),
(189226, 2, '2023-05-03', 'FT', 26, '25,29,22,22,None,98', 18, '14,18,19,18,None,69'),
(189227, 2, '2023-04-20', 'AOT', 16, '19,20,23,25,2,89', 25, '29,25,13,20,11,98'),
(189228, 2, '2023-04-04', 'FT', 24, '23,17,17,19,None,76', 11, '14,24,8,25,None,71'),
(189229, 2, '2023-03-28', 'FT', 10, '16,19,19,21,None,75', 27, '15,15,25,14,None,69'),
(189230, 2, '2023-03-28', 'FT', 95, '9,21,22,23,None,75', 100, '29,13,14,22,None,78'),
(189231, 2, '2023-03-28', 'FT', 17, '33,20,18,25,None,96', 19, '19,27,29,26,None,101'),
(189232, 2, '2023-04-01', 'FT', 18, '22,31,12,15,None,80', 21, '22,16,20,28,None,86'),
(189233, 2, '2023-03-31', 'FT', 110, '17,17,17,12,None,63', 17, '15,21,21,12,None,69'),
(189234, 2, '2023-04-01', 'FT', 23, '27,21,26,22,None,96', 10, '19,25,26,11,None,81'),
(189235, 2, '2023-03-31', 'FT', 11, '18,18,13,35,None,84', 108, '21,12,17,21,None,71'),
(189236, 2, '2023-04-02', 'FT', 26, '30,23,28,15,None,96', 19, '25,18,18,17,None,78'),
(189237, 2, '2023-04-02', 'FT', 16, '20,20,22,25,None,87', 5235, '24,13,17,14,None,68'),
(189238, 2, '2023-04-01', 'FT', 100, '15,20,22,25,None,82', 24, '28,20,28,20,None,96'),
(189239, 2, '2023-04-01', 'FT', 25, '13,26,16,30,None,85', 95, '29,18,25,23,None,95'),
(189240, 2, '2023-04-08', 'FT', 21, '18,29,17,29,None,93', 110, '31,22,15,20,None,88'),
(189241, 2, '2023-04-07', 'FT', 19, '26,26,21,35,None,108', 24, '24,32,24,31,None,111'),
(189242, 2, '2023-04-09', 'FT', 108, '27,26,12,23,None,88', 27, '19,7,27,28,None,81'),
(189243, 2, '2023-04-08', 'FT', 5235, '26,23,24,20,None,93', 25, '24,17,21,18,None,80'),
(189244, 2, '2023-04-08', 'FT', 100, '28,28,20,24,None,100', 23, '15,24,19,22,None,80'),
(189245, 2, '2023-04-09', 'FT', 17, '15,22,17,20,None,74', 26, '15,22,12,19,None,68'),
(189246, 2, '2023-04-08', 'FT', 10, '23,20,26,33,None,102', 18, '11,23,23,25,None,82'),
(189247, 2, '2023-04-08', 'FT', 95, '17,17,21,19,None,74', 11, '19,20,20,20,None,79'),
(189248, 2, '2023-04-15', 'FT', 95, '12,23,22,15,None,72', 23, '21,16,17,14,None,68'),
(189249, 2, '2023-04-13', 'FT', 18, '18,24,19,20,None,81', 19, '19,19,18,18,None,74'),
(189250, 2, '2023-04-15', 'FT', 24, '23,27,27,16,None,93', 21, '19,17,21,24,None,81'),
(189251, 2, '2023-04-15', 'FT', 27, '14,22,26,22,None,84', 5235, '21,26,15,21,None,83'),
(189252, 2, '2023-04-16', 'FT', 26, '18,20,30,18,None,86', 11, '20,16,16,16,None,68'),
(189253, 2, '2023-04-16', 'FT', 16, '24,22,29,23,None,98', 110, '20,26,13,24,None,83'),
(189254, 2, '2023-04-15', 'FT', 108, '19,27,31,22,None,99', 100, '33,18,20,20,None,91'),
(189255, 2, '2023-04-15', 'FT', 25, '17,27,30,19,None,93', 10, '20,23,17,15,None,75'),
(189256, 2, '2023-04-25', 'FT', 11, '14,22,15,25,None,76', 17, '20,19,27,13,None,79'),
(189257, 2, '2023-04-25', 'FT', 19, '23,14,17,30,None,84', 21, '25,16,20,24,None,85'),
(189258, 2, '2023-04-25', 'FT', 27, '17,17,20,25,None,79', 95, '25,21,23,29,None,98'),
(189259, 2, '2023-04-25', 'FT', 100, '19,24,19,18,None,80', 25, '20,23,11,18,None,72'),
(189260, 2, '2023-04-25', 'FT', 23, '26,18,23,30,None,97', 108, '25,22,19,24,None,90'),
(189261, 2, '2023-04-12', 'FT', 10, '15,15,12,23,None,65', 16, '22,19,23,16,None,80'),
(189262, 2, '2023-05-12', 'FT', 18, '25,16,17,11,None,69', 5235, '18,13,18,19,None,68'),
(189263, 2, '2023-04-26', 'FT', 110, '17,22,20,16,None,75', 24, '20,23,17,26,None,86'),
(189264, 2, '2023-05-02', 'FT', 24, '21,22,21,22,None,86', 23, '24,18,21,18,None,81'),
(189265, 2, '2023-04-29', 'FT', 11, '22,26,17,32,None,97', 110, '15,8,28,19,None,70'),
(189266, 2, '2023-04-30', 'FT', 5235, '23,14,23,20,None,80', 17, '21,12,20,15,None,68'),
(189267, 2, '2023-04-29', 'FT', 27, '20,14,17,25,None,76', 25, '24,18,26,25,None,93'),
(189268, 2, '2023-04-30', 'FT', 16, '21,23,27,23,None,94', 18, '27,22,16,21,None,86'),
(189269, 2, '2023-04-30', 'FT', 100, '17,19,26,21,None,83', 26, '16,22,19,27,None,84'),
(189270, 2, '2023-04-29', 'FT', 21, '21,19,20,18,None,78', 95, '19,15,20,16,None,70'),
(189271, 2, '2023-04-29', 'FT', 108, '34,35,28,23,None,120', 19, '27,21,23,36,None,107'),
(189272, 2, '2023-05-07', 'FT', 5235, '26,24,26,17,None,93', 24, '18,15,29,20,None,82'),
(189273, 2, '2023-05-06', 'FT', 25, '22,22,23,23,None,90', 21, '21,13,20,8,None,62'),
(189274, 2, '2023-05-07', 'FT', 26, '32,28,21,22,None,103', 27, '24,16,15,31,None,86'),
(189275, 2, '2023-05-05', 'FT', 19, '14,18,16,33,None,81', 10, '25,23,23,17,None,88'),
(189276, 2, '2023-05-06', 'FT', 23, '28,21,23,27,None,99', 11, '25,20,13,15,None,73'),
(189277, 2, '2023-05-05', 'FT', 110, '15,17,28,21,None,81', 18, '18,10,23,27,None,78'),
(189278, 2, '2023-05-05', 'FT', 95, '31,21,21,18,None,91', 108, '16,22,26,15,None,79'),
(189279, 2, '2023-04-04', 'FT', 17, '16,12,14,25,None,67', 16, '19,19,20,15,None,73'),
(189280, 2, '2023-05-12', 'FT', 16, '23,21,25,26,None,95', 23, '23,26,22,30,None,101'),
(189281, 2, '2023-05-10', 'FT', 108, '26,25,8,23,None,82', 24, '20,27,13,18,None,78'),
(189282, 2, '2023-05-09', 'FT', 100, '23,16,21,19,None,79', 110, '14,16,22,13,None,65'),
(189283, 2, '2023-05-09', 'FT', 21, '17,30,12,13,None,72', 5235, '30,16,17,19,None,82'),
(189284, 2, '2023-05-09', 'FT', 26, '25,28,22,27,None,102', 95, '16,18,25,18,None,77'),
(189285, 2, '2023-05-10', 'FT', 27, '30,19,16,25,None,90', 19, '24,29,30,21,None,104'),
(189286, 2, '2023-05-09', 'FT', 10, '24,34,21,16,None,95', 17, '16,19,27,23,None,85'),
(189287, 2, '2023-05-09', 'FT', 18, '12,25,15,25,None,77', 11, '24,19,25,17,None,85'),
(189288, 2, '2023-05-16', 'FT', 95, '27,26,18,31,None,102', 16, '19,21,17,19,None,76'),
(189289, 2, '2023-05-16', 'FT', 110, '20,6,24,23,None,73', 27, '19,25,15,18,None,77'),
(189290, 2, '2023-05-16', 'AOT', 17, '23,11,23,21,10,88', 100, '17,20,21,20,15,93'),
(189291, 2, '2023-05-16', 'FT', 24, '22,19,25,16,None,82', 26, '28,24,14,19,None,85'),
(189292, 2, '2023-05-16', 'FT', 23, '29,19,18,22,None,88', 21, '10,20,23,21,None,74'),
(189293, 2, '2023-05-16', 'FT', 11, '27,18,21,23,None,89', 10, '23,16,11,25,None,75'),
(189294, 2, '2023-05-16', 'FT', 5235, '26,25,18,24,None,93', 108, '27,20,17,21,None,85'),
(189295, 2, '2023-05-16', 'FT', 19, '23,17,29,19,None,88', 25, '13,25,28,26,None,92'),
(191401, 52, '2023-01-02', 'AOT', 726, '17,23,29,15,8,92', 717, '21,23,13,27,10,94'),
(191402, 52, '2023-01-02', 'FT', 699, '21,19,33,23,None,96', 690, '15,14,18,14,None,61'),
(191403, 52, '2023-01-02', 'FT', 727, '14,14,17,23,None,68', 718, '19,17,17,25,None,78'),
(191404, 52, '2023-01-02', 'FT', 728, '23,25,26,26,None,100', 731, '24,24,25,20,None,93'),
(191405, 52, '2023-01-02', 'FT', 730, '17,27,29,15,None,88', 700, '18,24,20,27,None,89'),
(191406, 52, '2023-01-02', 'FT', 716, '23,24,27,14,None,88', 729, '25,17,24,15,None,81'),
(191407, 52, '2023-01-02', 'FT', 732, '15,17,18,24,None,74', 722, '19,21,25,31,None,96'),
(191408, 52, '2023-01-07', 'FT', 700, '29,19,20,21,None,89', 732, '22,11,26,22,None,81'),
(191409, 52, '2023-01-08', 'FT', 731, '19,18,22,21,None,80', 716, '11,17,19,10,None,57'),
(191410, 52, '2023-01-08', 'FT', 729, '15,9,15,25,None,64', 699, '15,17,12,15,None,59'),
(191411, 52, '2023-01-08', 'FT', 723, '21,20,32,28,None,101', 728, '27,13,14,18,None,72'),
(191412, 52, '2023-01-08', 'FT', 725, '16,24,18,16,None,74', 726, '20,32,24,23,None,99'),
(191413, 52, '2023-01-08', 'FT', 718, '27,17,24,22,None,90', 730, '26,29,23,26,None,104'),
(191414, 52, '2023-01-07', 'FT', 717, '20,12,17,24,None,73', 727, '25,25,13,15,None,78'),
(191415, 52, '2023-01-08', 'AOT', 690, '23,18,11,23,12,87', 722, '18,19,21,17,6,81'),
(191416, 52, '2023-01-15', 'FT', 722, '22,17,32,8,None,79', 700, '12,17,19,15,None,63'),
(191417, 52, '2023-01-15', 'FT', 726, '27,24,37,23,None,111', 718, '23,23,24,23,None,93'),
(191418, 52, '2023-01-15', 'FT', 699, '13,18,24,14,None,69', 723, '15,26,11,29,None,81'),
(191419, 52, '2023-01-15', 'FT', 727, '13,20,16,19,None,68', 725, '23,24,17,20,None,84'),
(191420, 52, '2023-01-14', 'FT', 728, '19,15,17,18,None,69', 729, '25,16,20,27,None,88'),
(191421, 52, '2023-01-15', 'FT', 730, '24,22,27,33,None,106', 690, '20,20,20,19,None,79'),
(191422, 52, '2023-01-15', 'FT', 716, '14,22,20,25,None,81', 717, '20,18,17,22,None,77'),
(191423, 52, '2023-01-15', 'FT', 732, '26,16,10,27,None,79', 731, '20,14,24,20,None,78'),
(191424, 52, '2023-01-22', 'FT', 700, '21,18,26,14,None,79', 699, '13,21,17,23,None,74'),
(191425, 52, '2023-01-22', 'FT', 731, '18,18,18,18,None,72', 729, '20,22,19,20,None,81'),
(191426, 52, '2023-01-22', 'FT', 727, '28,23,23,16,None,90', 730, '16,25,19,20,None,80'),
(191427, 52, '2023-01-22', 'FT', 690, '23,29,25,16,None,93', 726, '25,19,14,25,None,83'),
(191428, 52, '2023-01-22', 'FT', 725, '18,21,26,8,None,73', 722, '15,23,17,13,None,68'),
(191429, 52, '2023-01-22', 'FT', 718, '15,19,13,31,None,78', 732, '23,15,29,10,None,77'),
(191430, 52, '2023-01-22', 'FT', 717, '23,16,23,18,None,80', 728, '18,18,24,21,None,81'),
(191431, 52, '2023-01-21', 'FT', 723, '18,23,10,25,None,76', 716, '20,19,20,14,None,73'),
(191432, 52, '2023-01-29', 'FT', 728, '22,17,17,23,None,79', 700, '25,18,28,16,None,87'),
(191433, 52, '2023-01-28', 'FT', 730, '15,29,27,9,None,80', 717, '16,22,17,17,None,72'),
(191434, 52, '2023-01-29', 'FT', 729, '18,24,23,20,None,85', 690, '19,15,20,14,None,68'),
(191435, 52, '2023-01-29', 'FT', 732, '24,25,19,19,None,87', 716, '17,25,20,20,None,82'),
(191436, 52, '2023-01-28', 'FT', 699, '19,25,20,25,None,89', 731, '23,17,23,22,None,85'),
(191437, 52, '2023-01-29', 'FT', 726, '29,32,28,21,None,110', 723, '21,15,19,19,None,74'),
(191438, 52, '2023-01-29', 'FT', 722, '28,15,13,22,None,78', 727, '15,22,17,11,None,65'),
(191439, 52, '2023-01-29', 'FT', 718, '13,24,13,31,None,81', 725, '15,22,23,14,None,74'),
(191440, 52, '2023-02-05', 'FT', 690, '9,19,17,26,None,71', 699, '16,16,12,25,None,69'),
(191441, 52, '2023-02-05', 'FT', 723, '24,15,18,28,None,85', 725, '15,21,19,19,None,74'),
(191442, 52, '2023-02-05', 'FT', 700, '20,34,31,18,None,103', 730, '23,31,20,17,None,91'),
(191443, 52, '2023-02-05', 'FT', 727, '15,19,29,14,None,77', 726, '27,31,17,20,None,95'),
(191444, 52, '2023-02-05', 'FT', 729, '15,20,16,8,None,59', 722, '12,21,18,14,None,65'),
(191445, 52, '2023-02-05', 'FT', 731, '19,19,16,21,None,75', 718, '17,14,23,22,None,76'),
(191446, 52, '2023-02-04', 'FT', 716, '18,16,25,22,None,81', 728, '20,21,24,32,None,97'),
(191447, 52, '2023-02-05', 'FT', 732, '20,19,23,22,None,84', 717, '17,23,22,16,None,78'),
(191448, 52, '2023-02-12', 'FT', 700, '25,25,18,12,None,80', 729, '16,25,11,17,None,69'),
(191449, 52, '2023-02-12', 'FT', 730, '22,23,18,12,None,75', 722, '21,24,23,19,None,87'),
(191450, 52, '2023-02-11', 'FT', 728, '19,23,21,22,None,85', 690, '17,14,27,24,None,82'),
(191451, 52, '2023-02-12', 'FT', 731, '28,20,29,16,None,93', 723, '7,30,23,17,None,77'),
(191452, 52, '2023-02-12', 'FT', 699, '19,14,23,18,None,74', 727, '19,13,23,24,None,79'),
(191453, 52, '2023-02-12', 'FT', 725, '17,16,22,8,None,63', 732, '26,13,18,17,None,74'),
(191454, 52, '2023-02-12', 'FT', 718, '25,23,22,32,None,102', 716, '19,21,19,9,None,68'),
(191455, 52, '2023-02-12', 'FT', 717, '17,19,22,22,None,80', 726, '25,21,20,27,None,93'),
(191456, 52, '2023-03-05', 'FT', 690, '29,33,16,15,None,93', 730, '28,28,25,20,None,101'),
(191457, 52, '2023-03-05', 'FT', 722, '26,26,25,12,None,89', 699, '21,18,12,29,None,80'),
(191458, 52, '2023-03-05', 'FT', 723, '15,10,24,21,None,70', 718, '15,26,27,32,None,100'),
(191459, 52, '2023-03-04', 'FT', 726, '25,19,18,28,None,90', 731, '16,27,18,20,None,81'),
(191460, 52, '2023-03-05', 'FT', 727, '19,17,21,26,None,83', 717, '18,24,18,16,None,76'),
(191461, 52, '2023-03-05', 'FT', 729, '20,37,20,20,None,97', 728, '13,27,22,24,None,86'),
(191462, 52, '2023-03-05', 'FT', 716, '19,19,19,21,None,78', 725, '20,18,13,25,None,76'),
(191463, 52, '2023-03-05', 'FT', 732, '18,26,23,24,None,91', 700, '25,18,18,29,None,90'),
(191464, 52, '2023-03-12', 'FT', 731, '12,14,17,25,None,68', 732, '24,14,26,19,None,83'),
(191465, 52, '2023-03-11', 'FT', 730, '34,28,26,22,None,110', 723, '23,36,21,19,None,99'),
(191466, 52, '2023-03-12', 'FT', 728, '18,19,21,27,None,85', 727, '15,14,23,24,None,76'),
(191467, 52, '2023-03-12', 'FT', 699, '21,21,20,18,None,80', 726, '23,23,16,28,None,90'),
(191468, 52, '2023-03-12', 'FT', 700, '24,21,18,10,None,73', 716, '17,18,13,21,None,69'),
(191469, 52, '2023-03-12', 'FT', 725, '21,20,21,18,None,80', 690, '14,9,22,17,None,62'),
(191470, 52, '2023-03-12', 'FT', 718, '15,26,17,21,None,79', 722, '29,23,27,19,None,98'),
(191471, 52, '2023-03-12', 'FT', 717, '26,27,21,21,None,95', 729, '20,14,17,8,None,59'),
(191472, 52, '2023-03-19', 'FT', 690, '25,26,18,11,None,80', 718, '24,19,22,31,None,96'),
(191473, 52, '2023-03-19', 'FT', 722, '15,21,19,14,None,69', 732, '26,23,8,18,None,75'),
(191474, 52, '2023-03-18', 'FT', 723, '18,17,24,29,None,88', 717, '22,15,22,20,None,79'),
(191475, 52, '2023-03-18', 'FT', 726, '27,24,32,19,None,102', 730, '21,21,4,27,None,73'),
(191476, 52, '2023-03-18', 'FT', 727, '22,20,23,8,None,73', 700, '18,16,27,14,None,75'),
(191477, 52, '2023-03-19', 'FT', 728, '24,14,24,27,None,89', 699, '17,19,14,38,None,88'),
(191478, 52, '2023-03-18', 'FT', 729, '16,22,19,18,None,75', 725, '24,11,26,19,None,80'),
(191479, 52, '2023-03-19', 'AOT', 716, '16,22,21,19,14,92', 731, '16,26,17,19,17,95'),
(191480, 52, '2023-03-26', 'FT', 732, '32,13,23,20,None,88', 723, '24,18,12,22,None,76'),
(191481, 52, '2023-03-26', 'FT', 727, '19,18,22,20,None,79', 690, '20,24,17,26,None,87'),
(191482, 52, '2023-03-26', 'FT', 730, '15,28,30,25,None,98', 716, '27,22,27,18,None,94'),
(191483, 52, '2023-03-26', 'FT', 731, '21,31,10,16,None,78', 725, '11,18,23,17,None,69'),
(191484, 52, '2023-03-25', 'FT', 699, '19,32,18,24,None,93', 729, '19,21,26,19,None,85'),
(191485, 52, '2023-03-26', 'FT', 717, '11,26,23,23,None,83', 722, '21,14,15,24,None,74'),
(191486, 52, '2023-03-26', 'FT', 726, '19,20,27,18,None,84', 700, '20,20,16,16,None,72'),
(191487, 52, '2023-03-26', 'FT', 718, '22,30,29,26,None,107', 728, '21,16,20,27,None,84'),
(191488, 52, '2023-04-02', 'FT', 722, '22,18,12,21,None,73', 731, '15,16,27,18,None,76'),
(191489, 52, '2023-04-02', 'FT', 723, '16,17,19,18,None,70', 727, '20,24,20,20,None,84'),
(191490, 52, '2023-04-02', 'AOT', 725, '14,14,17,18,15,78', 699, '20,16,15,12,7,70'),
(191491, 52, '2023-04-02', 'FT', 700, '22,17,25,17,None,81', 718, '17,22,13,25,None,77'),
(191492, 52, '2023-04-02', 'FT', 728, '21,30,22,22,None,95', 730, '28,20,24,25,None,97'),
(191493, 52, '2023-04-02', 'FT', 729, '16,29,19,16,None,80', 732, '20,25,14,19,None,78'),
(191494, 52, '2023-04-02', 'FT', 716, '14,26,20,27,None,87', 726, '25,19,19,11,None,74'),
(191495, 52, '2023-04-01', 'FT', 690, '16,16,10,27,None,69', 717, '19,17,19,17,None,72'),
(191496, 52, '2023-04-08', 'FT', 727, '18,24,24,19,None,85', 729, '12,22,16,18,None,68'),
(191497, 52, '2023-04-08', 'FT', 732, '14,20,15,32,None,81', 690, '21,20,28,20,None,89'),
(191498, 52, '2023-04-08', 'FT', 731, '25,24,21,19,None,89', 700, '25,22,16,17,None,80'),
(191499, 52, '2023-04-08', 'FT', 730, '14,26,15,26,None,81', 725, '29,20,17,19,None,85'),
(191500, 52, '2023-04-08', 'FT', 726, '29,20,23,9,None,81', 728, '13,20,13,22,None,68'),
(191501, 52, '2023-04-09', 'FT', 722, '19,31,30,22,None,102', 723, '22,9,27,12,None,70'),
(191502, 52, '2023-04-08', 'FT', 717, '26,24,24,14,None,88', 716, '23,22,17,17,None,79'),
(191503, 52, '2023-04-11', 'FT', 699, '23,15,24,23,None,85', 718, '23,27,18,16,None,84'),
(191504, 52, '2023-04-16', 'FT', 690, '27,21,14,29,None,91', 731, '24,32,14,23,None,93'),
(191505, 52, '2023-04-16', 'FT', 718, '20,16,23,33,None,92', 726, '21,10,16,11,None,58'),
(191506, 52, '2023-04-16', 'FT', 723, '18,19,19,23,None,79', 699, '15,16,22,33,None,86'),
(191507, 52, '2023-04-15', 'FT', 725, '21,27,19,21,None,88', 728, '21,20,15,21,None,77'),
(191508, 52, '2023-04-16', 'AOT', 700, '20,19,17,15,6,77', 717, '24,20,14,13,19,90'),
(191509, 52, '2023-04-16', 'FT', 729, '24,19,22,15,None,80', 730, '17,21,23,22,None,83'),
(191510, 52, '2023-04-16', 'FT', 716, '8,16,20,17,None,61', 722, '24,15,21,23,None,83'),
(191511, 52, '2023-04-16', 'FT', 732, '23,26,28,19,None,96', 727, '11,20,25,24,None,80'),
(191512, 52, '2023-04-18', 'FT', 727, '24,21,8,16,None,69', 716, '23,12,21,14,None,70'),
(191513, 52, '2023-04-19', 'FT', 730, '20,25,30,18,None,93', 718, '27,24,12,23,None,86'),
(191514, 52, '2023-04-19', 'FT', 728, '27,16,26,27,None,96', 723, '20,25,26,11,None,82'),
(191515, 52, '2023-04-19', 'FT', 726, '23,20,33,27,None,103', 729, '23,19,22,16,None,80'),
(191516, 52, '2023-04-19', 'FT', 700, '21,22,21,10,None,74', 725, '12,19,19,18,None,68'),
(191517, 52, '2023-04-19', 'FT', 722, '24,20,25,19,None,88', 690, '17,18,14,27,None,76'),
(191518, 52, '2023-04-19', 'FT', 717, '19,22,15,18,None,74', 731, '15,24,21,19,None,79'),
(191519, 52, '2023-04-19', 'FT', 699, '18,19,22,22,None,81', 732, '15,28,21,19,None,83'),
(191520, 52, '2023-04-23', 'FT', 690, '16,19,27,20,None,82', 700, '24,9,20,16,None,69'),
(191521, 52, '2023-04-23', 'FT', 718, '18,14,18,23,None,73', 727, '17,22,17,30,None,86'),
(191522, 52, '2023-04-23', 'FT', 722, '14,19,27,32,None,92', 728, '21,12,18,27,None,78'),
(191523, 52, '2023-04-23', 'FT', 723, '22,24,18,30,None,94', 729, '21,19,23,20,None,83'),
(191524, 52, '2023-04-23', 'FT', 725, '15,18,21,15,None,69', 717, '13,14,19,28,None,74'),
(191525, 52, '2023-04-23', 'FT', 731, '23,19,21,29,None,92', 730, '18,18,17,28,None,81'),
(191526, 52, '2023-04-23', 'FT', 716, '18,18,20,22,None,78', 699, '27,26,13,20,None,86'),
(191527, 52, '2023-04-23', 'FT', 732, '22,16,25,23,None,86', 726, '12,27,14,16,None,69'),
(191528, 52, '2023-04-30', 'FT', 728, '26,26,16,21,None,89', 732, '27,22,18,21,None,88'),
(191529, 52, '2023-04-30', 'FT', 730, '32,14,23,26,None,95', 699, '16,21,20,24,None,81'),
(191530, 52, '2023-04-30', 'FT', 729, '24,17,16,28,None,85', 716, '12,12,31,22,None,77'),
(191531, 52, '2023-04-30', 'FT', 726, '23,25,22,19,None,89', 725, '19,16,28,14,None,77'),
(191532, 52, '2023-04-30', 'FT', 727, '12,29,20,25,None,86', 731, '22,18,22,22,None,84'),
(191533, 52, '2023-04-30', 'FT', 700, '24,22,11,18,None,75', 722, '25,17,17,18,None,77'),
(191534, 52, '2023-04-30', 'FT', 717, '21,16,18,20,None,75', 718, '13,19,12,25,None,69'),
(191535, 52, '2023-04-29', 'FT', 690, '30,22,21,25,None,98', 723, '27,23,23,14,None,87'),
(191536, 52, '2023-05-07', 'FT', 718, '26,25,19,22,None,92', 729, '21,19,13,17,None,70'),
(191537, 52, '2023-05-07', 'FT', 722, '9,23,23,24,None,79', 726, '18,16,14,19,None,67'),
(191538, 52, '2023-05-07', 'FT', 723, '20,30,13,19,None,82', 700, '14,21,24,19,None,78'),
(191539, 52, '2023-05-07', 'FT', 725, '29,22,30,13,None,94', 727, '19,14,16,21,None,70'),
(191540, 52, '2023-05-07', 'FT', 699, '24,27,14,27,None,92', 717, '24,26,32,6,None,88'),
(191541, 52, '2023-05-07', 'FT', 731, '38,30,18,21,None,107', 728, '14,18,22,19,None,73'),
(191542, 52, '2023-05-07', 'FT', 716, '16,31,16,19,None,82', 690, '25,22,13,28,None,88'),
(191543, 52, '2023-05-07', 'FT', 732, '23,20,27,28,None,98', 730, '24,15,22,21,None,82'),
(195816, 242, '2023-01-17', 'FT', 3770, '24,17,18,16,None,75', 698, '10,21,20,14,None,65'),
(195849, 242, '2023-01-04', 'FT', 5007, '26,20,15,18,None,79', 708, '14,17,16,17,None,64'),
(195850, 242, '2023-01-04', 'FT', 5981, '22,17,20,15,None,74', 3765, '24,13,17,11,None,65'),
(195851, 242, '2023-01-04', 'FT', 3769, '18,12,25,18,None,73', 721, '23,18,27,22,None,90'),
(195852, 242, '2023-01-04', 'FT', 691, '20,30,29,17,None,96', 5008, '22,22,19,20,None,83'),
(195853, 242, '2023-01-04', 'FT', 702, '16,23,13,25,None,77', 3770, '15,22,11,21,None,69'),
(195854, 242, '2023-01-04', 'FT', 713, '18,8,23,12,None,61', 714, '17,14,19,19,None,69'),
(195855, 242, '2023-01-04', 'FT', 715, '25,20,14,19,None,78', 696, '11,15,23,21,None,70'),
(195856, 242, '2023-01-04', 'FT', 3768, '20,19,15,16,None,70', 703, '29,22,19,15,None,85'),
(195857, 242, '2023-01-04', 'FT', 706, '26,20,20,21,None,87', 5009, '18,13,16,18,None,65'),
(195858, 242, '2023-01-04', 'FT', 705, '25,20,18,11,None,74', 724, '19,26,15,19,None,79'),
(195859, 242, '2023-01-04', 'FT', 720, '23,25,17,19,None,84', 689, '18,13,18,27,None,76'),
(195860, 242, '2023-01-04', 'AOT', 698, '23,13,15,17,9,77', 719, '22,23,18,5,13,81'),
(195861, 242, '2023-01-04', 'FT', 711, '23,15,20,22,None,80', 3764, '13,23,14,10,None,60'),
(195862, 242, '2023-01-08', 'FT', 708, '30,16,35,14,None,95', 3769, '23,18,21,22,None,84'),
(195863, 242, '2023-01-08', 'FT', 724, '20,21,21,12,None,74', 706, '16,17,13,16,None,62'),
(195864, 242, '2023-01-08', 'FT', 714, '19,18,18,18,None,73', 3765, '17,22,14,17,None,70'),
(195865, 242, '2023-01-08', 'FT', 701, '23,17,12,25,None,77', 3768, '19,13,13,28,None,73'),
(195866, 242, '2023-01-08', 'FT', 5009, '18,23,23,23,None,87', 5981, '26,12,21,21,None,80'),
(195867, 242, '2023-01-08', 'FT', 711, '17,13,7,13,None,50', 5007, '10,19,17,19,None,65'),
(195868, 242, '2023-01-08', 'FT', 696, '25,9,23,13,None,70', 702, '19,20,27,14,None,80'),
(195869, 242, '2023-01-08', 'FT', 689, '31,16,22,24,None,93', 698, '13,24,18,13,None,68');
INSERT INTO `games` (`ID_games`, `ID_league`, `date`, `status`, `ID_home`, `score_home`, `ID_away`, `score_away`) VALUES
(195870, 242, '2023-01-08', 'FT', 721, '22,24,22,24,None,92', 713, '13,17,22,20,None,72'),
(195871, 242, '2023-01-08', 'FT', 3764, '15,15,19,22,None,71', 705, '18,21,17,20,None,76'),
(195872, 242, '2023-01-08', 'FT', 719, '18,17,13,20,None,68', 720, '11,18,16,13,None,58'),
(195873, 242, '2023-01-08', 'FT', 703, '27,20,19,16,None,82', 691, '20,21,22,21,None,84'),
(195874, 242, '2023-01-08', 'AOT', 5008, '27,18,18,20,8,91', 715, '18,24,23,18,7,90'),
(195875, 242, '2023-01-14', 'FT', 5007, '14,23,10,18,None,65', 724, '17,10,22,9,None,58'),
(195876, 242, '2023-01-14', 'FT', 715, '15,23,19,18,None,75', 701, '11,21,19,19,None,70'),
(195877, 242, '2023-01-15', 'FT', 3768, '16,13,26,11,None,66', 691, '20,15,19,20,None,74'),
(195878, 242, '2023-01-14', 'FT', 3770, '25,19,20,28,None,92', 703, '19,23,18,27,None,87'),
(195879, 242, '2023-01-15', 'FT', 713, '16,15,18,19,None,68', 708, '18,17,20,21,None,76'),
(195880, 242, '2023-01-15', 'FT', 3769, '22,19,17,27,None,85', 711, '28,21,14,26,None,89'),
(195881, 242, '2023-01-15', 'FT', 702, '19,30,15,26,None,90', 719, '24,15,28,18,None,85'),
(195882, 242, '2023-01-15', 'AOT', 706, '15,19,18,16,15,83', 3764, '19,19,20,10,8,76'),
(195883, 242, '2023-01-15', 'FT', 720, '18,24,19,18,None,79', 696, '12,23,22,20,None,77'),
(195884, 242, '2023-01-15', 'FT', 3765, '20,19,19,17,None,75', 721, '21,16,9,13,None,59'),
(195885, 242, '2023-01-15', 'FT', 5981, '15,28,10,23,None,76', 714, '17,10,16,22,None,65'),
(195886, 242, '2023-01-15', 'FT', 689, '25,17,26,17,None,85', 5008, '23,17,17,22,None,79'),
(195887, 242, '2023-01-15', 'FT', 705, '23,18,18,16,None,75', 5009, '21,15,26,23,None,85'),
(195888, 242, '2023-01-21', 'FT', 3768, '12,28,10,15,None,65', 3770, '10,19,25,20,None,74'),
(195889, 242, '2023-01-22', 'AOT', 714, '18,21,24,10,8,81', 5009, '20,14,18,21,7,80'),
(195890, 242, '2023-01-22', 'FT', 701, '10,26,17,14,None,67', 719, '27,16,19,20,None,82'),
(195891, 242, '2023-01-22', 'FT', 711, '24,14,15,14,None,67', 706, '23,17,28,10,None,78'),
(195892, 242, '2023-01-22', 'FT', 724, '27,31,27,13,None,98', 3769, '26,18,17,16,None,77'),
(195893, 242, '2023-01-22', 'FT', 698, '18,19,16,15,None,68', 720, '25,30,19,10,None,84'),
(195894, 242, '2023-01-22', 'FT', 721, '12,20,18,22,None,72', 5007, '15,20,20,20,None,75'),
(195895, 242, '2023-01-22', 'FT', 696, '24,23,16,24,None,87', 689, '17,15,14,25,None,71'),
(195896, 242, '2023-01-22', 'FT', 3765, '19,32,20,23,None,94', 713, '16,19,23,21,None,79'),
(195897, 242, '2023-01-22', 'FT', 3764, '21,26,14,19,None,80', 708, '21,19,13,19,None,72'),
(195898, 242, '2023-01-22', 'FT', 691, '20,25,26,18,None,89', 702, '22,17,19,23,None,81'),
(195899, 242, '2023-01-22', 'FT', 5981, '21,21,16,26,None,84', 705, '19,16,17,13,None,65'),
(195900, 242, '2023-01-22', 'FT', 703, '14,14,28,17,None,73', 715, '21,21,21,25,None,88'),
(195901, 242, '2023-01-28', 'FT', 5007, '13,14,15,18,None,60', 5981, '25,21,13,19,None,78'),
(195902, 242, '2023-01-28', 'AOT', 715, '22,27,21,23,33,126', 689, '31,18,18,26,28,121'),
(195903, 242, '2023-01-29', 'FT', 708, '19,18,19,23,None,79', 724, '20,26,22,26,None,94'),
(195904, 242, '2023-01-29', 'FT', 3770, '25,16,21,25,None,87', 5008, '13,24,29,16,None,82'),
(195905, 242, '2023-01-29', 'FT', 5009, '23,19,21,21,None,84', 3765, '24,12,12,10,None,58'),
(195906, 242, '2023-01-29', 'FT', 702, '17,30,18,24,None,89', 701, '22,23,22,12,None,79'),
(195907, 242, '2023-01-29', 'FT', 713, '13,19,15,20,None,67', 3764, '8,25,17,11,None,61'),
(195908, 242, '2023-01-29', 'FT', 719, '16,21,18,24,None,79', 703, '20,21,21,27,None,89'),
(195909, 242, '2023-01-29', 'FT', 698, '21,22,23,22,None,88', 3768, '27,12,14,25,None,78'),
(195910, 242, '2023-01-29', 'FT', 706, '18,21,17,18,None,74', 3769, '15,19,19,10,None,63'),
(195911, 242, '2023-01-29', 'FT', 705, '19,16,23,17,None,75', 711, '15,19,19,29,None,82'),
(195912, 242, '2023-01-29', 'FT', 720, '9,21,17,24,None,71', 691, '17,18,9,31,None,75'),
(195913, 242, '2023-01-29', 'FT', 721, '26,34,26,9,None,95', 714, '22,15,11,19,None,67'),
(195914, 242, '2023-02-04', 'FT', 715, '15,21,16,20,None,72', 702, '19,16,23,26,None,84'),
(195915, 242, '2023-02-05', 'FT', 5008, '14,13,20,16,None,63', 720, '20,21,20,21,None,82'),
(195916, 242, '2023-02-05', 'FT', 701, '14,16,18,25,None,73', 3770, '13,15,12,29,None,69'),
(195917, 242, '2023-02-05', 'FT', 713, '17,12,10,17,None,56', 724, '19,18,32,16,None,85'),
(195918, 242, '2023-02-05', 'FT', 5009, '19,21,19,22,None,81', 721, '30,16,15,22,None,83'),
(195919, 242, '2023-02-05', 'AOT', 3769, '16,15,15,30,15,91', 5007, '23,25,16,12,10,86'),
(195920, 242, '2023-02-05', 'FT', 691, '25,19,13,23,None,80', 696, '22,12,15,17,None,66'),
(195921, 242, '2023-02-05', 'FT', 706, '26,23,24,24,None,97', 705, '21,20,25,23,None,89'),
(195922, 242, '2023-02-05', 'FT', 3765, '15,15,13,16,None,59', 3764, '15,19,20,19,None,73'),
(195923, 242, '2023-02-05', 'FT', 5981, '16,15,22,27,None,80', 711, '14,7,18,17,None,56'),
(195924, 242, '2023-02-05', 'FT', 703, '16,11,22,17,None,66', 698, '11,24,20,25,None,80'),
(195925, 242, '2023-02-05', 'FT', 689, '17,14,30,18,None,79', 719, '16,21,14,23,None,74'),
(195926, 242, '2023-02-05', 'FT', 714, '24,13,22,14,None,73', 708, '23,17,12,13,None,65'),
(195927, 242, '2023-02-11', 'FT', 5007, '20,25,9,19,None,73', 706, '15,20,21,21,None,77'),
(195928, 242, '2023-02-12', 'FT', 708, '13,18,26,15,None,72', 5009, '16,28,19,16,None,79'),
(195929, 242, '2023-02-11', 'FT', 3769, '21,27,28,24,None,100', 5981, '20,18,29,19,None,86'),
(195930, 242, '2023-02-12', 'FT', 702, '20,20,21,20,None,81', 5008, '23,17,23,15,None,78'),
(195931, 242, '2023-02-12', 'FT', 3770, '20,12,19,25,None,76', 689, '16,12,22,13,None,63'),
(195932, 242, '2023-02-12', 'FT', 719, '17,24,23,22,None,86', 3768, '17,21,16,12,None,66'),
(195933, 242, '2023-02-12', 'FT', 724, '31,24,17,20,None,92', 714, '13,26,17,18,None,74'),
(195934, 242, '2023-02-12', 'FT', 711, '16,13,17,21,None,67', 3765, '12,16,25,11,None,64'),
(195935, 242, '2023-02-12', 'FT', 698, '16,24,12,15,None,67', 701, '22,19,13,21,None,75'),
(195936, 242, '2023-02-11', 'FT', 696, '14,16,18,18,None,66', 703, '15,22,15,23,None,75'),
(195937, 242, '2023-02-12', 'FT', 705, '27,10,16,16,None,69', 713, '22,15,18,18,None,73'),
(195938, 242, '2023-02-12', 'FT', 720, '22,26,17,21,None,86', 715, '23,16,13,21,None,73'),
(195939, 242, '2023-02-12', 'FT', 3764, '25,13,9,11,None,58', 721, '17,13,11,16,None,57'),
(195940, 242, '2023-02-18', 'FT', 715, '18,19,18,24,None,79', 3770, '13,19,26,19,None,77'),
(195941, 242, '2023-02-19', 'FT', 714, '16,16,22,19,None,73', 711, '15,12,13,22,None,62'),
(195942, 242, '2023-02-19', 'FT', 701, '13,23,17,16,None,69', 5008, '28,18,18,21,None,85'),
(195943, 242, '2023-02-19', 'FT', 713, '20,15,27,16,None,78', 3769, '19,24,12,19,None,74'),
(195944, 242, '2023-02-19', 'FT', 3768, '23,9,12,15,None,59', 720, '17,18,20,12,None,67'),
(195945, 242, '2023-02-19', 'FT', 5009, '21,19,18,18,None,76', 3764, '20,9,13,15,None,57'),
(195946, 242, '2023-02-19', 'FT', 3765, '24,21,16,18,None,79', 724, '12,22,17,11,None,62'),
(195947, 242, '2023-03-10', 'FT', 696, '18,16,18,19,None,71', 698, '7,15,13,19,None,54'),
(195948, 242, '2023-02-19', 'FT', 705, '21,13,10,21,None,65', 5007, '13,19,25,14,None,71'),
(195949, 242, '2023-02-19', 'FT', 5981, '10,13,13,22,None,58', 706, '14,14,20,21,None,69'),
(195950, 242, '2023-02-19', 'FT', 703, '24,15,15,22,None,76', 702, '21,11,18,18,None,68'),
(195951, 242, '2023-03-15', 'FT', 689, '18,33,19,22,None,92', 691, '24,20,20,15,None,79'),
(195952, 242, '2023-02-19', 'FT', 721, '16,12,21,24,None,73', 708, '23,25,14,15,None,77'),
(195953, 242, '2023-03-10', 'FT', 5007, '26,25,23,19,None,93', 5009, '22,20,19,9,None,70'),
(195954, 242, '2023-02-26', 'FT', 708, '23,18,18,14,None,73', 3765, '15,19,17,28,None,79'),
(195955, 242, '2023-02-26', 'FT', 698, '17,18,14,15,None,64', 715, '18,21,20,16,None,75'),
(195956, 242, '2023-02-26', 'FT', 702, '22,25,20,19,None,86', 689, '22,22,16,22,None,82'),
(195957, 242, '2023-02-26', 'FT', 711, '23,27,12,17,None,79', 721, '13,21,19,21,None,74'),
(195958, 242, '2023-02-26', 'FT', 3769, '21,26,26,18,None,91', 705, '29,19,15,30,None,93'),
(195959, 242, '2023-03-22', 'FT', 724, '16,16,12,14,None,58', 5981, '14,10,19,25,None,68'),
(195960, 242, '2023-03-11', 'FT', 5008, '13,24,24,11,None,72', 3768, '25,15,24,20,None,84'),
(195961, 242, '2023-02-26', 'FT', 720, '27,19,31,13,None,90', 3770, '19,19,9,16,None,63'),
(195962, 242, '2023-02-26', 'FT', 3764, '15,19,16,20,None,70', 714, '20,9,20,20,None,69'),
(195963, 242, '2023-02-27', 'FT', 719, '20,34,19,17,None,90', 696, '18,18,11,15,None,62'),
(195964, 242, '2023-02-26', 'FT', 691, '24,19,26,25,None,94', 701, '25,26,33,12,None,96'),
(195965, 242, '2023-02-26', 'FT', 706, '13,17,18,25,None,73', 713, '19,16,7,18,None,60'),
(195966, 242, '2023-03-05', 'FT', 708, '17,13,23,16,None,69', 711, '23,15,15,19,None,72'),
(195967, 242, '2023-03-05', 'FT', 3768, '23,18,15,25,None,81', 702, '24,12,17,19,None,72'),
(195968, 242, '2023-03-05', 'FT', 701, '13,16,11,24,None,64', 720, '22,23,15,18,None,78'),
(195969, 242, '2023-03-04', 'FT', 3770, '19,12,28,12,None,71', 719, '19,27,19,20,None,85'),
(195970, 242, '2023-03-05', 'FT', 713, '17,10,14,19,None,60', 5981, '19,24,18,16,None,77'),
(195971, 242, '2023-03-05', 'FT', 5009, '13,29,25,19,None,86', 3769, '18,22,16,22,None,78'),
(195972, 242, '2023-03-05', 'FT', 3764, '20,6,15,18,None,59', 724, '19,22,22,13,None,76'),
(195973, 242, '2023-03-04', 'FT', 5008, '13,18,15,23,None,69', 696, '15,28,16,11,None,70'),
(195974, 242, '2023-03-06', 'CANC', 721, 'None,None,None,None,None,None', 705, 'None,None,None,None,None,None'),
(195975, 242, '2023-03-05', 'FT', 3765, '17,12,21,20,None,70', 706, '14,20,16,23,None,73'),
(195976, 242, '2023-03-05', 'FT', 691, '20,24,21,24,None,89', 698, '22,14,23,26,None,85'),
(195977, 242, '2023-03-05', 'FT', 689, '21,31,22,27,None,101', 703, '19,25,22,19,None,85'),
(195978, 242, '2023-03-05', 'FT', 714, '11,24,19,19,None,73', 5007, '13,22,15,16,None,66'),
(196736, 40, '2023-04-24', 'FT', 528, '17,22,15,14,None,68', 550, '28,19,25,9,None,81'),
(196831, 40, '2023-04-11', 'FT', 550, '23,19,12,16,None,70', 519, '20,27,23,6,None,76'),
(196838, 40, '2023-01-03', 'FT', 519, '28,18,27,26,None,99', 526, '17,19,24,14,None,74'),
(196839, 40, '2023-01-03', 'FT', 533, '18,25,25,24,None,92', 524, '25,27,30,19,None,101'),
(196840, 40, '2023-03-08', 'FT', 530, '32,20,27,23,None,102', 523, '27,22,22,22,None,93'),
(196841, 40, '2023-01-03', 'FT', 532, '14,25,24,20,None,83', 550, '19,11,24,27,None,81'),
(196842, 40, '2023-01-03', 'FT', 561, '15,15,15,20,None,65', 522, '31,22,18,7,None,78'),
(196843, 40, '2023-01-04', 'FT', 521, '17,27,23,24,None,91', 525, '23,26,28,24,None,101'),
(196844, 40, '2023-01-04', 'FT', 528, '21,28,29,18,None,96', 2263, '25,25,19,24,None,93'),
(196845, 40, '2023-01-04', 'FT', 552, '25,19,25,14,None,83', 529, '28,16,27,16,None,87'),
(196846, 40, '2023-01-04', 'FT', 5923, '19,24,19,11,None,73', 520, '17,23,24,15,None,79'),
(196847, 40, '2023-01-06', 'FT', 524, '22,32,26,19,None,99', 561, '15,18,22,16,None,71'),
(196848, 40, '2023-01-07', 'FT', 520, '20,29,21,19,None,89', 532, '17,23,19,19,None,78'),
(196849, 40, '2023-01-07', 'FT', 2263, '15,17,11,20,None,63', 521, '8,21,17,13,None,59'),
(196850, 40, '2023-01-07', 'FT', 525, '23,33,31,15,None,102', 552, '21,23,23,26,None,93'),
(196851, 40, '2023-01-07', 'FT', 529, '22,20,9,14,None,65', 533, '18,22,19,21,None,80'),
(196852, 40, '2023-01-08', 'FT', 523, '31,22,16,14,None,83', 5923, '24,26,24,25,None,99'),
(196853, 40, '2023-01-08', 'FT', 550, '22,27,24,16,None,89', 530, '13,24,18,25,None,80'),
(196854, 40, '2023-01-08', 'FT', 526, '23,16,17,22,None,78', 528, '18,21,18,18,None,75'),
(196855, 40, '2023-01-08', 'FT', 522, '27,17,17,18,None,79', 519, '23,21,20,16,None,80'),
(196856, 40, '2023-01-15', 'FT', 519, '20,28,14,19,None,81', 524, '23,21,19,13,None,76'),
(196857, 40, '2023-01-14', 'FT', 521, '22,20,24,17,None,83', 520, '29,16,23,17,None,85'),
(196858, 40, '2023-01-14', 'FT', 533, '13,23,23,25,None,84', 5923, '29,20,19,23,None,91'),
(196859, 40, '2023-01-14', 'FT', 532, '28,21,20,39,None,108', 2263, '18,20,13,17,None,68'),
(196860, 40, '2023-01-15', 'FT', 526, '19,20,15,18,None,72', 525, '28,24,13,23,None,88'),
(196861, 40, '2023-01-15', 'FT', 529, '18,19,19,26,None,82', 528, '19,16,25,31,None,91'),
(196862, 40, '2023-01-15', 'AOT', 552, '20,28,19,16,24,107', 523, '11,25,20,27,18,101'),
(196863, 40, '2023-01-15', 'FT', 530, '30,25,22,19,None,96', 522, '15,17,23,13,None,68'),
(196864, 40, '2023-01-18', 'FT', 561, '20,22,22,17,None,81', 550, '26,24,22,24,None,96'),
(196865, 40, '2023-01-20', 'FT', 523, '13,23,23,24,None,83', 561, '21,18,25,28,None,92'),
(196866, 40, '2023-01-21', 'FT', 550, '24,17,31,17,None,89', 526, '26,14,14,22,None,76'),
(196867, 40, '2023-01-21', 'FT', 529, '18,23,29,13,None,83', 521, '25,23,22,22,None,92'),
(196868, 40, '2023-01-21', 'FT', 524, '30,31,22,25,None,108', 532, '29,12,17,21,None,79'),
(196869, 40, '2023-01-21', 'FT', 525, '26,22,22,36,None,106', 530, '9,30,26,22,None,87'),
(196870, 40, '2023-02-09', 'FT', 528, '17,24,24,22,None,87', 552, '24,14,18,25,None,81'),
(196871, 40, '2023-01-22', 'FT', 2263, '31,25,16,15,None,87', 533, '26,22,16,27,None,91'),
(196872, 40, '2023-01-22', 'FT', 520, '26,17,21,23,None,87', 522, '30,21,24,19,None,94'),
(196873, 40, '2023-01-23', 'FT', 5923, '21,24,14,17,None,76', 519, '19,22,20,18,None,79'),
(196874, 40, '2023-01-28', 'FT', 561, '19,19,21,20,None,79', 2263, '23,14,24,16,None,77'),
(196875, 40, '2023-01-28', 'FT', 552, '17,26,21,29,None,93', 5923, '24,19,22,17,None,82'),
(196876, 40, '2023-01-28', 'FT', 519, '16,32,27,25,None,100', 525, '25,12,26,14,None,77'),
(196877, 40, '2023-01-28', 'FT', 530, '17,19,16,19,None,71', 532, '16,10,21,28,None,75'),
(196878, 40, '2023-01-28', 'FT', 533, '24,20,37,26,None,107', 520, '25,20,28,14,None,87'),
(196879, 40, '2023-01-29', 'FT', 522, '23,28,26,28,None,105', 528, '22,17,19,16,None,74'),
(196880, 40, '2023-01-29', 'FT', 523, '18,15,16,22,None,71', 524, '22,20,37,15,None,94'),
(196881, 40, '2023-01-29', 'FT', 526, '21,19,26,31,None,97', 529, '32,22,18,21,None,93'),
(196882, 40, '2023-01-29', 'FT', 521, '16,23,18,21,None,78', 550, '18,18,21,14,None,71'),
(196883, 40, '2023-04-04', 'FT', 533, '18,11,19,11,None,59', 522, '26,11,24,16,None,77'),
(196884, 40, '2023-03-29', 'FT', 524, '18,23,21,29,None,91', 530, '24,17,19,15,None,75'),
(196886, 40, '2023-02-01', 'FT', 526, '13,25,27,17,None,82', 552, '18,25,25,26,None,94'),
(196887, 40, '2023-03-05', 'FT', 532, '27,20,24,23,None,94', 525, '22,21,16,27,None,86'),
(196888, 40, '2023-01-18', 'FT', 520, '27,18,23,15,None,83', 521, '20,22,27,23,None,92'),
(196889, 40, '2023-02-03', 'FT', 529, '32,14,20,15,None,81', 561, '24,20,26,21,None,91'),
(196890, 40, '2023-02-03', 'FT', 5923, '19,29,11,18,None,77', 550, '22,17,13,22,None,74'),
(196891, 40, '2023-03-14', 'FT', 2263, '18,19,20,20,None,77', 519, '17,19,23,28,None,87'),
(196892, 40, '2023-02-05', 'AOT', 520, '25,21,13,22,14,95', 528, '24,24,19,14,11,92'),
(196893, 40, '2023-02-05', 'FT', 521, '24,11,19,19,None,73', 2263, '37,16,19,17,None,89'),
(196894, 40, '2023-02-05', 'FT', 522, '15,21,19,18,None,73', 524, '27,12,22,16,None,77'),
(196895, 40, '2023-02-05', 'FT', 523, '21,12,11,20,None,64', 533, '23,25,18,14,None,80'),
(196896, 40, '2023-02-05', 'FT', 525, '20,22,16,21,None,79', 550, '23,27,14,18,None,82'),
(196897, 40, '2023-02-05', 'FT', 552, '14,20,22,30,None,86', 519, '18,22,26,28,None,94'),
(196898, 40, '2023-02-05', 'FT', 530, '25,14,33,24,None,96', 526, '21,22,22,16,None,81'),
(196899, 40, '2023-02-05', 'FT', 561, '18,19,19,17,None,73', 532, '15,18,23,24,None,80'),
(196900, 40, '2023-02-06', 'FT', 5923, '25,24,10,31,None,90', 529, '18,15,19,4,None,56'),
(196901, 40, '2023-02-12', 'FT', 561, '20,14,5,23,None,62', 524, '26,20,13,18,None,77'),
(196902, 40, '2023-02-11', 'FT', 533, '24,20,22,26,None,92', 552, '20,25,25,14,None,84'),
(196903, 40, '2023-02-11', 'FT', 529, '22,17,22,25,None,86', 523, '18,15,16,25,None,74'),
(196904, 40, '2023-02-11', 'FT', 530, '25,28,20,20,None,93', 521, '20,20,21,31,None,92'),
(196905, 40, '2023-02-11', 'FT', 528, '24,25,22,21,None,92', 525, '18,24,18,19,None,79'),
(196906, 40, '2023-02-11', 'FT', 519, '32,21,21,15,None,89', 532, '22,20,21,18,None,81'),
(196907, 40, '2023-02-12', 'FT', 550, '7,21,18,12,None,58', 522, '23,19,21,16,None,79'),
(196908, 40, '2023-02-12', 'FT', 526, '15,20,28,20,None,83', 520, '28,26,21,25,None,100'),
(196909, 40, '2023-02-12', 'FT', 2263, '30,23,20,25,None,98', 5923, '21,20,26,16,None,83'),
(196910, 40, '2023-02-14', 'FT', 520, '23,19,29,26,None,97', 533, '20,21,19,17,None,77'),
(196911, 40, '2023-02-14', 'FT', 522, '19,15,23,13,None,70', 529, '35,18,16,20,None,89'),
(196912, 40, '2023-02-14', 'FT', 525, '16,24,19,26,None,85', 519, '16,27,23,25,None,91'),
(196913, 40, '2023-02-14', 'FT', 532, '19,27,21,20,None,87', 526, '19,22,22,16,None,79'),
(196914, 40, '2023-02-14', 'FT', 523, '27,16,24,27,None,94', 530, '31,25,22,30,None,108'),
(196915, 40, '2023-02-15', 'FT', 521, '20,11,17,23,None,71', 561, '24,19,30,14,None,87'),
(196916, 40, '2023-02-15', 'FT', 524, '28,28,18,17,None,91', 2263, '8,12,19,18,None,57'),
(196917, 40, '2023-02-15', 'FT', 550, '23,25,18,20,None,86', 528, '24,24,20,19,None,87'),
(196918, 40, '2023-02-15', 'FT', 5923, '23,24,19,24,None,90', 552, '23,17,14,17,None,71'),
(196919, 40, '2023-03-03', 'FT', 529, '24,24,19,16,None,83', 520, '30,15,23,20,None,88'),
(196920, 40, '2023-04-11', 'AOT', 528, '14,28,26,17,21,106', 532, '23,25,19,18,12,97'),
(196921, 40, '2023-03-04', 'FT', 2263, '25,27,30,20,None,102', 561, '18,21,17,22,None,78'),
(196922, 40, '2023-04-05', 'FT', 525, '14,22,14,28,None,78', 523, '20,24,17,12,None,73'),
(196923, 40, '2023-03-03', 'FT', 5923, '20,11,12,19,None,62', 533, '12,27,20,23,None,82'),
(196924, 40, '2023-03-04', 'FT', 550, '26,9,14,24,None,73', 521, '20,28,15,20,None,83'),
(196925, 40, '2023-03-05', 'FT', 526, '18,14,17,12,None,61', 524, '18,26,18,26,None,88'),
(196926, 40, '2023-03-05', 'FT', 530, '31,27,28,25,None,111', 552, '22,27,14,24,None,87'),
(196927, 40, '2023-03-04', 'FT', 519, '17,26,7,21,None,71', 522, '16,27,13,20,None,76'),
(196928, 40, '2023-03-10', 'FT', 552, '12,23,25,24,None,84', 528, '19,18,12,25,None,74'),
(196929, 40, '2023-03-11', 'FT', 519, '25,25,18,33,None,101', 550, '29,20,19,23,None,91'),
(196930, 40, '2023-03-11', 'FT', 529, '13,21,22,21,None,77', 530, '20,24,30,9,None,83'),
(196931, 40, '2023-03-11', 'FT', 2263, '26,23,22,24,None,95', 520, '22,28,24,25,None,99'),
(196932, 40, '2023-03-11', 'FT', 533, '24,22,25,23,None,94', 526, '28,25,16,10,None,79'),
(196933, 40, '2023-03-12', 'FT', 523, '25,27,10,17,None,79', 522, '17,29,19,15,None,80'),
(196934, 40, '2023-03-11', 'FT', 524, '27,27,23,17,None,94', 5923, '21,24,15,13,None,73'),
(196935, 40, '2023-03-12', 'FT', 532, '21,22,20,20,None,83', 521, '18,17,16,22,None,73'),
(196936, 40, '2023-03-12', 'FT', 561, '21,19,20,26,None,86', 525, '15,17,22,25,None,79'),
(196937, 40, '2023-03-17', 'AOT', 5923, '23,24,14,17,18,96', 523, '19,25,19,15,11,89'),
(196938, 40, '2023-05-02', 'FT', 528, '20,13,14,13,None,60', 524, '23,30,18,24,None,95'),
(196939, 40, '2023-03-19', 'FT', 530, '18,20,20,19,None,77', 519, '22,19,20,22,None,83'),
(196940, 40, '2023-03-18', 'FT', 525, '22,10,15,29,None,76', 533, '14,23,22,9,None,68'),
(196941, 40, '2023-03-18', 'FT', 520, '20,21,26,21,None,88', 561, '30,18,19,27,None,94'),
(196942, 40, '2023-03-19', 'FT', 532, '23,31,16,24,None,94', 529, '15,14,21,8,None,58'),
(196943, 40, '2023-03-19', 'FT', 521, '25,30,14,20,None,89', 552, '19,24,19,20,None,82'),
(196944, 40, '2023-03-19', 'FT', 526, '21,21,24,23,None,89', 550, '25,21,17,21,None,84'),
(196945, 40, '2023-03-19', 'FT', 522, '14,23,24,26,None,87', 2263, '22,15,14,15,None,66'),
(196946, 40, '2023-03-25', 'FT', 561, '20,18,13,21,None,72', 5923, '13,23,17,23,None,76'),
(196947, 40, '2023-03-24', 'FT', 523, '20,22,13,30,None,85', 532, '20,24,18,13,None,75'),
(196948, 40, '2023-03-25', 'FT', 533, '22,30,15,26,None,93', 530, '15,24,18,19,None,76'),
(196949, 40, '2023-03-25', 'FT', 2263, '11,18,32,21,None,82', 528, '22,25,27,19,None,93'),
(196950, 40, '2023-03-25', 'FT', 529, '25,16,19,24,None,84', 526, '13,27,16,14,None,70'),
(196951, 40, '2023-03-26', 'FT', 519, '13,15,31,25,None,84', 520, '16,18,11,22,None,67'),
(196952, 40, '2023-03-26', 'FT', 550, '24,22,24,9,None,79', 524, '20,22,22,17,None,81'),
(196953, 40, '2023-03-26', 'FT', 552, '22,23,24,24,None,93', 525, '30,16,21,15,None,82'),
(196954, 40, '2023-03-26', 'FT', 521, '13,23,15,12,None,63', 522, '21,13,21,19,None,74'),
(196955, 40, '2023-04-01', 'FT', 524, '20,25,13,18,None,76', 529, '16,21,14,15,None,66'),
(196956, 40, '2023-04-01', 'AOT', 520, '20,26,21,21,11,99', 5923, '22,16,26,24,18,106'),
(196957, 40, '2023-04-01', 'FT', 525, '30,21,23,19,None,93', 521, '21,23,27,17,None,88'),
(196958, 40, '2023-04-01', 'AOT', 528, '22,18,13,36,12,101', 533, '23,28,25,13,19,108'),
(196959, 40, '2023-04-02', 'FT', 532, '18,20,14,23,None,75', 552, '27,25,29,18,None,99'),
(196960, 40, '2023-04-02', 'FT', 526, '9,24,12,16,None,61', 519, '17,25,23,14,None,79'),
(196961, 40, '2023-04-02', 'FT', 522, '16,24,18,31,None,89', 530, '18,16,20,18,None,72'),
(196962, 40, '2023-04-02', 'FT', 550, '12,23,14,20,None,69', 561, '15,20,16,20,None,71'),
(196963, 40, '2023-04-02', 'FT', 523, '31,21,19,24,None,95', 2263, '22,23,23,16,None,84'),
(196964, 40, '2023-04-08', 'FT', 521, '25,24,27,25,None,101', 523, '19,27,22,21,None,89'),
(196965, 40, '2023-04-08', 'FT', 530, '12,29,21,20,None,82', 525, '18,19,20,20,None,77'),
(196966, 40, '2023-04-08', 'FT', 532, '14,25,16,21,None,76', 524, '20,15,21,31,None,87'),
(196967, 40, '2023-04-08', 'FT', 2263, '23,13,24,12,None,72', 550, '17,27,20,12,None,76'),
(196968, 40, '2023-04-09', 'FT', 519, '29,18,24,20,None,91', 528, '23,23,15,17,None,78'),
(196969, 40, '2023-04-09', 'FT', 552, '24,27,26,32,None,109', 520, '22,34,19,25,None,100'),
(196970, 40, '2023-04-09', 'FT', 561, '16,22,18,21,None,77', 526, '24,18,33,24,None,99'),
(196971, 40, '2023-04-09', 'FT', 533, '26,32,26,28,None,112', 529, '23,14,24,17,None,78'),
(196972, 40, '2023-04-10', 'FT', 5923, '12,9,14,14,None,49', 522, '18,22,7,20,None,67'),
(196973, 40, '2023-04-14', 'FT', 552, '17,16,27,18,None,78', 561, '29,14,10,22,None,75'),
(196974, 40, '2023-04-15', 'FT', 524, '25,17,17,27,None,86', 523, '11,7,18,6,None,42'),
(196975, 40, '2023-04-15', 'FT', 550, '26,24,20,19,None,89', 532, '19,28,23,21,None,91'),
(196976, 40, '2023-04-15', 'FT', 525, '24,25,18,18,None,85', 5923, '20,16,31,19,None,86'),
(196977, 40, '2023-04-15', 'FT', 528, '28,12,20,27,None,87', 530, '19,14,24,23,None,80'),
(196978, 40, '2023-04-16', 'FT', 529, '11,21,15,16,None,63', 519, '20,20,28,15,None,83'),
(196979, 40, '2023-04-16', 'FT', 526, '13,18,22,18,None,71', 2263, '13,18,15,19,None,65'),
(196980, 40, '2023-04-16', 'FT', 522, '15,22,20,16,None,73', 520, '18,20,19,15,None,72'),
(196981, 40, '2023-04-16', 'FT', 521, '23,28,12,21,None,84', 533, '15,20,22,10,None,67'),
(196982, 40, '2023-04-18', 'FT', 523, '26,26,15,19,None,86', 550, '24,20,25,33,None,102'),
(196983, 40, '2023-04-18', 'FT', 561, '31,24,13,26,None,94', 528, '24,24,18,19,None,85'),
(196984, 40, '2023-05-02', 'AOT', 533, '31,24,16,27,30,128', 2263, '21,27,27,23,24,122'),
(196985, 40, '2023-04-18', 'FT', 5923, '17,22,19,20,None,78', 532, '24,16,13,29,None,82'),
(196986, 40, '2023-04-19', 'FT', 529, '24,26,17,23,None,90', 552, '23,27,13,23,None,86'),
(196987, 40, '2023-03-02', 'FT', 524, '32,30,17,22,None,101', 525, '22,22,13,26,None,83'),
(196988, 40, '2023-04-19', 'FT', 522, '21,26,26,22,None,95', 526, '21,14,24,30,None,89'),
(196989, 40, '2023-04-12', 'FT', 520, '19,17,24,21,None,81', 530, '20,31,15,7,None,73'),
(196990, 40, '2023-04-19', 'FT', 519, '27,18,16,24,None,85', 521, '21,24,17,16,None,78'),
(196991, 40, '2023-04-21', 'FT', 550, '26,24,19,23,None,92', 533, '21,20,24,21,None,86'),
(196992, 40, '2023-04-22', 'FT', 528, '19,15,16,30,None,80', 521, '18,23,21,17,None,79'),
(196993, 40, '2023-04-22', 'FT', 552, '18,22,19,15,None,74', 524, '23,18,19,31,None,91'),
(196994, 40, '2023-04-22', 'FT', 530, '24,21,17,19,None,81', 5923, '18,19,19,22,None,78'),
(196995, 40, '2023-04-22', 'FT', 2263, '37,31,33,22,None,123', 529, '18,19,22,21,None,80'),
(196996, 40, '2023-04-23', 'FT', 526, '17,19,40,31,None,107', 523, '26,29,29,29,None,113'),
(196997, 40, '2023-04-23', 'FT', 532, '20,29,21,34,None,104', 520, '28,24,18,25,None,95'),
(196998, 40, '2023-04-23', 'FT', 519, '22,29,28,25,None,104', 561, '25,21,15,18,None,79'),
(196999, 40, '2023-04-23', 'FT', 525, '12,19,24,14,None,69', 522, '13,15,22,28,None,78'),
(197000, 40, '2023-04-25', 'FT', 521, '25,26,10,25,None,86', 526, '15,17,22,17,None,71'),
(197001, 40, '2023-04-25', 'FT', 524, '17,29,19,19,None,84', 519, '12,26,15,24,None,77'),
(197002, 40, '2023-04-25', 'FT', 529, '17,21,15,24,None,77', 525, '18,12,16,20,None,66'),
(197003, 40, '2023-04-25', 'FT', 533, '9,27,32,29,None,97', 532, '23,15,21,25,None,84'),
(197004, 40, '2023-04-26', 'FT', 523, '24,15,31,26,None,96', 552, '24,25,30,23,None,102'),
(197005, 40, '2023-04-26', 'AOT', 530, '36,27,15,14,12,104', 2263, '21,29,21,21,8,100'),
(197006, 40, '2023-04-26', 'FT', 522, '25,32,24,27,None,108', 561, '13,16,28,19,None,76'),
(197007, 40, '2023-03-22', 'FT', 520, '20,23,28,24,None,95', 550, '21,22,19,21,None,83'),
(197008, 40, '2023-04-27', 'FT', 5923, '26,18,15,15,None,74', 528, '22,30,20,20,None,92'),
(197009, 40, '2023-04-29', 'FT', 550, '25,17,18,27,None,87', 529, '21,29,17,13,None,80'),
(197010, 40, '2023-04-29', 'FT', 525, '26,29,26,20,None,101', 520, '18,18,28,28,None,92'),
(197011, 40, '2023-04-29', 'FT', 532, '23,27,28,15,None,93', 530, '23,18,18,21,None,80'),
(197012, 40, '2023-04-30', 'FT', 519, '20,28,22,21,None,91', 533, '12,21,25,21,None,79'),
(197013, 40, '2023-04-29', 'FT', 524, '26,21,18,24,None,89', 521, '22,22,15,19,None,78'),
(197014, 40, '2023-04-30', 'FT', 528, '24,20,15,24,None,83', 522, '22,19,13,21,None,75'),
(197015, 40, '2023-04-30', 'FT', 552, '32,22,32,23,None,109', 2263, '30,19,19,23,None,91'),
(197016, 40, '2023-04-30', 'FT', 561, '23,22,33,21,None,99', 523, '12,19,20,19,None,70'),
(197017, 40, '2023-05-01', 'FT', 526, '20,17,24,25,None,86', 5923, '16,19,19,23,None,77'),
(197018, 40, '2023-05-04', 'FT', 520, '12,18,17,28,None,75', 524, '16,31,39,16,None,102'),
(197019, 40, '2023-05-04', 'FT', 523, '17,17,19,19,None,72', 519, '20,27,22,14,None,83'),
(197020, 40, '2023-04-04', 'FT', 528, '22,13,19,17,None,71', 529, '26,29,20,23,None,98'),
(197021, 40, '2023-05-04', 'FT', 5923, '12,25,15,21,None,73', 521, '19,22,17,19,None,77'),
(197022, 40, '2023-05-04', 'FT', 522, '17,25,22,14,None,78', 552, '21,23,22,23,None,89'),
(197023, 40, '2023-05-05', 'FT', 525, '17,27,18,22,None,84', 526, '23,24,20,16,None,83'),
(197024, 40, '2023-05-05', 'FT', 530, '19,20,26,21,None,86', 550, '20,23,21,15,None,79'),
(197025, 40, '2023-05-05', 'FT', 2263, '14,22,22,16,None,74', 532, '31,26,20,25,None,102'),
(197026, 40, '2023-05-05', 'FT', 533, '29,22,30,35,None,116', 561, '29,17,18,22,None,86'),
(197027, 40, '2023-05-07', 'FT', 552, '22,18,14,20,None,74', 550, '20,16,18,27,None,81'),
(197028, 40, '2023-05-07', 'AOT', 561, '14,28,17,20,13,92', 530, '12,26,27,14,8,87'),
(197029, 40, '2023-05-07', 'FT', 532, '22,21,25,20,None,88', 522, '12,19,16,29,None,76'),
(197030, 40, '2023-04-05', 'FT', 519, '19,22,15,20,None,76', 5923, '9,9,14,15,None,47'),
(197031, 40, '2023-05-07', 'FT', 528, '21,26,15,20,None,82', 526, '17,21,22,28,None,88'),
(197032, 40, '2023-05-07', 'FT', 524, '23,18,27,17,None,85', 533, '18,18,27,20,None,83'),
(197033, 40, '2023-05-07', 'FT', 521, '21,16,23,28,None,88', 529, '21,28,12,17,None,78'),
(197034, 40, '2023-05-07', 'FT', 520, '32,33,23,32,None,120', 523, '30,32,16,28,None,106'),
(197035, 40, '2023-05-07', 'FT', 2263, '17,17,28,17,None,79', 525, '20,19,12,18,None,69'),
(318766, 117, '2023-01-02', 'FT', 2338, '26,18,13,21,None,78', 2329, '28,14,20,25,None,87'),
(318767, 117, '2023-01-03', 'FT', 2341, '18,22,26,26,None,92', 2332, '13,23,17,33,None,86'),
(318768, 117, '2023-01-03', 'FT', 1125, '20,18,20,26,None,84', 2331, '25,16,30,24,None,95'),
(318769, 117, '2023-01-03', 'FT', 1697, '26,24,16,22,None,88', 2333, '24,23,15,20,None,82'),
(318770, 117, '2023-01-03', 'FT', 1139, '19,22,18,20,None,79', 2334, '17,11,15,23,None,66'),
(318771, 117, '2023-01-06', 'FT', 2336, '13,16,29,27,None,85', 2339, '18,12,19,15,None,64'),
(318772, 117, '2023-01-04', 'AOT', 2337, '21,21,28,21,13,104', 1698, '19,30,23,19,8,99'),
(318773, 117, '2023-01-04', 'AOT', 2330, '20,23,19,17,9,88', 1120, '25,18,22,14,11,90'),
(318774, 117, '2023-01-04', 'FT', 2340, '23,19,28,22,None,92', 1695, '20,21,15,23,None,79'),
(318775, 117, '2023-01-07', 'FT', 2332, '12,23,21,19,None,75', 1139, '21,19,28,15,None,83'),
(318776, 117, '2023-01-07', 'FT', 2329, '29,25,22,28,None,104', 1697, '21,15,16,18,None,70'),
(318777, 117, '2023-01-07', 'FT', 2334, '21,20,33,16,None,90', 1125, '13,24,16,19,None,72'),
(318778, 117, '2023-01-08', 'FT', 2338, '25,25,26,29,None,105', 2333, '23,13,24,25,None,85'),
(318779, 117, '2023-01-07', 'FT', 1120, '14,18,17,15,None,64', 2337, '9,14,17,19,None,59'),
(318780, 117, '2023-01-08', 'FT', 1698, '25,15,13,12,None,65', 2330, '15,12,27,18,None,72'),
(318781, 117, '2023-01-08', 'FT', 2331, '15,25,18,27,None,85', 2341, '15,23,23,18,None,79'),
(318782, 117, '2023-01-08', 'FT', 2339, '21,20,31,19,None,91', 2340, '20,26,18,20,None,84'),
(318783, 117, '2023-01-08', 'FT', 1695, '27,23,27,22,None,99', 2336, '21,19,20,21,None,81'),
(318784, 117, '2023-01-14', 'FT', 1139, '22,15,25,22,None,84', 1695, '14,14,14,17,None,59'),
(318785, 117, '2023-01-14', 'FT', 2340, '27,26,21,26,None,100', 1120, '15,12,21,18,None,66'),
(318786, 117, '2023-01-14', 'AOT', 2330, '16,17,17,23,10,83', 2339, '24,18,15,16,14,87'),
(318787, 117, '2023-01-14', 'FT', 2333, '19,26,30,35,None,110', 2332, '19,10,14,22,None,65'),
(318788, 117, '2023-01-15', 'FT', 1125, '14,10,22,16,None,62', 2338, '19,13,25,25,None,82'),
(318789, 117, '2023-01-15', 'FT', 1697, '17,16,21,17,None,71', 2337, '20,16,19,18,None,73'),
(318790, 117, '2023-01-15', 'FT', 2341, '23,19,31,30,None,103', 1698, '15,36,23,18,None,92'),
(318791, 117, '2023-01-15', 'FT', 2336, '13,20,24,15,None,72', 2329, '17,20,28,21,None,86'),
(318792, 117, '2023-01-15', 'FT', 2331, '25,14,28,17,None,84', 2334, '17,21,26,19,None,83'),
(318793, 117, '2023-01-21', 'FT', 2332, '23,15,17,17,None,72', 2336, '14,17,25,32,None,88'),
(318794, 117, '2023-01-22', 'FT', 1125, '16,28,16,18,None,78', 1139, '23,15,22,32,None,92'),
(318795, 117, '2023-01-21', 'AOT', 1698, '31,15,21,19,8,94', 2340, '20,31,18,17,12,98'),
(318796, 117, '2023-01-21', 'FT', 2339, '18,23,28,19,None,88', 1697, '11,19,16,18,None,64'),
(318797, 117, '2023-01-22', 'FT', 2329, '18,29,16,25,None,88', 1695, '11,18,26,23,None,78'),
(318798, 117, '2023-01-22', 'FT', 2337, '11,24,26,30,None,91', 2331, '19,14,23,30,None,86'),
(318799, 117, '2023-01-22', 'FT', 2341, '23,19,32,14,None,88', 2330, '14,17,18,27,None,76'),
(318800, 117, '2023-01-22', 'FT', 2334, '18,20,17,20,None,75', 2333, '31,20,17,23,None,91'),
(318801, 117, '2023-01-22', 'FT', 2338, '24,22,28,17,None,91', 1120, '11,26,9,27,None,73'),
(318802, 117, '2023-01-28', 'FT', 1120, '29,30,24,16,None,99', 1125, '12,12,18,25,None,67'),
(318803, 117, '2023-01-28', 'FT', 2332, '23,9,20,15,None,67', 2339, '25,24,22,24,None,95'),
(318804, 117, '2023-01-28', 'FT', 1139, '12,24,17,20,None,73', 2329, '22,13,27,22,None,84'),
(318805, 117, '2023-01-28', 'FT', 1695, '13,16,10,12,None,51', 2334, '15,20,24,11,None,70'),
(318806, 117, '2023-01-29', 'FT', 1698, '22,14,13,20,None,69', 2338, '32,25,19,18,None,94'),
(318807, 117, '2023-01-29', 'FT', 2333, '15,24,17,19,None,75', 2337, '17,15,20,16,None,68'),
(318808, 117, '2023-01-29', 'FT', 2336, '19,17,20,24,None,80', 2331, '23,18,22,24,None,87'),
(318809, 117, '2023-01-29', 'FT', 2340, '19,28,24,31,None,102', 2341, '15,18,32,21,None,86'),
(318810, 117, '2023-01-29', 'AOT', 2330, '24,18,15,19,13,89', 1697, '18,12,28,18,6,82'),
(318811, 117, '2023-02-04', 'FT', 2334, '20,11,21,21,None,73', 1698, '16,11,17,21,None,65'),
(318812, 117, '2023-02-04', 'FT', 2337, '25,17,28,7,None,77', 1695, '20,15,17,12,None,64'),
(318813, 117, '2023-02-04', 'FT', 2333, '19,21,22,26,None,88', 2340, '16,21,21,12,None,70'),
(318814, 117, '2023-02-04', 'FT', 1697, '20,22,23,19,None,84', 2336, '14,15,21,21,None,71'),
(318815, 117, '2023-02-05', 'FT', 2329, '14,18,25,24,None,81', 2341, '24,19,16,16,None,75'),
(318816, 117, '2023-02-05', 'FT', 1120, '20,13,31,28,None,92', 1139, '20,19,20,11,None,70'),
(318817, 117, '2023-02-05', 'FT', 2331, '16,23,30,22,None,91', 2330, '23,9,22,25,None,79'),
(318818, 117, '2023-02-05', 'FT', 2338, '28,22,20,18,None,88', 2339, '20,16,23,18,None,77'),
(318819, 117, '2023-02-05', 'FT', 1125, '26,23,17,17,None,83', 2332, '21,11,24,15,None,71'),
(318820, 117, '2023-02-11', 'FT', 2332, '20,13,22,16,None,71', 2330, '31,21,22,11,None,85'),
(318821, 117, '2023-02-11', 'FT', 1695, '20,22,22,26,None,90', 1125, '18,16,21,18,None,73'),
(318822, 117, '2023-02-11', 'FT', 1139, '18,26,24,25,None,93', 2337, '21,18,18,19,None,76'),
(318823, 117, '2023-02-11', 'FT', 1697, '15,17,21,14,None,67', 2334, '19,12,22,18,None,71'),
(318824, 117, '2023-02-12', 'FT', 2329, '20,15,23,24,None,82', 1120, '12,12,13,17,None,54'),
(318825, 117, '2023-02-12', 'FT', 2341, '16,23,17,26,None,82', 2333, '22,18,19,17,None,76'),
(318826, 117, '2023-02-12', 'FT', 2336, '20,12,23,25,None,80', 2338, '20,20,31,17,None,88'),
(318827, 117, '2023-02-12', 'AOT', 2340, '16,23,19,20,3,81', 2331, '15,15,21,27,11,89'),
(318828, 117, '2023-03-04', 'FT', 1698, '23,27,14,28,None,92', 2332, '18,18,14,28,None,78'),
(318829, 117, '2023-03-04', 'FT', 2340, '22,19,31,22,None,94', 1139, '16,19,18,17,None,70'),
(318830, 117, '2023-03-04', 'FT', 2330, '19,27,23,16,None,85', 2329, '12,12,30,29,None,83'),
(318831, 117, '2023-03-04', 'AOT', 1120, '22,25,22,23,22,114', 1697, '22,20,27,23,23,115'),
(318832, 117, '2023-03-05', 'FT', 2334, '20,19,27,28,None,94', 2336, '17,19,14,18,None,68'),
(318833, 117, '2023-03-05', 'FT', 2333, '29,16,26,23,None,94', 1695, '14,23,19,15,None,71'),
(318834, 117, '2023-03-05', 'FT', 2337, '14,16,27,21,None,78', 2338, '24,20,22,18,None,84'),
(318835, 117, '2023-03-05', 'FT', 2341, '19,16,22,20,None,77', 2339, '24,20,8,20,None,72'),
(318836, 117, '2023-03-05', 'FT', 2331, '22,34,23,26,None,105', 1125, '19,20,24,18,None,81'),
(318837, 117, '2023-03-11', 'FT', 1125, '19,20,21,20,None,80', 2333, '13,7,20,26,None,66'),
(318838, 117, '2023-03-12', 'FT', 2336, '26,18,23,18,None,85', 2340, '19,14,23,24,None,80'),
(318839, 117, '2023-03-11', 'FT', 2339, '16,20,26,23,None,85', 2334, '12,9,23,24,None,68'),
(318840, 117, '2023-03-11', 'FT', 2330, '13,12,16,37,None,78', 2337, '16,13,28,22,None,79'),
(318841, 117, '2023-03-12', 'FT', 1139, '19,13,20,23,None,75', 2341, '26,20,9,24,None,79'),
(318842, 117, '2023-03-12', 'FT', 2338, '11,27,26,22,None,86', 1695, '15,13,13,24,None,65'),
(318843, 117, '2023-03-12', 'FT', 1697, '26,14,18,13,None,71', 2331, '23,26,14,20,None,83'),
(318844, 117, '2023-03-12', 'FT', 2329, '32,24,21,16,None,93', 1698, '18,11,20,23,None,72'),
(318845, 117, '2023-03-12', 'FT', 2332, '16,23,18,16,None,73', 1120, '24,14,37,17,None,92'),
(318846, 117, '2023-03-18', 'FT', 1698, '19,29,26,17,None,91', 1697, '17,19,33,15,None,84'),
(318847, 117, '2023-03-18', 'FT', 2337, '11,10,14,23,None,58', 2339, '22,13,19,24,None,78'),
(318848, 117, '2023-03-18', 'FT', 2334, '29,18,30,26,None,103', 2332, '25,13,22,26,None,86'),
(318849, 117, '2023-03-18', 'FT', 2333, '27,30,18,32,None,107', 2336, '27,10,23,29,None,89'),
(318850, 117, '2023-03-19', 'FT', 1695, '19,23,19,23,None,84', 1139, '16,21,18,22,None,77'),
(318851, 117, '2023-03-19', 'FT', 1120, '20,19,21,11,None,71', 2330, '28,21,24,14,None,87'),
(318852, 117, '2023-03-19', 'FT', 2340, '24,15,18,24,None,81', 2329, '16,19,26,25,None,86'),
(318853, 117, '2023-03-19', 'FT', 2338, '27,18,24,19,None,88', 2331, '15,24,31,25,None,95'),
(318854, 117, '2023-03-19', 'FT', 2341, '20,18,24,18,None,80', 1125, '18,16,18,20,None,72'),
(318855, 117, '2023-03-25', 'FT', 1139, '12,21,21,25,None,79', 1698, '12,27,27,20,None,86'),
(318856, 117, '2023-03-25', 'FT', 2337, '17,24,10,16,None,67', 1120, '14,19,22,19,None,74'),
(318857, 117, '2023-03-25', 'FT', 2329, '18,21,28,20,None,87', 2334, '13,17,21,20,None,71'),
(318858, 117, '2023-03-25', 'FT', 1125, '26,23,25,14,None,88', 2336, '16,17,22,12,None,67'),
(318859, 117, '2023-03-26', 'FT', 1697, '20,10,20,16,None,66', 2340, '25,15,18,21,None,79'),
(318860, 117, '2023-03-26', 'FT', 2339, '19,14,26,22,None,81', 2333, '11,20,20,26,None,77'),
(318861, 117, '2023-03-26', 'FT', 2331, '24,27,27,22,None,100', 1695, '17,10,25,26,None,78'),
(318862, 117, '2023-03-26', 'FT', 2332, '13,18,26,21,None,78', 2338, '29,21,32,20,None,102'),
(318863, 117, '2023-03-26', 'FT', 2330, '24,14,20,28,None,86', 2341, '22,14,19,20,None,75'),
(318864, 117, '2023-03-29', 'FT', 2339, '28,23,17,32,None,100', 1698, '28,31,8,20,None,87'),
(318865, 117, '2023-04-01', 'FT', 1695, '18,15,23,25,None,81', 2330, '16,8,23,21,None,68'),
(318866, 117, '2023-04-01', 'FT', 2340, '24,28,27,21,None,100', 2332, '14,28,16,17,None,75'),
(318867, 117, '2023-04-01', 'FT', 1120, '19,10,22,14,None,65', 2334, '19,27,23,16,None,85'),
(318868, 117, '2023-04-01', 'FT', 2333, '16,30,19,22,None,87', 1697, '30,10,20,11,None,71'),
(318869, 117, '2023-04-02', 'FT', 2336, '26,21,30,25,None,102', 1139, '20,26,14,19,None,79'),
(318870, 117, '2023-04-02', 'FT', 2339, '21,11,24,20,None,76', 2329, '24,18,15,22,None,79'),
(318871, 117, '2023-04-02', 'FT', 2338, '30,29,22,27,None,108', 1125, '15,22,21,17,None,75'),
(318872, 117, '2023-04-02', 'FT', 2341, '18,17,20,26,None,81', 2331, '14,23,19,29,None,85'),
(318873, 117, '2023-04-02', 'FT', 1698, '21,23,21,15,None,80', 2337, '9,11,14,31,None,65'),
(318874, 117, '2023-04-08', 'FT', 1125, '14,15,12,28,None,69', 2340, '20,30,32,19,None,101'),
(318875, 117, '2023-04-08', 'FT', 2337, '20,19,19,23,None,81', 2336, '15,13,28,23,None,79'),
(318876, 117, '2023-04-08', 'FT', 2330, '16,19,18,23,None,76', 2333, '19,15,23,16,None,73'),
(318877, 117, '2023-04-08', 'FT', 1120, '21,18,31,26,None,96', 2338, '12,22,17,21,None,72'),
(318878, 117, '2023-04-09', 'AOT', 1697, '18,21,11,16,14,80', 2339, '17,11,21,17,10,76'),
(318879, 117, '2023-04-09', 'FT', 1139, '20,20,23,22,None,85', 2332, '19,6,19,16,None,60'),
(318880, 117, '2023-04-09', 'FT', 1695, '18,13,21,30,None,82', 2329, '22,15,20,23,None,80'),
(318881, 117, '2023-04-09', 'FT', 2334, '21,16,19,29,None,85', 2341, '17,15,21,17,None,70'),
(318882, 117, '2023-04-09', 'FT', 2331, '27,26,29,25,None,107', 1698, '23,23,25,21,None,92'),
(318883, 117, '2023-04-15', 'FT', 2332, '19,20,21,17,None,77', 1695, '25,14,10,22,None,71'),
(318884, 117, '2023-04-15', 'FT', 2340, '23,26,27,23,None,99', 2337, '22,19,25,23,None,89'),
(318885, 117, '2023-04-15', 'FT', 2333, '13,26,23,15,None,77', 1120, '14,21,11,20,None,66'),
(318886, 117, '2023-04-15', 'FT', 2334, '25,22,15,30,None,92', 1139, '13,19,15,17,None,64'),
(318887, 117, '2023-04-16', 'FT', 2336, '17,13,18,31,None,79', 2330, '8,15,25,26,None,74'),
(318888, 117, '2023-04-16', 'FT', 2339, '23,21,16,23,None,83', 2331, '21,19,14,27,None,81'),
(318889, 117, '2023-04-16', 'FT', 1698, '27,24,15,20,None,86', 1125, '23,13,15,26,None,77'),
(318890, 117, '2023-04-16', 'FT', 2329, '17,30,31,19,None,97', 2338, '24,22,17,19,None,82'),
(318891, 117, '2023-04-16', 'FT', 2341, '16,22,32,17,None,87', 1697, '21,19,16,25,None,81'),
(318892, 117, '2023-04-19', 'FT', 2338, '19,25,27,18,None,89', 1139, '11,21,19,19,None,70'),
(318893, 117, '2023-04-04', 'FT', 2333, '20,21,32,27,None,100', 2334, '23,23,12,30,None,88'),
(318894, 117, '2023-04-19', 'FT', 2331, '34,24,20,32,None,110', 2337, '9,31,23,31,None,94'),
(318895, 117, '2023-04-26', 'FT', 1695, '8,20,13,19,None,60', 2339, '25,12,29,17,None,83'),
(318896, 117, '2023-04-19', 'FT', 1125, '7,16,15,17,None,55', 2329, '22,10,16,22,None,70'),
(318897, 117, '2023-04-19', 'FT', 2336, '25,22,20,23,None,90', 2341, '24,22,19,17,None,82'),
(318898, 117, '2023-04-20', 'FT', 1697, '19,20,26,22,None,87', 2332, '11,18,26,22,None,77'),
(318899, 117, '2023-04-20', 'FT', 1120, '15,22,25,12,None,74', 2340, '20,24,24,22,None,90'),
(318900, 117, '2023-04-26', 'FT', 2330, '22,27,35,15,None,99', 1698, '24,19,15,30,None,88'),
(318901, 117, '2023-04-22', 'FT', 1139, '20,21,27,20,None,88', 1125, '16,11,22,24,None,73'),
(318902, 117, '2023-04-22', 'FT', 2329, '21,28,20,18,None,87', 2333, '14,20,26,19,None,79'),
(318903, 117, '2023-04-22', 'FT', 2341, '25,28,18,24,None,95', 1695, '22,25,20,21,None,88'),
(318904, 117, '2023-04-23', 'FT', 1698, '14,25,28,26,None,93', 2336, '19,23,20,21,None,83'),
(318905, 117, '2023-04-23', 'FT', 2339, '21,19,18,27,None,85', 1120, '19,13,15,20,None,67'),
(318906, 117, '2023-04-23', 'FT', 2330, '20,18,19,13,None,70', 2340, '17,15,26,16,None,74'),
(318907, 117, '2023-04-23', 'FT', 2337, '13,13,20,21,None,67', 1697, '8,26,20,28,None,82'),
(318908, 117, '2023-04-23', 'FT', 2334, '18,20,19,19,None,76', 2338, '30,15,26,15,None,86'),
(318909, 117, '2023-04-23', 'FT', 2332, '18,23,22,30,None,93', 2331, '32,23,20,37,None,112'),
(318910, 117, '2023-04-29', 'FT', 1125, '11,15,23,24,None,73', 2339, '21,18,19,24,None,82'),
(318911, 117, '2023-04-29', 'FT', 2336, '12,16,30,25,None,83', 2332, '23,11,15,15,None,64'),
(318912, 117, '2023-04-29', 'FT', 1695, '24,12,25,19,None,80', 1698, '14,19,22,21,None,76'),
(318913, 117, '2023-04-29', 'FT', 2341, '23,23,20,21,None,87', 2337, '24,21,15,18,None,78'),
(318914, 117, '2023-04-30', 'FT', 2338, '18,17,31,27,None,93', 2330, '13,27,26,20,None,86'),
(318915, 117, '2023-04-30', 'FT', 2333, '18,14,19,27,None,78', 1139, '21,16,18,18,None,73'),
(318916, 117, '2023-04-30', 'FT', 1697, '10,18,27,22,None,77', 2329, '28,19,18,20,None,85'),
(318917, 117, '2023-04-30', 'FT', 2340, '20,16,26,16,None,78', 2334, '15,10,23,21,None,69'),
(318918, 117, '2023-04-30', 'FT', 2331, '22,23,22,30,None,97', 1120, '18,19,13,26,None,76'),
(318919, 117, '2023-05-06', 'FT', 2330, '19,24,19,25,None,87', 2334, '17,12,22,26,None,77'),
(318920, 117, '2023-05-06', 'FT', 2337, '19,24,26,19,None,88', 1125, '14,18,28,23,None,83'),
(318921, 117, '2023-05-06', 'FT', 1139, '17,18,11,26,None,72', 2339, '25,19,17,27,None,88'),
(318922, 117, '2023-05-06', 'FT', 1697, '22,20,18,26,None,86', 1695, '22,13,25,18,None,78'),
(318923, 117, '2023-05-07', 'FT', 1120, '15,12,8,25,None,60', 2336, '16,18,20,11,None,65'),
(318924, 117, '2023-05-07', 'FT', 2338, '24,25,30,23,None,102', 2340, '24,22,28,16,None,90'),
(318925, 117, '2023-05-07', 'FT', 2329, '22,30,24,25,None,101', 2332, '16,14,8,26,None,64'),
(318926, 117, '2023-05-07', 'AOT', 2331, '19,26,28,18,10,101', 2333, '20,23,33,15,6,97'),
(318927, 117, '2023-05-07', 'FT', 1698, '22,22,23,20,None,87', 2341, '23,13,21,25,None,82'),
(318928, 117, '2023-05-09', 'FT', 1139, '30,18,23,8,None,79', 1697, '14,21,27,28,None,90'),
(318929, 117, '2023-05-09', 'FT', 1125, '14,21,17,19,None,71', 2330, '30,9,17,12,None,68'),
(318930, 117, '2023-05-10', 'FT', 1695, '17,22,27,17,None,83', 1120, '15,21,12,18,None,66'),
(318931, 117, '2023-05-03', 'FT', 2340, '21,16,28,32,None,97', 1698, '22,21,19,26,None,88'),
(318932, 117, '2023-05-03', 'AOT', 2339, '24,25,12,35,13,109', 2336, '18,24,29,25,15,111'),
(318933, 117, '2023-05-11', 'FT', 2332, '22,21,21,17,None,81', 2333, '21,30,34,12,None,97'),
(318934, 117, '2023-05-11', 'FT', 2334, '28,17,18,14,None,77', 2331, '21,18,25,22,None,86'),
(318935, 117, '2023-05-12', 'FT', 2329, '15,20,33,26,None,94', 2337, '21,11,18,27,None,77'),
(318936, 117, '2023-05-12', 'FT', 2341, '15,20,18,15,None,68', 2338, '20,19,21,19,None,79'),
(318937, 117, '2023-05-13', 'AOT', 2330, '17,18,20,21,12,88', 1139, '15,18,24,19,19,95'),
(318938, 117, '2023-05-13', 'FT', 1697, '22,24,21,18,None,85', 1125, '20,21,26,24,None,91'),
(318939, 117, '2023-05-14', 'FT', 2336, '18,12,19,18,None,67', 1695, '7,17,17,14,None,55'),
(318940, 117, '2023-05-21', 'FT', 2340, '21,13,25,16,None,75', 2339, '13,21,17,20,None,71'),
(318941, 117, '2023-05-14', 'FT', 1120, '19,23,19,20,None,81', 1698, '22,14,23,23,None,82'),
(318942, 117, '2023-05-14', 'FT', 2334, '24,22,24,26,None,96', 2337, '15,33,19,18,None,85'),
(318943, 117, '2023-05-14', 'FT', 2331, '21,24,19,20,None,84', 2329, '24,21,28,18,None,91'),
(318944, 117, '2023-05-14', 'FT', 2332, '24,9,23,19,None,75', 2341, '28,20,22,23,None,93'),
(318945, 117, '2023-05-14', 'FT', 2333, '21,22,16,8,None,67', 2338, '23,31,17,24,None,95'),
(318946, 117, '2023-05-24', 'FT', 1125, '14,17,16,26,None,73', 2334, '19,16,17,10,None,62'),
(318947, 117, '2023-05-24', 'FT', 2338, '24,14,19,22,None,79', 1697, '19,19,23,16,None,77'),
(318948, 117, '2023-05-24', 'FT', 2329, '23,18,21,24,None,86', 2336, '15,11,18,13,None,57'),
(318949, 117, '2023-05-23', 'FT', 2339, '17,27,20,28,None,92', 2330, '25,12,15,17,None,69'),
(318950, 117, '2023-05-24', 'FT', 1698, '22,26,29,28,None,105', 2333, '17,13,24,21,None,75'),
(318951, 117, '2023-05-23', 'FT', 2337, '30,21,25,26,None,102', 2332, '16,19,16,21,None,72'),
(318952, 117, '2023-05-24', 'FT', 2341, '20,14,19,24,None,77', 1120, '18,18,20,24,None,80'),
(318953, 117, '2023-05-24', 'FT', 1139, '15,19,18,18,None,70', 2331, '21,19,19,16,None,75'),
(318954, 117, '2023-05-23', 'FT', 1695, '16,25,11,19,None,71', 2340, '21,28,22,32,None,103'),
(322510, 45, '2023-01-02', 'FT', 617, '8,17,15,4,None,44', 614, '25,21,19,10,None,75'),
(322536, 45, '2023-01-02', 'FT', 612, '19,21,30,25,None,95', 608, '20,12,9,22,None,63'),
(322541, 45, '2023-01-07', 'FT', 608, '28,15,17,18,None,78', 590, '13,19,19,20,None,71'),
(322542, 45, '2023-01-08', 'FT', 610, '28,20,16,26,None,90', 612, '20,29,22,16,None,87'),
(322543, 45, '2023-01-08', 'FT', 1542, '31,29,28,23,None,111', 605, '27,11,20,13,None,71'),
(322544, 45, '2023-01-07', 'FT', 614, '23,23,19,7,None,72', 616, '8,20,16,27,None,71'),
(322545, 45, '2023-01-08', 'FT', 613, '23,27,23,24,None,97', 594, '10,17,13,20,None,60'),
(322546, 45, '2023-01-07', 'FT', 617, '19,17,13,15,None,64', 606, '16,15,16,14,None,61'),
(322547, 45, '2023-01-15', 'FT', 613, '20,20,15,15,None,70', 616, '17,21,20,23,None,81'),
(322548, 45, '2023-01-14', 'FT', 617, '26,15,18,15,None,74', 612, '17,12,19,23,None,71'),
(322549, 45, '2023-01-14', 'FT', 590, '20,17,18,9,None,64', 605, '24,15,16,15,None,70'),
(322550, 45, '2023-01-15', 'FT', 614, '24,21,29,22,None,96', 606, '7,17,25,30,None,79'),
(322551, 45, '2023-01-16', 'FT', 1542, '17,26,27,27,None,97', 594, '15,15,14,16,None,60'),
(322552, 45, '2023-01-14', 'FT', 610, '25,17,21,26,None,89', 608, '12,12,9,15,None,48'),
(322553, 45, '2023-01-22', 'FT', 606, '20,19,20,18,None,77', 613, '16,22,15,17,None,70'),
(322554, 45, '2023-01-21', 'FT', 608, '22,13,13,18,None,66', 617, '23,22,19,10,None,74'),
(322555, 45, '2023-01-21', 'FT', 610, '23,17,15,18,None,73', 590, '9,16,20,17,None,62'),
(322556, 45, '2023-01-22', 'FT', 612, '25,17,25,17,None,84', 614, '18,21,28,19,None,86'),
(322557, 45, '2023-01-23', 'FT', 616, '20,24,18,24,None,86', 1542, '22,20,21,24,None,87'),
(322558, 45, '2023-01-21', 'FT', 594, '15,10,23,13,None,61', 605, '17,18,23,11,None,69'),
(322559, 45, '2023-01-28', 'FT', 614, '28,27,30,17,None,102', 608, '10,20,15,25,None,70'),
(322560, 45, '2023-01-29', 'FT', 613, '26,31,22,14,None,93', 612, '17,15,19,17,None,68'),
(322561, 45, '2023-01-28', 'FT', 617, '11,35,14,20,None,80', 610, '12,20,17,27,None,76'),
(322562, 45, '2023-01-29', 'FT', 1542, '16,29,22,22,None,89', 606, '13,18,24,20,None,75'),
(322563, 45, '2023-01-29', 'FT', 590, '15,27,19,19,None,80', 594, '12,14,25,14,None,65'),
(322564, 45, '2023-01-28', 'FT', 605, '16,15,21,16,None,68', 616, '16,17,13,18,None,64'),
(322565, 45, '2023-03-21', 'FT', 612, '18,30,15,12,None,75', 1542, '29,25,25,24,None,103'),
(322566, 45, '2023-02-04', 'FT', 616, '19,22,23,11,None,75', 594, '25,13,15,16,None,69'),
(322567, 45, '2023-02-04', 'FT', 617, '20,7,31,18,None,76', 590, '14,21,16,15,None,66'),
(322568, 45, '2023-04-04', 'FT', 610, '10,19,11,19,None,59', 614, '23,29,20,24,None,96'),
(322569, 45, '2023-02-05', 'FT', 608, '25,13,16,20,None,74', 613, '20,19,14,18,None,71'),
(322570, 45, '2023-02-04', 'FT', 606, '26,13,19,16,None,74', 605, '19,16,16,13,None,64'),
(322571, 45, '2023-02-11', 'FT', 605, '20,16,20,25,None,81', 612, '23,19,25,28,None,95'),
(322572, 45, '2023-02-12', 'FT', 594, '20,17,12,25,None,74', 606, '20,17,24,21,None,82'),
(322573, 45, '2023-02-11', 'FT', 590, '16,25,19,26,None,86', 616, '24,13,30,13,None,80'),
(322574, 45, '2023-02-12', 'FT', 1542, '27,21,20,32,None,100', 608, '9,11,18,30,None,68'),
(322575, 45, '2023-02-13', 'FT', 614, '14,29,23,21,None,87', 617, '24,16,23,16,None,79'),
(322576, 45, '2023-02-11', 'FT', 613, '29,23,15,22,None,89', 610, '16,17,19,30,None,82'),
(322577, 45, '2023-03-04', 'FT', 612, '13,21,26,14,None,74', 594, '15,16,21,16,None,68'),
(322578, 45, '2023-03-04', 'FT', 617, '18,23,25,24,None,90', 613, '12,27,12,18,None,69'),
(322579, 45, '2023-03-04', 'FT', 614, '23,19,32,17,None,91', 590, '8,23,21,23,None,75'),
(322580, 45, '2023-03-05', 'FT', 610, '22,16,25,16,None,79', 1542, '23,11,26,20,None,80'),
(322581, 45, '2023-03-04', 'FT', 608, '25,11,19,24,None,79', 605, '29,20,24,25,None,98'),
(322582, 45, '2023-03-05', 'FT', 606, '19,16,12,31,None,78', 616, '19,20,23,21,None,83'),
(322583, 45, '2023-03-11', 'FT', 605, '23,28,30,14,None,95', 610, '19,27,22,21,None,89'),
(322584, 45, '2023-03-11', 'FT', 594, '17,18,31,27,None,93', 608, '13,18,16,19,None,66'),
(322585, 45, '2023-03-12', 'AOT', 590, '16,20,14,19,9,78', 606, '16,18,22,13,8,77'),
(322586, 45, '2023-03-12', 'FT', 1542, '26,16,17,30,None,89', 617, '17,13,24,23,None,77'),
(322587, 45, '2023-03-13', 'FT', 613, '13,25,23,20,None,81', 614, '18,22,21,12,None,73'),
(322588, 45, '2023-03-11', 'FT', 616, '19,20,20,18,None,77', 612, '21,15,14,16,None,66'),
(322589, 45, '2023-03-18', 'FT', 608, '27,14,21,13,None,75', 616, '27,30,22,23,None,102'),
(322590, 45, '2023-03-19', 'FT', 610, '24,16,26,22,None,88', 594, '15,25,17,11,None,68'),
(322591, 45, '2023-03-18', 'FT', 612, '22,18,22,19,None,81', 606, '19,18,14,19,None,70'),
(322592, 45, '2023-03-19', 'FT', 614, '21,17,20,16,None,74', 1542, '21,25,13,17,None,76'),
(322593, 45, '2023-03-19', 'FT', 613, '21,26,23,17,None,87', 590, '19,16,22,22,None,79'),
(322594, 45, '2023-03-30', 'FT', 617, '22,25,13,25,None,85', 605, '21,21,18,12,None,72'),
(322595, 45, '2023-03-26', 'FT', 1542, '30,19,17,34,None,100', 613, '22,8,22,18,None,70'),
(322596, 45, '2023-03-26', 'FT', 616, '24,19,23,22,None,88', 610, '25,18,23,12,None,78'),
(322597, 45, '2023-03-25', 'FT', 594, '23,14,18,13,None,68', 617, '14,17,15,11,None,57'),
(322598, 45, '2023-03-26', 'FT', 590, '15,19,16,20,None,70', 612, '24,13,24,24,None,85'),
(322599, 45, '2023-03-25', 'FT', 606, '26,31,27,19,None,103', 608, '17,17,14,16,None,64');
INSERT INTO `games` (`ID_games`, `ID_league`, `date`, `status`, `ID_home`, `score_home`, `ID_away`, `score_away`) VALUES
(322600, 45, '2023-03-25', 'FT', 605, '15,22,23,17,None,77', 614, '19,15,22,17,None,73'),
(322601, 45, '2023-04-01', 'FT', 608, '26,25,17,14,None,82', 612, '20,11,29,30,None,90'),
(322602, 45, '2023-04-01', 'FT', 610, '15,26,17,38,None,96', 606, '18,14,26,32,None,90'),
(322603, 45, '2023-04-02', 'FT', 1542, '21,17,25,29,None,92', 590, '22,10,15,14,None,61'),
(322604, 45, '2023-04-02', 'FT', 614, '29,29,28,22,None,108', 594, '24,9,23,21,None,77'),
(322605, 45, '2023-04-01', 'FT', 613, '23,17,12,26,None,78', 605, '18,21,16,17,None,72'),
(322606, 45, '2023-04-02', 'FT', 617, '31,16,21,23,None,91', 616, '27,20,18,18,None,83'),
(322607, 45, '2023-04-09', 'FT', 605, '19,16,18,25,None,78', 1542, '22,16,29,18,None,85'),
(322608, 45, '2023-04-09', 'FT', 594, '13,21,22,9,None,65', 613, '25,20,27,16,None,88'),
(322609, 45, '2023-04-09', 'FT', 606, '28,23,25,19,None,95', 617, '17,23,17,22,None,79'),
(322610, 45, '2023-04-08', 'FT', 590, '13,28,15,29,None,85', 608, '25,21,15,22,None,83'),
(322611, 45, '2023-04-09', 'FT', 612, '22,19,24,18,None,83', 610, '27,19,28,23,None,97'),
(322612, 45, '2023-04-09', 'FT', 616, '21,21,23,31,None,96', 614, '15,24,23,27,None,89'),
(327457, 2, '2023-01-08', 'FT', 16, '25,20,16,22,None,83', 3007, '20,22,16,19,None,77'),
(327458, 2, '2023-01-15', 'FT', 95, '23,18,42,24,None,107', 3007, '19,15,30,29,None,93'),
(327459, 2, '2023-01-21', 'FT', 3007, '21,18,22,16,None,77', 19, '27,8,21,29,None,85'),
(327460, 2, '2023-01-28', 'FT', 23, '14,31,28,24,None,97', 3007, '20,12,12,31,None,75'),
(327461, 2, '2023-02-04', 'FT', 3007, '19,23,19,13,None,74', 110, '17,15,11,20,None,63'),
(327462, 2, '2023-02-12', 'FT', 108, '28,18,31,20,None,97', 3007, '24,32,18,27,None,101'),
(327463, 2, '2023-03-07', 'FT', 3007, '23,27,11,15,None,76', 5235, '25,21,15,17,None,78'),
(327464, 2, '2023-03-14', 'FT', 11, '22,16,19,21,None,78', 3007, '12,21,18,19,None,70'),
(327465, 2, '2023-04-23', 'FT', 3007, '16,31,12,28,None,87', 24, '14,26,19,20,None,79'),
(327466, 2, '2023-03-25', 'AOT', 3007, '27,16,12,16,9,80', 95, '20,20,11,20,12,83'),
(327467, 2, '2023-03-28', 'FT', 21, '22,17,13,33,None,85', 3007, '22,17,16,9,None,64'),
(327468, 2, '2023-04-01', 'FT', 27, '17,21,20,23,None,81', 3007, '14,23,26,26,None,89'),
(327469, 2, '2023-04-09', 'FT', 3007, '20,16,13,23,None,72', 16, '17,29,21,27,None,94'),
(327470, 2, '2023-04-15', 'FT', 17, '18,24,20,8,None,70', 3007, '10,15,19,14,None,58'),
(327471, 2, '2023-04-25', 'FT', 3007, '21,24,22,20,None,87', 26, '24,24,16,19,None,83'),
(327472, 2, '2023-04-28', 'FT', 10, '25,17,19,19,None,80', 3007, '20,19,9,20,None,68'),
(327473, 2, '2023-05-06', 'FT', 3007, '19,23,7,24,None,73', 100, '17,21,18,27,None,83'),
(327474, 2, '2023-05-09', 'FT', 25, '26,11,35,18,None,90', 3007, '14,20,16,20,None,70'),
(327475, 2, '2023-05-16', 'FT', 3007, '25,14,28,18,None,85', 18, '19,19,17,26,None,81'),
(330725, 242, '2023-03-19', 'FT', 5007, '18,20,19,26,None,83', 713, '20,30,24,11,None,85'),
(330726, 242, '2023-03-18', 'FT', 715, '23,21,11,20,None,75', 3768, '19,20,16,12,None,67'),
(330727, 242, '2023-03-19', 'FT', 696, '20,27,5,20,None,72', 701, '23,16,22,24,None,85'),
(330728, 242, '2023-03-19', 'FT', 711, '26,19,15,16,None,76', 5009, '25,21,20,12,None,78'),
(330729, 242, '2023-03-19', 'AOT', 724, '16,14,23,19,14,86', 721, '18,22,19,13,6,78'),
(330730, 242, '2023-03-19', 'FT', 3769, '27,12,26,18,None,83', 3764, '22,14,23,14,None,73'),
(330731, 242, '2023-03-22', 'FT', 698, '27,24,15,17,None,83', 3770, '10,20,24,17,None,71'),
(330732, 242, '2023-03-19', 'FT', 5981, '15,13,19,12,None,59', 708, '21,21,24,11,None,77'),
(330733, 242, '2023-03-19', 'FT', 706, '19,25,15,22,None,81', 714, '17,22,22,9,None,70'),
(330734, 242, '2023-03-19', 'AOT', 720, '21,19,10,22,15,87', 702, '22,19,15,16,17,89'),
(330735, 242, '2023-03-19', 'FT', 719, '35,23,21,18,None,97', 691, '22,24,6,19,None,71'),
(330736, 242, '2023-03-19', 'FT', 703, '22,22,26,22,None,92', 5008, '18,18,17,22,None,75'),
(330737, 242, '2023-03-19', 'CANC', 705, 'None,None,None,None,None,None', 3765, 'None,None,None,None,None,None'),
(330738, 242, '2023-03-26', 'FT', 5009, '26,28,13,7,None,74', 724, '17,29,23,8,None,77'),
(330739, 242, '2023-03-26', 'FT', 702, '18,27,21,19,None,85', 698, '6,24,8,10,None,48'),
(330740, 242, '2023-03-26', 'FT', 701, '21,23,22,22,None,88', 703, '19,18,25,20,None,82'),
(330741, 242, '2023-03-26', 'FT', 3770, '22,31,18,17,None,88', 696, '14,27,16,25,None,82'),
(330742, 242, '2023-03-26', 'FT', 713, '24,19,16,28,None,87', 711, '20,13,25,14,None,72'),
(330743, 242, '2023-03-26', 'FT', 5008, '15,12,19,20,None,66', 719, '18,21,15,21,None,75'),
(330744, 242, '2023-03-26', 'FT', 3768, '19,18,25,26,None,88', 689, '23,16,20,18,None,77'),
(330745, 242, '2023-03-26', 'CANC', 708, 'None,None,None,None,None,None', 705, 'None,None,None,None,None,None'),
(330746, 242, '2023-03-26', 'FT', 721, '20,24,13,15,None,72', 706, '12,23,9,26,None,70'),
(330747, 242, '2023-03-26', 'FT', 3765, '23,18,23,12,None,76', 5007, '12,15,19,16,None,62'),
(330748, 242, '2023-03-26', 'FT', 3764, '17,17,26,12,None,72', 5981, '21,17,24,21,None,83'),
(330749, 242, '2023-03-26', 'FT', 691, '24,29,29,9,None,91', 715, '27,24,17,26,None,94'),
(330750, 242, '2023-03-26', 'FT', 714, '23,23,27,31,None,104', 3769, '24,18,15,26,None,83'),
(331818, 120, '2023-04-14', 'FT', 1263, '23,18,19,27,None,87', 16, '16,23,15,18,None,72'),
(331819, 120, '2023-04-14', 'FT', 2329, '24,27,21,13,None,85', 2341, '21,25,15,10,None,71'),
(331820, 120, '2023-04-14', 'FT', 522, '18,20,9,33,None,80', 796, '19,15,17,32,None,83'),
(331821, 120, '2023-04-14', 'FT', 1068, '18,21,19,25,None,83', 614, '26,19,21,15,None,81'),
(339258, 104, '2023-01-02', 'FT', 2264, '19,18,16,18,None,71', 1270, '21,16,19,20,None,76'),
(339259, 104, '2023-01-02', 'FT', 1267, '29,21,19,19,None,88', 1266, '18,17,28,11,None,74'),
(341169, 202, '2023-01-03', 'FT', 794, '23,23,19,20,None,85', 613, '16,16,12,18,None,62'),
(341170, 202, '2023-01-03', 'FT', 10, '17,17,30,25,None,89', 616, '16,24,20,20,None,80'),
(341171, 202, '2023-01-03', 'FT', 530, '14,28,19,24,None,85', 27, '14,18,24,25,None,81'),
(341172, 202, '2023-01-03', 'FT', 2336, '26,25,27,19,None,97', 1274, '13,31,25,23,None,92'),
(341173, 202, '2023-01-04', 'FT', 1264, '27,6,21,18,None,72', 308, '10,30,22,14,None,76'),
(341174, 202, '2023-01-04', 'FT', 605, '16,19,17,21,None,73', 1276, '20,17,12,21,None,70'),
(341175, 202, '2023-01-04', 'FT', 680, '22,35,25,21,None,103', 2556, '27,20,18,14,None,79'),
(341176, 202, '2023-01-04', 'FT', 933, '16,19,22,19,None,76', 1269, '27,20,25,17,None,89'),
(341177, 202, '2023-01-10', 'FT', 1276, '18,24,10,30,None,82', 605, '9,29,23,24,None,85'),
(341178, 202, '2023-01-10', 'FT', 2556, '28,17,17,18,None,80', 680, '22,22,22,25,None,91'),
(341179, 202, '2023-01-10', 'AOT', 616, '12,25,27,17,11,92', 10, '20,20,19,22,7,88'),
(341180, 202, '2023-01-10', 'FT', 308, '13,22,14,15,None,64', 1264, '27,16,22,12,None,77'),
(341181, 202, '2023-01-11', 'AOT', 1269, '18,17,20,13,15,83', 933, '24,18,11,15,4,72'),
(341182, 202, '2023-01-11', 'FT', 1274, '22,28,22,17,None,89', 2336, '22,25,16,33,None,96'),
(341183, 202, '2023-01-11', 'FT', 613, '17,29,11,24,None,81', 794, '23,11,24,20,None,78'),
(341184, 202, '2023-01-11', 'FT', 27, '18,22,24,18,None,82', 530, '17,6,14,25,None,62'),
(341185, 202, '2023-02-01', 'FT', 1698, '22,11,18,18,None,69', 524, '23,18,27,19,None,87'),
(341186, 202, '2023-02-07', 'FT', 1792, '19,19,17,26,None,81', 25, '16,21,26,17,None,80'),
(341187, 202, '2023-02-07', 'FT', 2339, '16,17,26,19,None,78', 1695, '17,12,17,20,None,66'),
(341188, 202, '2023-03-07', 'FT', 2340, '26,16,20,19,None,81', 1271, '21,19,21,15,None,76'),
(341189, 202, '2023-03-07', 'FT', 1695, '19,24,20,9,None,72', 2339, '23,12,17,22,None,74'),
(341190, 202, '2023-03-09', 'FT', 1271, '21,20,15,16,None,72', 2340, '16,21,21,9,None,67'),
(341191, 202, '2023-03-14', 'FT', 524, '23,25,21,16,None,85', 1698, '17,23,22,13,None,75'),
(341192, 202, '2023-03-22', 'FT', 25, '15,19,12,17,None,63', 1792, '22,23,13,13,None,71'),
(341442, 104, '2023-01-06', 'FT', 1304, '22,23,16,18,None,79', 1302, '12,21,10,37,None,80'),
(341443, 104, '2023-01-07', 'FT', 1266, '12,17,13,25,None,67', 1264, '16,13,25,17,None,71'),
(341444, 104, '2023-01-07', 'FT', 1276, '21,22,16,23,None,82', 1267, '20,22,21,20,None,83'),
(341445, 104, '2023-01-07', 'FT', 1270, '31,19,23,22,None,95', 1269, '11,22,15,34,None,82'),
(341446, 104, '2023-01-08', 'FT', 1274, '33,19,24,28,None,104', 1268, '22,27,31,22,None,102'),
(341447, 104, '2023-01-08', 'FT', 1272, '20,26,20,20,None,86', 2264, '15,19,7,14,None,55'),
(341448, 104, '2023-01-08', 'FT', 1277, '22,24,14,25,None,85', 1263, '17,22,16,15,None,70'),
(341449, 104, '2023-01-09', 'FT', 1271, '20,22,14,27,None,83', 1305, '26,22,24,28,None,100'),
(341450, 104, '2023-01-13', 'FT', 1268, '12,27,18,25,None,82', 1266, '16,11,25,17,None,69'),
(341451, 104, '2023-01-14', 'FT', 1302, '20,12,18,21,None,71', 1274, '17,27,15,23,None,82'),
(341452, 104, '2023-01-14', 'FT', 2264, '25,13,16,16,None,70', 1277, '20,20,27,22,None,89'),
(341453, 104, '2023-01-14', 'FT', 1264, '21,24,16,28,None,89', 1276, '18,21,20,25,None,84'),
(341454, 104, '2023-01-15', 'FT', 1304, '21,26,11,27,None,85', 1271, '8,22,24,18,None,72'),
(341455, 104, '2023-01-15', 'FT', 1267, '20,23,17,24,None,84', 1270, '22,36,22,20,None,100'),
(341456, 104, '2023-01-15', 'FT', 1269, '21,21,12,24,None,78', 1272, '22,15,22,15,None,74'),
(341457, 104, '2023-01-16', 'FT', 1263, '25,19,30,22,None,96', 1305, '17,19,27,14,None,77'),
(342143, 202, '2023-01-17', 'AOT', 1264, '22,13,12,28,12,87', 308, '12,17,18,28,6,81'),
(342144, 202, '2023-01-18', 'FT', 10, '16,23,24,26,None,89', 616, '24,14,13,31,None,82'),
(342177, 104, '2023-01-21', 'FT', 1302, '8,14,21,17,None,60', 1266, '18,13,26,20,None,77'),
(342178, 104, '2023-01-21', 'FT', 1304, '18,25,19,18,None,80', 1274, '24,17,20,15,None,76'),
(342179, 104, '2023-01-21', 'FT', 1269, '21,20,24,14,None,79', 1277, '22,30,26,19,None,97'),
(342180, 104, '2023-01-22', 'FT', 1264, '24,21,23,19,None,87', 1270, '27,16,26,24,None,93'),
(342181, 104, '2023-01-22', 'FT', 1267, '26,16,22,21,None,85', 1272, '26,23,22,11,None,82'),
(342182, 104, '2023-01-22', 'FT', 1268, '27,20,28,19,None,94', 1276, '20,21,20,20,None,81'),
(342183, 104, '2023-01-22', 'FT', 1271, '19,21,17,13,None,70', 1263, '17,22,18,23,None,80'),
(342184, 104, '2023-01-23', 'FT', 2264, '22,29,12,31,None,94', 1305, '23,25,20,19,None,87'),
(342279, 202, '2023-01-17', 'FT', 794, '18,23,22,19,None,82', 613, '15,22,13,13,None,63'),
(342280, 202, '2023-01-18', 'AOT', 530, '36,15,21,14,8,94', 27, '16,23,24,23,10,96'),
(342281, 202, '2023-01-24', 'AOT', 25, '20,25,24,19,24,112', 680, '25,23,20,20,22,110'),
(342282, 202, '2023-01-24', 'FT', 2339, '17,31,15,22,None,85', 2336, '16,18,19,12,None,65'),
(342283, 202, '2023-01-25', 'FT', 1695, '18,16,26,25,None,85', 1269, '14,22,16,23,None,75'),
(342284, 202, '2023-01-25', 'FT', 2340, '29,15,15,29,None,88', 605, '20,19,15,12,None,66'),
(342285, 202, '2023-01-31', 'FT', 1271, '19,17,21,14,None,71', 605, '18,17,26,20,None,81'),
(342286, 202, '2023-01-31', 'FT', 2336, '20,28,26,16,None,90', 1695, '13,16,18,25,None,72'),
(342287, 202, '2023-02-01', 'FT', 680, '18,17,11,17,None,63', 1792, '15,15,17,18,None,65'),
(342288, 202, '2023-02-01', 'FT', 1269, '15,10,11,23,None,59', 2339, '24,19,16,21,None,80'),
(342289, 202, '2023-03-07', 'AOT', 1269, '17,17,18,34,19,105', 2336, '18,28,23,17,18,104'),
(342290, 202, '2023-03-07', 'FT', 1792, '24,17,22,14,None,77', 680, '13,25,11,16,None,65'),
(342291, 202, '2023-02-15', 'FT', 2336, '23,25,21,27,None,96', 1269, '25,24,18,20,None,87'),
(342292, 202, '2023-03-14', 'FT', 1269, '22,22,25,26,None,95', 1695, '24,28,15,18,None,85'),
(342293, 202, '2023-03-15', 'FT', 605, '29,16,18,29,None,92', 1271, '31,15,15,17,None,78'),
(342294, 202, '2023-03-15', 'FT', 680, '18,13,18,16,None,65', 25, '26,19,19,16,None,80'),
(342295, 202, '2023-03-15', 'FT', 2336, '27,22,18,15,None,82', 2339, '18,14,10,25,None,67'),
(342296, 202, '2023-03-21', 'FT', 605, '15,23,17,10,None,65', 2340, '21,18,20,16,None,75'),
(342297, 202, '2023-03-21', 'FT', 1695, '17,11,17,22,None,67', 2336, '22,13,12,24,None,71'),
(342298, 202, '2023-03-21', 'FT', 2339, '18,10,24,23,None,75', 1269, '20,19,15,17,None,71'),
(342574, 202, '2023-01-24', 'FT', 1271, '20,28,25,27,None,100', 27, '20,17,18,18,None,73'),
(342575, 202, '2023-01-24', 'FT', 1698, '19,26,18,19,None,82', 794, '19,18,12,20,None,69'),
(342576, 202, '2023-01-25', 'FT', 1792, '21,20,20,16,None,77', 10, '23,23,21,17,None,84'),
(342577, 202, '2023-01-25', 'FT', 524, '20,23,20,11,None,74', 1264, '10,22,16,20,None,68'),
(342578, 202, '2023-01-31', 'FT', 794, '26,22,22,25,None,95', 1264, '14,17,26,31,None,88'),
(342579, 202, '2023-01-31', 'FT', 27, '19,15,19,14,None,67', 2340, '17,28,18,21,None,84'),
(342580, 202, '2023-02-01', 'FT', 10, '29,12,22,9,None,72', 25, '32,18,16,19,None,85'),
(342581, 202, '2023-02-07', 'FT', 605, '14,21,24,23,None,82', 27, '25,17,23,7,None,72'),
(342582, 202, '2023-03-08', 'FT', 1264, '20,22,18,16,None,76', 1698, '13,17,32,15,None,77'),
(342583, 202, '2023-02-08', 'FT', 794, '16,23,20,20,None,79', 524, '28,26,12,20,None,86'),
(342584, 202, '2023-02-08', 'FT', 10, '22,13,21,33,None,89', 680, '24,22,19,16,None,81'),
(342585, 202, '2023-03-07', 'FT', 27, '14,19,18,12,None,63', 605, '17,14,23,15,None,69'),
(342586, 202, '2023-03-08', 'FT', 524, '26,15,33,25,None,99', 794, '15,22,13,22,None,72'),
(342587, 202, '2023-03-08', 'FT', 25, '22,16,28,20,None,86', 10, '19,11,18,19,None,67'),
(342588, 202, '2023-02-15', 'FT', 1698, '18,25,31,16,None,90', 1264, '21,14,15,22,None,72'),
(342589, 202, '2023-03-14', 'FT', 10, '14,19,19,12,None,64', 1792, '12,18,24,19,None,73'),
(342590, 202, '2023-03-15', 'FT', 2340, '26,20,31,22,None,99', 27, '22,30,17,19,None,88'),
(342591, 202, '2023-03-15', 'FT', 1264, '19,12,21,17,None,69', 794, '19,23,22,28,None,92'),
(342592, 202, '2023-03-21', 'AOT', 27, '17,7,17,16,12,69', 1271, '9,20,15,13,3,60'),
(342593, 202, '2023-03-22', 'FT', 1264, '18,16,17,25,None,76', 524, '25,19,21,22,None,87'),
(342594, 202, '2023-03-22', 'FT', 794, '23,21,30,22,None,96', 1698, '22,30,18,25,None,95'),
(342595, 202, '2023-03-22', 'AOT', 680, '13,19,24,19,13,88', 10, '23,28,8,16,6,81'),
(342596, 143, '2023-02-15', 'FT', 722, '19,10,26,17,None,72', 717, '20,25,11,19,None,75'),
(342597, 143, '2023-02-15', 'FT', 723, '29,15,23,17,None,84', 730, '12,23,29,16,None,80'),
(342598, 143, '2023-02-16', 'FT', 732, '20,14,21,27,None,82', 731, '22,14,12,20,None,68'),
(342599, 143, '2023-02-16', 'FT', 700, '22,16,21,15,None,74', 727, '16,20,12,22,None,70'),
(342607, 104, '2023-01-27', 'FT', 1276, '22,25,9,23,None,79', 1302, '18,15,21,22,None,76'),
(342608, 104, '2023-01-28', 'FT', 1277, '22,25,22,15,None,84', 1267, '9,19,16,19,None,63'),
(342609, 104, '2023-01-28', 'FT', 1272, '23,15,18,13,None,69', 1264, '14,19,17,10,None,60'),
(342610, 104, '2023-01-28', 'FT', 1274, '28,27,21,27,None,103', 1271, '19,24,25,23,None,91'),
(342611, 104, '2023-01-28', 'FT', 1270, '25,23,15,19,None,82', 1268, '20,23,12,14,None,69'),
(342612, 104, '2023-01-29', 'AOT', 1305, '19,18,29,15,16,97', 1269, '16,14,18,33,13,94'),
(342613, 104, '2023-01-29', 'FT', 1266, '26,11,22,14,None,73', 1304, '16,19,20,21,None,76'),
(342614, 104, '2023-01-29', 'FT', 1263, '17,29,20,24,None,90', 2264, '18,11,15,20,None,64'),
(343034, 104, '2023-02-04', 'FT', 1304, '18,19,21,24,None,82', 1276, '13,19,31,13,None,76'),
(343035, 104, '2023-02-04', 'FT', 1264, '11,25,17,19,None,72', 1277, '24,20,16,17,None,77'),
(343036, 104, '2023-02-04', 'FT', 1271, '19,18,20,17,None,74', 2264, '23,17,20,22,None,82'),
(343037, 104, '2023-02-04', 'FT', 1274, '23,29,18,24,None,94', 1266, '25,20,23,22,None,90'),
(343038, 104, '2023-02-05', 'FT', 1268, '20,25,6,20,None,71', 1272, '18,24,15,11,None,68'),
(343039, 104, '2023-02-05', 'FT', 1302, '13,9,21,18,None,61', 1270, '13,19,19,11,None,62'),
(343040, 104, '2023-02-05', 'FT', 1267, '26,18,21,30,None,95', 1305, '12,21,21,19,None,73'),
(343041, 104, '2023-02-05', 'FT', 1269, '24,19,19,18,None,80', 1263, '13,20,24,26,None,83'),
(343042, 104, '2023-03-03', 'FT', 1277, '10,20,24,28,None,82', 1268, '25,20,15,6,None,66'),
(343043, 104, '2023-03-04', 'AOT', 2264, '22,15,23,14,11,85', 1269, '18,23,17,16,14,88'),
(343044, 104, '2023-03-04', 'FT', 1305, '18,28,15,19,None,80', 1264, '20,18,21,17,None,76'),
(343045, 104, '2023-03-05', 'FT', 1276, '21,21,19,20,None,81', 1274, '19,29,21,17,None,86'),
(343046, 104, '2023-03-04', 'FT', 1266, '19,15,33,18,None,85', 1271, '17,20,20,21,None,78'),
(343047, 104, '2023-03-04', 'FT', 1272, '19,21,23,22,None,85', 1302, '20,27,23,11,None,81'),
(343048, 104, '2023-03-05', 'FT', 1263, '22,17,23,20,None,82', 1267, '17,12,14,20,None,63'),
(343049, 104, '2023-03-05', 'FT', 1270, '26,25,18,23,None,92', 1304, '19,24,17,18,None,78'),
(344218, 143, '2023-02-18', 'FT', 717, '14,22,15,23,None,74', 723, '16,6,14,21,None,57'),
(344233, 143, '2023-02-18', 'FT', 732, '29,23,21,17,None,90', 700, '12,21,18,14,None,65'),
(344433, 143, '2023-02-19', 'FT', 732, '16,14,21,25,None,76', 717, '17,23,21,23,None,84'),
(345004, 104, '2023-03-10', 'FT', 1302, '20,13,22,20,None,75', 1277, '22,26,14,22,None,84'),
(345005, 104, '2023-03-11', 'FT', 1304, '22,14,21,12,None,69', 1272, '17,17,10,21,None,65'),
(345006, 104, '2023-03-11', 'FT', 1266, '24,24,27,30,None,105', 1276, '30,18,16,21,None,85'),
(345007, 104, '2023-03-11', 'FT', 1267, '17,21,32,22,None,92', 2264, '23,15,23,24,None,85'),
(345008, 104, '2023-03-12', 'FT', 1268, '27,20,22,20,None,89', 1305, '26,11,29,15,None,81'),
(345009, 104, '2023-03-12', 'FT', 1271, '4,23,20,24,None,71', 1269, '19,13,16,17,None,65'),
(345010, 104, '2023-03-12', 'FT', 1264, '20,13,10,19,None,62', 1263, '19,19,19,16,None,73'),
(345011, 104, '2023-03-13', 'FT', 1274, '22,24,27,29,None,102', 1270, '21,27,21,29,None,98'),
(345538, 104, '2023-03-17', 'FT', 1305, '20,18,23,30,None,91', 1302, '20,20,18,26,None,84'),
(345539, 104, '2023-03-18', 'FT', 2264, '20,16,20,21,None,77', 1264, '19,11,19,20,None,69'),
(345540, 104, '2023-03-18', 'FT', 1272, '29,12,13,23,None,77', 1274, '28,19,17,20,None,84'),
(345541, 104, '2023-03-18', 'FT', 1276, '23,22,7,29,None,81', 1271, '27,11,30,15,None,83'),
(345542, 104, '2023-03-18', 'FT', 1270, '25,21,26,23,None,95', 1266, '17,21,26,16,None,80'),
(345543, 104, '2023-03-19', 'FT', 1277, '19,19,35,25,None,98', 1304, '20,26,20,18,None,84'),
(345544, 104, '2023-03-19', 'FT', 1263, '31,30,20,16,None,97', 1268, '30,25,18,25,None,98'),
(345545, 104, '2023-03-19', 'FT', 1269, '24,20,26,28,None,98', 1267, '17,28,23,24,None,92'),
(345546, 104, '2023-03-25', 'FT', 1304, '23,19,28,20,None,90', 1305, '20,21,18,16,None,75'),
(345547, 104, '2023-03-25', 'FT', 1302, '21,13,19,30,None,83', 1263, '23,25,19,32,None,99'),
(345548, 104, '2023-03-25', 'FT', 1266, '25,26,25,31,None,107', 1272, '16,12,29,17,None,74'),
(345549, 104, '2023-03-25', 'FT', 1271, '18,32,19,22,None,91', 1267, '20,15,17,28,None,80'),
(345550, 104, '2023-03-26', 'FT', 1268, '17,23,23,26,None,89', 2264, '23,15,18,17,None,73'),
(345551, 104, '2023-03-26', 'FT', 1274, '13,18,21,25,None,77', 1277, '23,25,23,14,None,85'),
(345552, 104, '2023-03-26', 'FT', 1276, '23,24,18,29,None,94', 1270, '24,15,18,32,None,89'),
(345553, 104, '2023-03-27', 'AOT', 1264, '18,18,18,17,8,79', 1269, '23,16,16,16,13,84'),
(346907, 104, '2023-04-01', 'FT', 1277, '26,23,13,17,None,79', 1266, '19,15,11,22,None,67'),
(346908, 104, '2023-04-01', 'FT', 1267, '18,16,22,25,None,81', 1264, '26,22,21,18,None,87'),
(346909, 104, '2023-04-01', 'AOT', 1305, '12,22,21,21,25,101', 1274, '22,16,12,26,33,109'),
(346910, 104, '2023-04-02', 'FT', 2264, '22,28,25,21,None,96', 1302, '19,20,21,25,None,85'),
(346911, 104, '2023-04-02', 'FT', 1263, '14,24,22,18,None,78', 1304, '20,21,18,10,None,69'),
(346912, 104, '2023-04-02', 'FT', 1272, '21,13,19,24,None,77', 1276, '14,17,24,28,None,83'),
(346913, 104, '2023-04-03', 'FT', 1269, '27,14,33,18,None,92', 1268, '23,21,14,23,None,81'),
(346914, 104, '2023-04-03', 'FT', 1270, '24,23,16,23,None,86', 1271, '13,12,20,19,None,64'),
(346915, 104, '2023-04-07', 'FT', 1268, '16,25,26,18,None,85', 1267, '19,26,20,22,None,87'),
(346916, 104, '2023-04-08', 'FT', 1302, '27,25,12,19,None,83', 1269, '15,24,17,17,None,73'),
(346917, 104, '2023-04-08', 'FT', 1276, '22,25,27,17,None,91', 1277, '22,25,19,28,None,94'),
(346918, 104, '2023-04-08', 'FT', 1266, '16,18,16,20,None,70', 1305, '19,10,17,13,None,59'),
(346919, 104, '2023-04-09', 'FT', 1304, '33,10,22,21,None,86', 2264, '10,20,24,24,None,78'),
(346920, 104, '2023-04-09', 'FT', 1270, '33,20,23,24,None,100', 1272, '12,12,12,14,None,50'),
(346921, 104, '2023-04-09', 'FT', 1274, '16,31,30,21,None,98', 1263, '28,19,21,15,None,83'),
(346922, 104, '2023-04-09', 'AOT', 1271, '21,23,17,22,11,94', 1264, '17,22,28,16,7,90'),
(346983, 202, '2023-04-05', 'FT', 524, '25,17,16,18,None,76', 25, '22,18,20,17,None,77'),
(346984, 202, '2023-04-04', 'FT', 1792, '26,10,13,15,None,64', 605, '6,18,21,10,None,55'),
(346985, 202, '2023-04-05', 'FT', 2339, '20,26,23,22,None,91', 1698, '27,13,18,26,None,84'),
(346986, 202, '2023-04-04', 'FT', 2340, '23,22,23,15,None,83', 2336, '10,17,18,22,None,67'),
(346987, 202, '2023-04-12', 'FT', 605, '20,27,23,24,None,94', 1792, '21,16,21,20,None,78'),
(346988, 202, '2023-04-12', 'FT', 1698, '18,24,23,20,None,85', 2339, '25,18,22,18,None,83'),
(346989, 202, '2023-04-12', 'FT', 2336, '20,20,20,14,None,74', 2340, '16,24,29,27,None,96'),
(346990, 202, '2023-04-11', 'FT', 25, '17,11,20,18,None,66', 524, '18,23,23,12,None,76'),
(347183, 242, '2023-04-01', 'FT', 5007, '23,23,16,27,None,89', 715, '20,14,14,14,None,62'),
(347184, 242, '2023-04-01', 'FT', 3769, '29,17,23,32,None,101', 701, '20,23,21,22,None,86'),
(347185, 242, '2023-04-02', 'FT', 5981, '16,21,20,20,None,77', 702, '23,27,24,14,None,88'),
(347186, 242, '2023-04-02', 'FT', 724, '19,20,12,9,None,60', 719, '23,11,16,15,None,65'),
(347187, 242, '2023-04-02', 'FT', 714, '17,25,16,32,None,90', 703, '22,26,20,12,None,80'),
(347188, 242, '2023-04-02', 'FT', 713, '22,18,18,18,None,76', 3770, '12,18,18,24,None,72'),
(347189, 242, '2023-04-02', 'FT', 711, '18,28,22,14,None,82', 5008, '22,23,13,26,None,84'),
(347190, 242, '2023-04-02', 'AOT', 721, '15,23,25,17,9,89', 691, '23,18,22,17,12,92'),
(347191, 242, '2023-04-02', 'FT', 708, '19,11,23,21,None,74', 3768, '17,15,19,18,None,69'),
(347192, 242, '2023-04-02', 'FT', 706, '12,20,18,10,None,60', 720, '18,21,4,21,None,64'),
(347193, 242, '2023-04-02', 'FT', 3765, '16,20,26,17,None,79', 689, '17,32,16,19,None,84'),
(347194, 242, '2023-04-02', 'FT', 3764, '21,19,18,21,None,79', 698, '14,10,21,22,None,67'),
(347195, 242, '2023-04-02', 'FT', 5009, '24,10,15,20,None,69', 696, '19,19,16,19,None,73'),
(347196, 242, '2023-04-08', 'FT', 3768, '17,21,22,27,None,87', 711, '17,16,25,17,None,75'),
(347197, 242, '2023-04-08', 'FT', 702, '17,20,18,24,None,79', 706, '22,19,25,17,None,83'),
(347198, 242, '2023-04-09', 'FT', 701, '16,11,9,22,None,58', 5009, '9,20,20,13,None,62'),
(347199, 242, '2023-04-08', 'FT', 3770, '28,15,20,24,None,87', 708, '19,24,19,8,None,70'),
(347200, 242, '2023-04-08', 'FT', 698, '20,12,17,14,None,63', 713, '19,14,16,20,None,69'),
(347201, 242, '2023-04-08', 'FT', 715, '21,24,24,23,None,92', 714, '23,26,20,18,None,87'),
(347202, 242, '2023-04-08', 'FT', 696, '18,24,20,13,None,75', 3765, '23,14,16,16,None,69'),
(347203, 242, '2023-04-08', 'FT', 703, '24,21,25,21,None,91', 721, '24,15,20,14,None,73'),
(347204, 242, '2023-04-08', 'FT', 689, '28,22,24,24,None,98', 3769, '23,18,14,19,None,74'),
(347205, 242, '2023-04-08', 'FT', 5008, '19,19,16,20,None,74', 3764, '12,18,21,25,None,76'),
(347206, 242, '2023-04-08', 'FT', 691, '25,29,16,19,None,89', 5007, '22,23,24,17,None,86'),
(347207, 242, '2023-04-08', 'FT', 720, '19,25,21,20,None,85', 724, '18,21,19,22,None,80'),
(347208, 242, '2023-04-08', 'FT', 719, '28,27,25,20,None,100', 5981, '21,24,18,21,None,84'),
(347209, 242, '2023-04-15', 'FT', 5007, '11,24,19,24,None,78', 703, '18,24,19,13,None,74'),
(347210, 242, '2023-04-16', 'FT', 706, '20,9,19,19,None,67', 719, '12,16,15,17,None,60'),
(347211, 242, '2023-04-16', 'FT', 724, '12,15,14,20,None,61', 702, '14,18,25,18,None,75'),
(347212, 242, '2023-04-16', 'FT', 714, '15,12,21,16,None,64', 691, '16,17,14,28,None,75'),
(347213, 242, '2023-04-16', 'FT', 713, '16,19,24,21,None,80', 3768, '23,32,16,20,None,91'),
(347214, 242, '2023-04-16', 'FT', 711, '13,10,24,21,None,68', 698, '30,15,14,16,None,75'),
(347215, 242, '2023-04-16', 'FT', 708, '21,17,22,18,None,78', 5008, '15,22,17,19,None,73'),
(347216, 242, '2023-04-16', 'FT', 3765, '28,11,22,22,None,83', 701, '20,15,21,22,None,78'),
(347217, 242, '2023-04-16', 'FT', 3764, '23,20,17,19,None,79', 3770, '30,15,14,24,None,83'),
(347218, 242, '2023-04-16', 'FT', 5981, '19,18,17,25,None,79', 720, '19,23,18,22,None,82'),
(347219, 242, '2023-04-16', 'FT', 3769, '21,22,19,14,None,76', 696, '16,21,13,21,None,71'),
(347220, 242, '2023-04-16', 'FT', 5009, '22,12,13,25,None,72', 689, '17,18,15,29,None,79'),
(347221, 242, '2023-04-19', 'FT', 721, '13,17,23,20,None,73', 715, '17,29,13,5,None,64'),
(347222, 242, '2023-04-22', 'FT', 696, '20,20,20,28,None,88', 5009, '18,10,16,13,None,57'),
(347223, 242, '2023-04-23', 'FT', 715, '25,24,15,25,None,89', 5007, '22,28,18,17,None,85'),
(347224, 242, '2023-04-23', 'FT', 691, '19,16,21,30,None,86', 721, '19,28,12,21,None,80'),
(347225, 242, '2023-04-23', 'FT', 3768, '19,13,20,15,None,67', 3764, '21,17,14,20,None,72'),
(347226, 242, '2023-04-23', 'FT', 702, '21,20,21,23,None,85', 5981, '18,20,25,16,None,79'),
(347227, 242, '2023-04-23', 'FT', 701, '11,23,25,20,None,79', 3769, '26,21,14,14,None,75'),
(347228, 242, '2023-04-22', 'AOT', 3770, '17,14,21,32,8,92', 711, '15,27,25,17,11,95'),
(347229, 242, '2023-04-23', 'AOT', 698, '18,22,12,15,12,79', 708, '13,15,27,12,9,76'),
(347230, 242, '2023-04-22', 'FT', 5008, '18,20,25,25,None,88', 713, '23,13,19,22,None,77'),
(347231, 242, '2023-04-23', 'FT', 719, '15,28,17,8,None,68', 724, '19,20,12,19,None,70'),
(347232, 242, '2023-04-23', 'FT', 703, '24,20,14,23,None,81', 714, '18,18,26,26,None,88'),
(347233, 242, '2023-04-23', 'FT', 689, '24,23,24,19,None,90', 3765, '27,19,19,18,None,83'),
(347234, 242, '2023-04-23', 'FT', 720, '22,23,22,15,None,82', 706, '21,20,27,20,None,88'),
(347235, 242, '2023-04-29', 'FT', 5007, '17,19,20,22,None,78', 691, '25,20,19,18,None,82'),
(347236, 242, '2023-04-29', 'FT', 3770, '30,27,17,21,None,95', 713, '18,20,23,16,None,77'),
(347237, 242, '2023-04-29', 'AOT', 3768, '27,15,20,23,13,98', 708, '15,25,28,17,17,102'),
(347238, 242, '2023-04-29', 'FT', 3769, '29,22,30,26,None,107', 689, '20,19,23,16,None,78'),
(347239, 242, '2023-04-29', 'FT', 5008, '20,20,28,15,None,83', 711, '17,18,14,16,None,65'),
(347240, 242, '2023-04-30', 'AOT', 721, '25,19,13,15,4,76', 703, '16,13,28,15,12,84'),
(347241, 242, '2023-04-30', 'FT', 698, '8,21,20,18,None,67', 3764, '13,16,21,24,None,74'),
(347242, 242, '2023-04-30', 'FT', 714, '26,22,23,31,None,102', 715, '20,14,20,30,None,84'),
(347243, 242, '2023-04-30', 'FT', 724, '21,16,19,17,None,73', 720, '16,21,15,16,None,68'),
(347244, 242, '2023-04-30', 'FT', 706, '21,23,19,16,None,79', 702, '17,19,11,14,None,61'),
(347245, 242, '2023-04-29', 'FT', 5981, '18,23,20,19,None,80', 719, '24,29,22,12,None,87'),
(347246, 242, '2023-04-30', 'FT', 3765, '23,10,22,27,None,82', 696, '19,22,14,11,None,66'),
(347247, 242, '2023-04-30', 'FT', 5009, '19,14,16,20,None,69', 701, '21,18,12,13,None,64'),
(347248, 242, '2023-05-06', 'FT', 696, '25,10,13,29,None,77', 3769, '22,27,15,14,None,78'),
(347249, 242, '2023-05-07', 'FT', 708, '19,20,22,23,None,84', 3770, '20,23,25,17,None,85'),
(347250, 242, '2023-05-07', 'FT', 702, '40,21,20,23,None,104', 724, '18,22,11,14,None,65'),
(347251, 242, '2023-05-07', 'FT', 701, '17,17,23,16,None,73', 3765, '11,24,14,28,None,77'),
(347252, 242, '2023-05-07', 'FT', 713, '30,17,20,19,None,86', 698, '18,15,25,13,None,71'),
(347253, 242, '2023-05-07', 'FT', 711, '20,17,24,17,None,78', 3768, '22,17,15,22,None,76'),
(347254, 242, '2023-05-07', 'FT', 719, '21,9,19,15,None,64', 706, '20,16,25,12,None,73'),
(347255, 242, '2023-05-07', 'FT', 720, '10,14,24,19,None,67', 5981, '20,19,15,22,None,76'),
(347256, 242, '2023-05-07', 'FT', 3764, '12,10,12,17,None,51', 5008, '12,17,15,20,None,64'),
(347257, 242, '2023-05-07', 'FT', 691, '33,18,27,15,None,93', 714, '26,21,21,28,None,96'),
(347258, 242, '2023-05-07', 'AOT', 703, '16,22,22,15,5,80', 5007, '28,11,17,19,9,84'),
(347259, 242, '2023-05-07', 'FT', 689, '17,23,20,17,None,77', 5009, '18,11,20,20,None,69'),
(347260, 242, '2023-05-07', 'FT', 715, '24,19,27,17,None,87', 721, '17,25,19,18,None,79'),
(347419, 194, '2023-04-12', 'FT', 2333, '14,19,17,22,None,72', 1267, '18,17,14,17,None,66'),
(347420, 194, '2023-04-12', 'FT', 682, '24,24,29,13,None,90', 731, '16,16,23,25,None,80'),
(347421, 194, '2023-04-12', 'FT', 2334, '19,20,25,25,None,89', 1329, '12,19,27,20,None,78'),
(347422, 194, '2023-04-12', 'FT', 790, '24,21,29,23,None,97', 108, '19,27,25,27,None,98'),
(347423, 194, '2023-04-11', 'FT', 1317, '28,20,21,18,None,87', 529, '20,20,16,23,None,79'),
(347424, 194, '2023-04-12', 'FT', 617, '24,17,20,28,None,89', 24, '13,20,22,20,None,75'),
(347425, 194, '2023-04-13', 'FT', 1277, '17,19,23,18,None,77', 717, '15,23,20,11,None,69'),
(347426, 194, '2023-04-12', 'FT', 533, '16,26,26,24,None,92', 1615, '30,23,9,21,None,83'),
(347694, 104, '2023-04-15', 'FT', 1264, '28,19,21,24,None,92', 1268, '19,23,18,17,None,77'),
(347695, 104, '2023-04-15', 'FT', 2264, '20,28,16,26,None,90', 1274, '18,21,15,31,None,85'),
(347696, 104, '2023-04-15', 'FT', 1272, '27,21,15,33,None,96', 1271, '14,17,27,20,None,78'),
(347697, 104, '2023-04-16', 'AOT', 1305, '17,23,18,19,11,88', 1276, '17,26,11,23,18,95'),
(347698, 104, '2023-04-16', 'FT', 1269, '24,31,23,17,None,95', 1304, '19,22,16,27,None,84'),
(347699, 104, '2023-04-16', 'FT', 1277, '27,18,20,18,None,83', 1270, '19,21,17,15,None,72'),
(347700, 104, '2023-04-16', 'FT', 1267, '25,15,19,15,None,74', 1302, '14,11,19,19,None,63'),
(347701, 104, '2023-04-17', 'FT', 1263, '24,19,34,27,None,104', 1266, '24,23,26,15,None,88'),
(347992, 202, '2023-04-18', 'FT', 524, '21,23,19,20,None,83', 25, '26,20,19,12,None,77'),
(347995, 104, '2023-04-21', 'FT', 1270, '18,13,19,29,None,79', 1305, '18,20,20,14,None,72'),
(347996, 104, '2023-04-22', 'FT', 1304, '16,24,23,19,None,82', 1267, '23,21,28,15,None,87'),
(347997, 104, '2023-04-22', 'FT', 1276, '20,15,18,13,None,66', 1263, '19,14,18,12,None,63'),
(347998, 104, '2023-04-22', 'FT', 1272, '20,16,17,24,None,77', 1277, '24,16,13,23,None,76'),
(347999, 104, '2023-04-22', 'FT', 1271, '23,13,30,16,None,82', 1268, '16,33,22,21,None,92'),
(348000, 104, '2023-04-23', 'FT', 1274, '13,26,32,30,None,101', 1269, '12,14,25,25,None,76'),
(348001, 104, '2023-04-23', 'FT', 1302, '18,16,17,21,None,72', 1264, '27,18,22,10,None,77'),
(348002, 104, '2023-04-23', 'FT', 1266, '25,20,16,23,None,84', 2264, '28,15,30,12,None,85'),
(348060, 202, '2023-04-19', 'FT', 1792, '18,25,16,32,None,91', 605, '7,15,14,15,None,51'),
(348061, 202, '2023-04-19', 'FT', 2339, '20,25,19,20,None,84', 1698, '18,18,18,18,None,72'),
(348141, 45, '2023-04-20', 'FT', 1542, '28,25,20,24,None,97', 606, '12,24,18,19,None,73'),
(348142, 45, '2023-04-22', 'FT', 606, '9,18,14,17,None,58', 1542, '18,24,18,22,None,82'),
(348143, 45, '2023-04-22', 'FT', 614, '24,21,23,17,None,85', 610, '18,18,19,21,None,76'),
(348144, 45, '2023-04-23', 'FT', 613, '17,21,20,20,None,78', 617, '13,19,29,14,None,75'),
(348145, 45, '2023-04-23', 'FT', 616, '27,24,13,23,None,87', 605, '20,21,22,10,None,73'),
(348146, 45, '2023-04-26', 'FT', 610, '21,6,14,6,None,47', 614, '13,19,32,25,None,89'),
(348147, 45, '2023-04-27', 'AOT', 605, '27,14,27,19,12,99', 616, '18,36,21,12,26,113'),
(348169, 194, '2023-04-19', 'FT', 1277, '14,20,16,36,None,86', 533, '22,15,20,19,None,76'),
(348170, 194, '2023-04-19', 'FT', 1317, '25,18,19,18,None,80', 617, '16,13,11,17,None,57'),
(348171, 194, '2023-04-19', 'FT', 2334, '22,18,20,22,None,82', 682, '7,22,22,23,None,74'),
(348172, 194, '2023-04-19', 'FT', 2333, '32,29,21,22,None,104', 108, '30,18,12,14,None,74'),
(348202, 120, '2023-04-25', 'FT', 16, '16,17,17,17,None,67', 687, '18,18,24,19,None,79'),
(348203, 120, '2023-04-25', 'FT', 2338, '22,22,20,23,None,87', 1068, '22,26,15,26,None,89'),
(348204, 120, '2023-04-26', 'FT', 2329, '25,23,18,25,None,91', 796, '13,18,22,16,None,69'),
(348205, 120, '2023-04-26', 'FT', 1542, '19,18,26,16,None,79', 1270, '21,14,16,17,None,68'),
(348206, 120, '2023-04-27', 'FT', 16, '22,20,25,19,None,86', 687, '18,23,13,20,None,74'),
(348207, 120, '2023-04-27', 'FT', 2338, '21,16,25,18,None,80', 1068, '31,20,24,20,None,95'),
(348208, 120, '2023-04-28', 'FT', 2329, '20,25,23,21,None,89', 796, '21,23,22,15,None,81'),
(348209, 120, '2023-04-28', 'FT', 1542, '24,13,19,22,None,78', 1270, '10,24,17,31,None,82'),
(348210, 120, '2023-05-02', 'FT', 687, '16,16,25,21,None,78', 16, '22,19,19,23,None,83'),
(348211, 120, '2023-05-02', 'FT', 1068, '32,16,15,17,None,80', 2338, '19,26,21,16,None,82'),
(348212, 120, '2023-05-03', 'FT', 796, '10,16,22,18,None,66', 2329, '13,16,32,16,None,77'),
(348213, 120, '2023-05-03', 'FT', 1270, '21,14,16,20,None,71', 1542, '15,23,7,27,None,72'),
(348217, 45, '2023-04-26', 'FT', 617, '20,21,16,20,None,77', 613, '13,16,15,19,None,63'),
(348374, 242, '2023-05-13', 'FT', 3768, '18,19,25,20,None,82', 713, '20,13,18,27,None,78'),
(348375, 242, '2023-05-14', 'FT', 698, '23,23,16,24,None,86', 711, '20,18,19,17,None,74'),
(348376, 242, '2023-05-14', 'FT', 5008, '17,21,14,18,None,70', 708, '19,7,13,21,None,60'),
(348377, 242, '2023-05-18', 'FT', 3770, '24,23,26,19,None,92', 3764, '18,19,20,19,None,76'),
(348378, 242, '2023-05-21', 'FT', 3764, '23,15,20,26,None,84', 3768, '28,14,14,21,None,77'),
(348379, 242, '2023-05-21', 'FT', 708, '19,17,26,15,None,77', 698, '11,16,13,22,None,62'),
(348380, 242, '2023-05-25', 'FT', 711, '14,19,19,17,None,69', 3770, '24,16,16,15,None,71'),
(348381, 242, '2023-05-21', 'FT', 713, '31,26,20,15,None,92', 5008, '17,14,21,15,None,67'),
(348521, 104, '2023-04-29', 'FT', 2264, '20,19,18,28,None,85', 1276, '18,15,28,34,None,95'),
(348522, 104, '2023-04-29', 'FT', 1305, '19,20,24,32,None,95', 1272, '14,19,24,34,None,91'),
(348523, 104, '2023-05-16', 'FT', 1263, '28,19,28,21,None,96', 1270, '28,21,23,19,None,91'),
(348524, 104, '2023-04-29', 'FT', 1268, '22,23,22,25,None,92', 1302, '22,20,12,23,None,77'),
(348525, 104, '2023-04-30', 'AOT', 1269, '23,25,19,15,18,100', 1266, '28,20,28,6,11,93'),
(348526, 104, '2023-05-10', 'FT', 1277, '25,29,25,27,None,106', 1271, '32,15,22,22,None,91'),
(348527, 104, '2023-04-30', 'FT', 1267, '21,28,24,33,None,106', 1274, '29,19,27,24,None,99'),
(348528, 104, '2023-05-01', 'FT', 1264, '30,21,20,18,None,89', 1304, '19,18,31,17,None,85'),
(348529, 104, '2023-05-05', 'FT', 1272, '22,25,20,15,None,82', 1263, '28,29,16,33,None,106'),
(348530, 104, '2023-05-06', 'FT', 1271, '25,28,25,22,None,100', 1302, '16,25,23,24,None,88'),
(348531, 104, '2023-05-06', 'FT', 1276, '20,25,23,26,None,94', 1269, '25,20,27,21,None,93'),
(348532, 104, '2023-05-06', 'FT', 1274, '20,26,16,24,None,86', 1264, '21,22,28,11,None,82'),
(348533, 104, '2023-05-07', 'FT', 1304, '18,20,22,27,None,87', 1268, '19,17,18,20,None,74'),
(348534, 104, '2023-05-07', 'FT', 1266, '24,23,24,22,None,93', 1267, '21,21,24,21,None,87'),
(348535, 104, '2023-05-07', 'FT', 1277, '23,16,19,24,None,82', 1305, '13,17,17,24,None,71'),
(348536, 104, '2023-05-18', 'FT', 1270, '32,29,17,23,None,101', 2264, '23,26,21,26,None,96'),
(348537, 194, '2023-04-26', 'FT', 1317, '25,13,18,18,None,74', 1277, '16,25,20,15,None,76'),
(348538, 194, '2023-04-26', 'FT', 2333, '18,24,23,24,None,89', 2334, '15,28,13,30,None,86'),
(348843, 202, '2023-05-12', 'FT', 2339, '18,12,12,26,None,68', 1792, '15,19,18,17,None,69'),
(348844, 202, '2023-05-12', 'FT', 2340, '22,9,19,17,None,67', 524, '22,19,16,12,None,69'),
(349024, 194, '2023-05-03', 'FT', 2333, '29,21,11,10,None,71', 1277, '23,10,22,12,None,67'),
(349036, 120, '2023-05-04', 'FT', 687, '17,30,32,25,None,104', 16, '24,12,17,16,None,69'),
(349037, 45, '2023-04-30', 'FT', 613, '23,24,17,17,None,81', 617, '21,21,15,21,None,78'),
(349050, 197, '2023-02-23', 'FT', 3152, '22,22,17,21,None,82', 3149, '15,23,8,27,None,73'),
(349051, 197, '2023-02-23', 'FT', 3151, '12,13,19,17,None,61', 3135, '16,15,13,18,None,62'),
(349052, 197, '2023-02-23', 'FT', 3024, '26,31,14,16,None,87', 3131, '21,17,19,15,None,72'),
(349053, 197, '2023-02-23', 'FT', 3136, '9,27,22,8,None,66', 3150, '21,17,26,11,None,75'),
(349054, 197, '2023-02-23', 'FT', 3137, '21,18,12,18,None,69', 4773, '15,14,16,16,None,61'),
(349055, 197, '2023-02-23', 'FT', 3154, '21,17,11,7,None,56', 279, '13,19,15,17,None,64'),
(349056, 197, '2023-02-26', 'FT', 3151, '24,16,18,17,None,75', 3136, '11,20,6,13,None,50'),
(349057, 197, '2023-02-26', 'FT', 3137, '21,14,14,22,None,71', 3152, '12,21,26,13,None,72'),
(349058, 197, '2023-02-26', 'FT', 3154, '27,15,16,12,None,70', 3024, '21,14,23,22,None,80'),
(349059, 197, '2023-02-26', 'FT', 3135, '19,24,27,20,None,90', 3150, '19,21,18,24,None,82'),
(349060, 197, '2023-02-26', 'FT', 4773, '12,14,10,5,None,41', 3149, '24,21,15,19,None,79'),
(349061, 197, '2023-02-26', 'FT', 279, '23,27,21,13,None,84', 3131, '19,17,20,18,None,74'),
(349062, 197, '2023-07-19', 'FT', 3144, '18,23,27,8,None,76', 3154, '16,8,14,11,None,49'),
(349063, 197, '2023-07-19', 'FT', 4773, '22,27,19,18,None,86', 3135, '21,18,8,33,None,80'),
(349064, 197, '2023-07-19', 'FT', 279, '24,32,14,19,None,89', 4769, '5,12,16,16,None,49'),
(349065, 197, '2023-07-19', 'FT', 3129, '22,20,22,19,None,83', 3151, '21,23,25,18,None,87'),
(349066, 197, '2023-07-22', 'FT', 3135, '15,19,26,23,None,83', 3131, '20,7,20,24,None,71'),
(349067, 197, '2023-07-22', 'FT', 279, '31,26,23,18,None,98', 3146, '14,20,12,16,None,62'),
(349068, 197, '2023-07-22', 'FT', 3151, '10,19,24,12,None,65', 3152, '18,13,23,15,None,69'),
(349069, 197, '2023-07-22', 'FT', 3154, '6,17,13,10,None,46', 3137, '18,9,12,21,None,60'),
(349070, 197, '2023-07-26', 'FT', 3131, '25,24,21,15,None,85', 4773, '15,12,15,24,None,66'),
(349071, 197, '2023-07-26', 'FT', 3137, '27,17,25,13,None,82', 3144, '16,27,22,10,None,75'),
(349072, 197, '2023-07-26', 'FT', 3146, '21,16,22,17,None,76', 4769, '23,17,30,26,None,96'),
(349073, 197, '2023-07-26', 'FT', 3152, '30,16,19,21,None,86', 3129, '27,10,3,23,None,63'),
(349074, 197, '2023-07-29', 'FT', 3154, '21,18,22,11,None,72', 3144, '20,15,21,20,None,76'),
(349075, 197, '2023-07-29', 'FT', 4769, '12,22,8,19,None,61', 279, '20,22,21,32,None,95'),
(349076, 197, '2023-07-29', 'FT', 3151, '10,26,20,16,None,72', 3129, '23,16,16,8,None,63'),
(349077, 197, '2023-07-29', 'FT', 3135, '20,30,24,17,None,91', 4773, '14,20,17,18,None,69'),
(349078, 197, '2023-08-02', 'FT', 3131, '13,25,14,19,None,71', 3135, '28,25,16,16,None,85'),
(349079, 197, '2023-08-02', 'FT', 3137, '18,26,27,23,None,94', 3154, '25,9,21,26,None,81'),
(349080, 197, '2023-08-02', 'FT', 3146, '12,25,18,24,None,79', 279, '25,25,24,17,None,91'),
(349081, 197, '2023-08-02', 'FT', 3152, '19,19,23,22,None,83', 3151, '13,18,16,11,None,58'),
(349082, 197, '2023-08-05', 'FT', 3129, '21,13,15,15,None,64', 3152, '15,26,28,20,None,89'),
(349083, 197, '2023-08-05', 'FT', 4769, '29,12,18,20,None,79', 3146, '20,23,20,13,None,76'),
(349084, 197, '2023-08-05', 'FT', 3144, '17,11,17,18,None,63', 3137, '24,23,21,20,None,88'),
(349085, 197, '2023-08-05', 'FT', 4773, '22,19,22,21,None,84', 3131, '17,23,18,16,None,74'),
(349118, 120, '2023-05-05', 'FT', 1270, '18,14,16,25,None,73', 1542, '17,16,16,20,None,69'),
(349360, 120, '2023-05-04', 'FT', 1068, '15,27,13,23,None,78', 2338, '27,18,16,24,None,85'),
(349401, 104, '2023-05-12', 'FT', 1268, '21,15,27,22,None,85', 1274, '21,14,15,22,None,72'),
(349402, 104, '2023-05-12', 'FT', 1267, '20,23,20,14,None,77', 1276, '19,24,24,25,None,92'),
(349403, 104, '2023-05-13', 'FT', 1302, '21,14,22,30,None,87', 1304, '24,23,20,24,None,91'),
(349404, 104, '2023-05-13', 'FT', 1305, '18,12,9,14,None,53', 1271, '14,23,21,20,None,78'),
(349405, 104, '2023-05-13', 'FT', 1264, '21,25,26,14,None,86', 1266, '20,31,21,11,None,83'),
(349406, 104, '2023-05-13', 'FT', 2264, '19,19,16,26,None,80', 1272, '19,23,14,23,None,79'),
(349407, 104, '2023-05-13', 'FT', 1263, '26,19,34,23,None,102', 1277, '19,18,13,37,None,87'),
(349408, 104, '2023-05-13', 'FT', 1269, '18,17,22,16,None,73', 1270, '22,21,16,20,None,79'),
(349438, 120, '2023-05-10', 'FT', 16, '26,27,19,25,None,97', 687, '33,16,21,16,None,86'),
(349439, 120, '2023-05-10', 'FT', 2338, '22,17,30,29,None,98', 1068, '23,32,21,18,None,94'),
(349490, 120, '2023-05-09', 'FT', 1542, '20,24,21,19,None,84', 1270, '15,18,19,20,None,72'),
(349592, 40, '2023-05-14', 'FT', 519, '17,27,10,10,None,64', 533, '19,23,16,30,None,88'),
(349593, 40, '2023-05-16', 'FT', 532, '25,20,23,12,None,80', 530, '30,26,15,19,None,90'),
(349594, 40, '2023-05-16', 'FT', 522, '21,23,22,21,None,87', 528, '14,22,14,17,None,67'),
(349595, 40, '2023-05-17', 'FT', 524, '22,16,39,17,None,94', 550, '11,22,15,15,None,63'),
(349596, 40, '2023-05-18', 'FT', 532, '14,17,24,17,None,72', 530, '18,17,24,14,None,73'),
(349597, 40, '2023-05-18', 'FT', 522, '24,31,14,18,None,87', 528, '23,20,23,19,None,85'),
(349598, 40, '2023-05-19', 'FT', 524, '24,25,22,24,None,95', 550, '20,20,15,23,None,78'),
(349599, 40, '2023-05-21', 'FT', 528, '14,23,7,10,None,54', 522, '17,19,17,12,None,65'),
(349600, 40, '2023-05-21', 'FT', 530, '25,15,26,20,None,86', 532, '23,14,18,17,None,72'),
(349601, 40, '2023-05-22', 'FT', 550, '25,17,23,18,None,83', 524, '26,28,19,16,None,89'),
(349627, 242, '2023-05-15', 'FT', 691, '23,18,18,23,None,82', 715, '20,12,25,13,None,70'),
(349628, 242, '2023-05-13', 'FT', 719, '32,22,20,27,None,101', 3769, '19,18,20,21,None,78'),
(349629, 242, '2023-05-13', 'FT', 724, '21,20,22,25,None,88', 703, '20,17,27,13,None,77'),
(349630, 242, '2023-05-13', 'FT', 702, '16,14,26,17,None,73', 5009, '20,17,26,21,None,84'),
(349631, 242, '2023-05-15', 'FT', 714, '28,25,18,11,None,82', 5007, '31,19,22,16,None,88'),
(349632, 242, '2023-05-14', 'FT', 5981, '24,18,27,22,None,91', 721, '19,16,27,11,None,73'),
(349633, 242, '2023-05-14', 'FT', 706, '18,14,22,14,None,68', 3765, '17,19,9,17,None,62'),
(349634, 242, '2023-05-13', 'FT', 720, '22,15,20,26,None,83', 689, '14,21,7,25,None,67'),
(349635, 242, '2023-05-17', 'FT', 691, '19,24,21,20,None,84', 715, '23,18,26,20,None,87'),
(349636, 242, '2023-05-15', 'FT', 719, '12,24,22,24,None,82', 3769, '18,15,23,6,None,62'),
(349637, 242, '2023-05-15', 'FT', 724, '20,19,25,19,None,83', 703, '20,19,11,18,None,68'),
(349638, 242, '2023-05-15', 'FT', 702, '25,29,19,13,None,86', 5009, '13,19,14,17,None,63'),
(349639, 242, '2023-05-19', 'FT', 5981, '19,22,18,15,None,74', 721, '30,19,28,11,None,88'),
(349640, 242, '2023-05-15', 'FT', 720, '21,16,27,15,None,79', 689, '25,13,14,11,None,63'),
(349641, 242, '2023-05-22', 'FT', 3765, '10,21,17,12,None,60', 706, '25,14,22,12,None,73'),
(349642, 242, '2023-05-17', 'FT', 714, '19,15,22,21,None,77', 5007, '15,16,22,4,None,57'),
(349643, 242, '2023-05-19', 'FT', 715, '21,14,18,21,None,74', 691, '18,17,25,22,None,82'),
(349644, 242, '2023-05-18', 'FT', 3769, '20,23,28,31,None,102', 719, '25,27,3,23,None,78'),
(349645, 242, '2023-05-19', 'FT', 5009, '11,19,22,20,None,72', 702, '20,22,18,21,None,81'),
(349646, 242, '2023-05-18', 'AOT', 703, '22,27,16,17,12,94', 724, '20,17,28,17,7,89'),
(349647, 242, '2023-05-19', 'AOT', 689, '23,15,21,25,7,91', 720, '20,14,23,27,13,97'),
(349648, 242, '2023-05-24', 'FT', 3765, '17,19,29,11,None,76', 706, '21,23,16,29,None,89'),
(349649, 242, '2023-05-20', 'FT', 5007, '13,19,17,19,None,68', 714, '18,20,23,18,None,79'),
(349650, 242, '2023-05-21', 'FT', 721, '19,26,22,23,None,90', 5981, '17,15,14,25,None,71'),
(349652, 52, '2023-05-13', 'FT', 722, '26,28,24,16,None,94', 723, '16,17,23,12,None,68'),
(349653, 52, '2023-05-13', 'FT', 731, '22,28,15,17,None,82', 726, '29,16,13,21,None,79'),
(349654, 52, '2023-05-13', 'FT', 732, '29,35,20,20,None,104', 718, '13,23,14,18,None,68'),
(349655, 52, '2023-05-14', 'FT', 700, '19,24,19,17,None,79', 727, '18,27,12,21,None,78'),
(349656, 52, '2023-05-15', 'FT', 731, '22,14,10,9,None,55', 726, '20,17,20,24,None,81'),
(349657, 52, '2023-05-15', 'FT', 732, '28,25,34,22,None,109', 718, '21,27,27,20,None,95'),
(349658, 52, '2023-05-15', 'FT', 722, '27,17,30,12,None,86', 723, '15,11,18,13,None,57'),
(349659, 52, '2023-05-16', 'FT', 700, '18,23,25,18,None,84', 727, '17,17,24,23,None,81'),
(349660, 52, '2023-05-18', 'FT', 723, '22,14,25,27,None,88', 722, '24,18,24,17,None,83'),
(349661, 52, '2023-05-18', 'FT', 726, '20,21,24,15,None,80', 731, '18,17,14,20,None,69'),
(349662, 52, '2023-05-19', 'FT', 727, '10,18,22,29,None,79', 700, '12,27,14,23,None,76'),
(349663, 52, '2023-05-19', 'FT', 718, '30,23,18,24,None,95', 732, '24,25,33,18,None,100'),
(349732, 40, '2023-05-17', 'FT', 533, '20,27,14,16,None,77', 519, '21,18,29,23,None,91'),
(349733, 40, '2023-05-19', 'FT', 519, '27,19,23,12,None,81', 533, '20,33,22,18,None,93'),
(349762, 45, '2023-05-13', 'FT', 1542, '17,25,21,20,None,83', 613, '19,26,7,13,None,65'),
(349763, 45, '2023-05-15', 'FT', 614, '25,26,24,26,None,101', 616, '17,10,18,12,None,57'),
(349764, 45, '2023-05-20', 'FT', 616, '18,15,28,12,None,73', 614, '17,12,17,12,None,58'),
(349765, 45, '2023-05-23', 'FT', 614, '30,19,27,13,None,89', 616, '24,25,10,21,None,80'),
(349766, 45, '2023-05-25', 'FT', 613, '21,20,20,16,None,77', 1542, '24,32,23,18,None,97'),
(349767, 45, '2023-05-28', 'FT', 1542, '24,15,22,14,None,75', 613, '12,22,11,9,None,54'),
(349794, 120, '2023-05-19', 'FT', 1542, '14,15,27,20,None,76', 16, '20,21,2,19,None,62'),
(349795, 120, '2023-05-19', 'FT', 2329, '18,24,13,11,None,66', 2338, '18,18,22,20,None,78'),
(349821, 202, '2023-05-14', 'FT', 2340, '29,9,14,27,None,79', 2339, '31,22,13,18,None,84'),
(349822, 202, '2023-05-14', 'FT', 524, '14,23,20,20,None,77', 1792, '7,21,27,15,None,70'),
(349909, 104, '2023-05-19', 'FT', 1274, '31,16,30,18,None,95', 1302, '27,13,20,29,None,89'),
(349910, 104, '2023-05-20', 'FT', 1266, '26,25,27,29,None,107', 1268, '15,17,18,19,None,69'),
(349911, 104, '2023-05-20', 'FT', 1271, '24,12,24,24,None,84', 1304, '16,23,23,17,None,79'),
(349912, 104, '2023-05-20', 'FT', 1272, '24,28,22,21,None,95', 1269, '19,26,26,28,None,99'),
(349913, 104, '2023-05-20', 'FT', 1276, '30,21,22,19,None,92', 1264, '14,23,17,25,None,79'),
(349914, 104, '2023-05-21', 'FT', 1305, '17,16,17,21,None,71', 1263, '21,26,25,22,None,94'),
(349915, 104, '2023-05-21', 'FT', 1277, '23,33,22,37,None,115', 2264, '15,16,15,20,None,66'),
(349916, 104, '2023-05-22', 'FT', 1270, '22,23,19,20,None,84', 1267, '21,21,20,20,None,82'),
(349939, 242, '2023-05-21', 'FT', 5009, '17,18,12,16,None,63', 702, '19,28,16,18,None,81'),
(350140, 52, '2023-05-20', 'FT', 726, '24,21,15,27,None,87', 731, '25,8,20,30,None,83'),
(350145, 2, '2023-05-21', 'FT', 5235, '22,25,20,26,None,93', 18, '16,22,19,23,None,80'),
(350146, 2, '2023-05-21', 'FT', 10, '19,24,22,8,None,73', 24, '17,20,20,22,None,79'),
(350147, 2, '2023-05-21', 'FT', 26, '22,24,23,34,None,103', 23, '13,18,24,18,None,73'),
(350148, 2, '2023-05-23', 'FT', 18, '21,23,11,28,None,83', 5235, '21,11,23,25,None,80'),
(350149, 2, '2023-05-23', 'FT', 24, '27,21,23,21,None,92', 10, '24,11,34,21,None,90'),
(350150, 2, '2023-05-23', 'FT', 23, '20,9,12,22,None,63', 26, '18,15,24,9,None,66'),
(350151, 2, '2023-05-24', 'FT', 16, '16,23,24,25,None,88', 25, '24,16,24,20,None,84'),
(350152, 2, '2023-05-26', 'FT', 25, '23,18,26,16,None,83', 16, '33,13,20,19,None,85'),
(350205, 242, '2023-05-22', 'FT', 5007, '17,21,17,19,None,74', 714, '16,9,25,15,None,65'),
(350206, 242, '2023-05-21', 'FT', 715, '19,20,25,23,None,87', 691, '19,25,27,18,None,89'),
(350228, 40, '2023-05-24', 'FT', 533, '26,24,18,15,None,83', 519, '22,29,16,14,None,81'),
(350241, 52, '2023-05-20', 'FT', 723, '17,23,14,26,None,80', 722, '34,21,16,23,None,94'),
(350242, 242, '2023-05-20', 'FT', 703, '23,22,19,17,None,81', 724, '25,19,25,24,None,93'),
(350243, 242, '2023-05-20', 'FT', 3769, '22,26,20,10,None,78', 719, '27,25,23,24,None,99'),
(350257, 52, '2023-05-21', 'FT', 727, '27,12,20,22,None,81', 700, '19,25,26,12,None,82'),
(350258, 242, '2023-05-24', 'FT', 721, '20,20,20,9,None,69', 5981, '24,25,8,11,None,68'),
(350270, 120, '2023-05-21', 'FT', 16, '24,20,16,18,None,78', 2329, '13,15,17,21,None,66'),
(350271, 120, '2023-05-21', 'FT', 1542, '24,21,18,15,None,78', 2338, '17,28,14,20,None,79'),
(350298, 45, '2023-05-27', 'FT', 616, '21,20,18,17,None,76', 614, '15,13,27,16,None,71'),
(350326, 242, '2023-05-25', 'FT', 714, '26,18,21,21,None,86', 5007, '15,30,17,22,None,84'),
(350327, 242, '2023-05-27', 'FT', 719, '17,14,18,25,None,74', 724, '19,20,10,24,None,73'),
(350328, 242, '2023-05-27', 'FT', 702, '18,9,15,10,None,52', 691, '17,20,19,11,None,67'),
(350329, 242, '2023-05-29', 'FT', 719, '20,25,24,13,None,82', 724, '24,9,23,12,None,68'),
(350330, 242, '2023-05-29', 'FT', 702, '27,16,21,19,None,83', 691, '17,20,15,20,None,72'),
(350331, 242, '2023-06-01', 'AOT', 691, '26,18,19,16,7,86', 702, '18,20,20,21,6,85'),
(350332, 242, '2023-06-01', 'FT', 724, '25,12,15,21,None,73', 719, '19,14,21,15,None,69'),
(350335, 52, '2023-05-27', 'FT', 722, '25,27,26,17,None,95', 726, '12,17,19,24,None,72'),
(350336, 52, '2023-05-28', 'FT', 732, '23,21,19,21,None,84', 700, '13,11,17,20,None,61'),
(350337, 52, '2023-05-29', 'FT', 722, '13,26,21,20,None,80', 726, '19,19,18,19,None,75'),
(350338, 52, '2023-05-30', 'FT', 732, '23,32,25,28,None,108', 700, '20,20,18,20,None,78'),
(350339, 52, '2023-06-01', 'FT', 726, '16,20,17,8,None,61', 722, '22,19,25,27,None,93'),
(350340, 52, '2023-06-02', 'FT', 700, '26,29,15,12,None,82', 732, '21,18,27,23,None,89'),
(350361, 2, '2023-05-25', 'FT', 5235, '20,22,22,17,None,81', 18, '11,13,25,20,None,69'),
(350365, 104, '2023-05-26', 'FT', 1277, '22,21,26,25,None,94', 1271, '16,23,24,22,None,85'),
(350366, 104, '2023-05-26', 'AOT', 1274, '19,22,18,21,11,91', 1267, '9,22,21,28,3,83'),
(350367, 104, '2023-05-27', 'FT', 1263, '27,31,21,25,None,104', 1269, '18,32,22,22,None,94'),
(350368, 104, '2023-05-27', 'FT', 1270, '28,19,20,26,None,93', 1276, '20,15,20,23,None,78'),
(350369, 104, '2023-05-30', 'FT', 1271, '24,15,30,17,None,86', 1277, '25,21,13,12,None,71'),
(350370, 104, '2023-05-30', 'FT', 1267, '10,26,27,13,None,76', 1274, '27,26,20,19,None,92'),
(350371, 104, '2023-05-31', 'FT', 1269, '24,20,19,21,None,84', 1263, '20,19,22,25,None,86'),
(350372, 104, '2023-05-31', 'FT', 1276, '13,25,22,27,None,87', 1270, '26,23,21,28,None,98'),
(350462, 40, '2023-05-29', 'FT', 524, '16,26,14,24,None,80', 530, '23,8,22,18,None,71'),
(350463, 40, '2023-05-31', 'FT', 524, '27,17,24,26,None,94', 530, '21,15,13,16,None,65'),
(350464, 40, '2023-06-03', 'FT', 530, '17,18,16,22,None,73', 524, '18,18,21,25,None,82');
INSERT INTO `games` (`ID_games`, `ID_league`, `date`, `status`, `ID_home`, `score_home`, `ID_away`, `score_away`) VALUES
(350479, 117, '2023-05-27', 'FT', 2331, '16,23,27,25,None,91', 2334, '28,20,30,21,None,99'),
(350480, 117, '2023-05-28', 'FT', 2338, '22,29,19,25,None,95', 2333, '13,12,22,21,None,68'),
(350481, 117, '2023-05-28', 'FT', 2339, '9,11,16,23,None,59', 2340, '13,19,22,18,None,72'),
(350482, 117, '2023-05-29', 'FT', 2329, '18,22,29,15,None,84', 2341, '16,21,18,19,None,74'),
(350483, 117, '2023-05-30', 'FT', 2334, '21,25,25,12,None,83', 2331, '19,21,22,14,None,76'),
(350484, 117, '2023-05-31', 'FT', 2333, '18,19,19,25,None,81', 2338, '21,18,28,22,None,89'),
(350485, 117, '2023-06-01', 'FT', 2340, '13,37,26,21,None,97', 2339, '22,14,21,17,None,74'),
(350486, 117, '2023-06-02', 'FT', 2341, '13,13,19,19,None,64', 2329, '26,17,24,20,None,87'),
(350490, 242, '2023-06-02', 'FT', 706, '15,22,23,12,None,72', 714, '19,16,19,16,None,70'),
(350491, 242, '2023-05-28', 'FT', 720, '20,21,21,21,None,83', 721, '23,19,15,17,None,74'),
(350492, 242, '2023-06-04', 'FT', 706, '14,27,21,21,None,83', 714, '16,12,14,16,None,58'),
(350493, 242, '2023-05-30', 'FT', 720, '18,27,20,22,None,87', 721, '16,20,23,16,None,75'),
(350494, 242, '2023-06-02', 'AOT', 721, '17,19,26,18,13,93', 720, '17,26,14,23,12,92'),
(350495, 242, '2023-06-07', 'FT', 714, '21,11,23,10,None,65', 706, '25,20,11,27,None,83'),
(350496, 40, '2023-05-28', 'FT', 522, '20,21,17,11,None,69', 533, '18,24,23,22,None,87'),
(350497, 40, '2023-05-30', 'FT', 522, '20,19,17,32,None,88', 533, '27,17,27,22,None,93'),
(350498, 40, '2023-06-02', 'AOT', 533, '29,17,28,18,12,104', 522, '22,21,19,30,10,102'),
(350504, 2, '2023-05-28', 'FT', 5235, '23,15,19,18,None,75', 26, '19,13,15,22,None,69'),
(350505, 2, '2023-05-29', 'FT', 16, '19,29,23,25,None,96', 24, '16,16,23,24,None,79'),
(350506, 2, '2023-05-30', 'FT', 5235, '21,22,22,21,None,86', 26, '12,24,20,27,None,83'),
(350507, 2, '2023-05-31', 'FT', 16, '30,19,29,27,None,105', 24, '34,21,18,26,None,99'),
(350508, 2, '2023-06-03', 'FT', 24, '17,24,19,11,None,71', 16, '24,21,22,18,None,85'),
(350509, 2, '2023-06-02', 'FT', 26, '21,16,25,24,None,86', 5235, '17,17,16,9,None,59'),
(350518, 242, '2023-05-27', 'FT', 708, '20,16,23,20,None,79', 713, '10,19,30,15,None,74'),
(350519, 242, '2023-05-28', 'AOT', 3764, '19,10,16,19,8,72', 3768, '26,9,17,12,14,78'),
(350520, 242, '2023-05-29', 'FT', 708, '18,18,20,26,None,82', 713, '26,17,13,19,None,75'),
(350521, 242, '2023-05-30', 'FT', 3764, '12,17,26,23,None,78', 3768, '15,21,9,23,None,68'),
(350522, 242, '2023-06-02', 'FT', 713, '11,30,16,20,None,77', 708, '17,11,22,21,None,71'),
(350523, 242, '2023-06-03', 'FT', 3768, '24,27,20,18,None,89', 3764, '18,21,12,23,None,74'),
(350546, 45, '2023-05-30', 'FT', 614, '23,18,23,17,None,81', 616, '17,22,9,19,None,67'),
(350563, 242, '2023-06-03', 'FT', 691, '20,17,24,27,None,88', 702, '21,23,19,24,None,87'),
(351107, 242, '2023-06-05', 'FT', 3768, '15,24,25,22,None,86', 3764, '9,13,21,27,None,70'),
(351109, 45, '2023-06-03', 'FT', 616, '20,17,19,15,None,71', 613, '15,18,24,8,None,65'),
(351110, 45, '2023-06-04', 'FT', 1542, '26,15,20,12,None,73', 614, '14,19,15,22,None,70'),
(351111, 45, '2023-06-07', 'FT', 613, '24,9,19,12,None,64', 616, '17,24,15,25,None,81'),
(351112, 45, '2023-06-08', 'FT', 614, '25,8,18,16,None,67', 1542, '13,22,15,15,None,65'),
(351113, 45, '2023-06-10', 'FT', 616, '24,16,10,23,None,73', 613, '19,8,12,12,None,51'),
(351114, 45, '2023-06-11', 'FT', 1542, '18,18,21,18,None,75', 614, '19,9,13,11,None,52'),
(351119, 104, '2023-06-01', 'FT', 1277, '25,23,16,27,None,91', 1271, '20,20,15,22,None,77'),
(351486, 104, '2023-06-03', 'FT', 1270, '23,28,26,31,None,108', 1263, '17,20,17,12,None,66'),
(351487, 104, '2023-06-04', 'FT', 1277, '23,25,25,25,None,98', 1274, '25,25,20,24,None,94'),
(351488, 104, '2023-06-05', 'FT', 1270, '25,20,16,29,None,90', 1263, '16,24,25,27,None,92'),
(351489, 104, '2023-06-06', 'FT', 1277, '17,21,26,17,None,81', 1274, '22,24,21,25,None,92'),
(351490, 104, '2023-06-07', 'FT', 1263, '22,30,19,26,None,97', 1270, '24,27,27,13,None,91'),
(351491, 104, '2023-06-08', 'FT', 1274, '15,21,16,32,None,84', 1277, '18,17,21,25,None,81'),
(351492, 242, '2023-06-03', 'FT', 724, '25,21,12,22,None,80', 719, '15,22,15,25,None,77'),
(351494, 117, '2023-06-06', 'FT', 2338, '22,17,25,19,None,83', 2334, '18,24,25,26,None,93'),
(351495, 117, '2023-06-08', 'FT', 2338, '22,14,27,27,None,90', 2334, '14,26,19,14,None,73'),
(351496, 117, '2023-06-10', 'FT', 2334, '16,16,11,30,None,73', 2338, '25,23,22,13,None,83'),
(351520, 242, '2023-06-04', 'FT', 721, '14,12,8,15,None,49', 720, '19,17,16,17,None,69'),
(351521, 242, '2023-06-04', 'FT', 713, '21,13,20,14,None,68', 708, '12,15,25,18,None,70'),
(351523, 2, '2023-06-04', 'FT', 26, '23,14,17,15,None,69', 5235, '20,19,21,11,None,71'),
(351524, 52, '2023-06-09', 'FT', 722, '21,15,27,29,None,92', 732, '19,25,20,18,None,82'),
(351693, 242, '2023-06-06', 'FT', 719, '15,24,18,10,None,67', 724, '14,15,26,20,None,75'),
(351698, 117, '2023-06-07', 'FT', 2329, '26,19,21,18,None,84', 2340, '15,16,27,23,None,81'),
(351699, 117, '2023-06-09', 'FT', 2329, '18,19,20,22,None,79', 2340, '25,15,23,25,None,88'),
(351700, 117, '2023-06-11', 'FT', 2340, '17,26,17,19,None,79', 2329, '20,20,26,24,None,90'),
(351701, 52, '2023-06-11', 'FT', 722, '14,24,19,22,None,79', 732, '17,18,19,22,None,76'),
(351702, 52, '2023-06-14', 'FT', 732, '15,19,18,17,None,69', 722, '17,12,13,19,None,61'),
(351703, 52, '2023-06-16', 'AOT', 732, '24,16,20,16,17,93', 722, '14,17,16,29,13,89'),
(351709, 40, '2023-06-09', 'FT', 524, '20,15,17,21,None,73', 533, '20,22,13,24,None,79'),
(351710, 40, '2023-06-11', 'FT', 524, '26,19,30,29,None,104', 533, '16,13,15,31,None,75'),
(351711, 40, '2023-06-14', 'FT', 533, '26,27,27,32,None,112', 524, '18,12,25,29,None,84'),
(351719, 2, '2023-06-10', 'FT', 16, '23,29,19,16,None,87', 5235, '15,6,16,27,None,64'),
(351720, 2, '2023-06-12', 'FT', 16, '15,35,23,22,None,95', 5235, '26,23,22,17,None,88'),
(351721, 2, '2023-06-15', 'FT', 5235, '32,21,17,15,None,85', 16, '23,21,19,29,None,92'),
(351724, 104, '2023-06-09', 'FT', 1263, '16,29,20,22,None,87', 1270, '20,21,20,17,None,78'),
(351733, 104, '2023-06-10', 'FT', 1274, '15,35,25,19,None,94', 1277, '26,21,25,18,None,90'),
(351734, 242, '2023-06-10', 'FT', 724, '18,19,11,19,None,67', 691, '21,8,16,16,None,61'),
(351735, 242, '2023-06-14', 'FT', 706, '24,20,11,17,None,72', 720, '12,30,18,17,None,77'),
(351736, 242, '2023-06-12', 'FT', 724, '11,18,24,16,None,69', 691, '16,13,17,16,None,62'),
(351737, 242, '2023-06-16', 'FT', 706, '12,23,12,17,None,64', 720, '17,14,24,14,None,69'),
(351738, 242, '2023-06-15', 'FT', 691, '28,21,12,17,None,78', 724, '25,15,19,8,None,67'),
(351739, 242, '2023-06-19', 'FT', 720, '23,29,23,14,None,89', 706, '9,18,23,24,None,74'),
(351891, 117, '2023-06-12', 'FT', 2334, '17,18,14,24,None,73', 2338, '17,21,25,31,None,94'),
(351893, 45, '2023-06-15', 'FT', 614, '15,11,9,None,None,35', 1542, '24,24,15,None,None,63'),
(351906, 117, '2023-06-13', 'FT', 2340, '13,24,15,23,None,75', 2329, '23,22,28,14,None,87'),
(351928, 104, '2023-06-13', 'FT', 1263, '23,20,19,20,None,82', 1274, '14,15,27,22,None,78'),
(351929, 104, '2023-06-15', 'FT', 1263, '21,22,15,27,None,85', 1274, '16,19,19,14,None,68'),
(351930, 104, '2023-06-17', 'FT', 1274, '27,19,17,11,None,74', 1263, '28,20,16,19,None,83'),
(351931, 40, '2023-06-16', 'FT', 533, '21,22,8,23,None,74', 524, '23,18,18,11,None,70'),
(351937, 52, '2023-06-19', 'FT', 722, '26,16,17,20,None,79', 732, '24,13,17,18,None,72'),
(351938, 117, '2023-06-16', 'FT', 2329, '28,19,16,34,None,97', 2338, '23,27,11,27,None,88'),
(351939, 117, '2023-06-18', 'FT', 2329, '20,25,23,18,None,86', 2338, '19,22,24,20,None,85'),
(351940, 117, '2023-06-20', 'FT', 2338, '21,20,25,16,None,82', 2329, '20,18,29,26,None,93'),
(351948, 242, '2023-06-17', 'FT', 691, '14,15,16,16,None,61', 724, '20,21,14,18,None,73'),
(351978, 52, '2023-06-21', 'FT', 732, '23,26,18,18,None,85', 722, '27,16,16,7,None,66'),
(352045, 52, '2023-06-23', 'FT', 722, '21,17,10,19,None,67', 732, '9,20,5,21,None,55'),
(354079, 202, '2023-09-25', 'FT', 464, '23,25,29,26,None,103', 783, '16,9,30,24,None,79'),
(354080, 202, '2023-09-25', 'FT', 480, '19,26,16,17,None,78', 1204, '13,18,21,30,None,82'),
(354081, 202, '2023-09-25', 'FT', 933, '25,32,36,29,None,122', 5238, '15,17,18,12,None,62'),
(354082, 202, '2023-09-27', 'FT', 718, '24,19,17,17,None,77', 975, '22,10,28,14,None,74'),
(354083, 202, '2023-09-27', 'FT', 18, '15,26,13,22,None,76', 300, '16,17,25,14,None,72'),
(354084, 202, '2023-09-27', 'FT', 846, '23,30,20,23,None,96', 528, '20,21,23,20,None,84'),
(354085, 202, '2023-09-27', 'FT', 1066, '21,18,21,11,None,71', 730, '23,12,14,24,None,73'),
(354086, 202, '2023-09-24', 'FT', 1230, '7,18,11,21,None,57', 5633, '20,11,11,9,None,51'),
(354087, 202, '2023-09-26', 'FT', 489, '20,13,11,12,None,56', 688, '19,20,27,26,None,92'),
(354088, 202, '2023-09-25', 'FT', 1073, '0,22,21,23,None,66', 1389, '20,25,8,21,None,74'),
(354089, 202, '2023-09-26', 'FT', 1616, '13,10,18,15,None,56', 2337, '21,35,15,19,None,90'),
(354090, 202, '2023-09-26', 'FT', 25, '13,22,22,26,None,83', 2315, '21,23,20,14,None,78'),
(354114, 194, '2023-10-04', 'FT', 606, '28,7,20,11,None,66', 2333, '20,18,19,25,None,82'),
(354115, 194, '2023-10-04', 'FT', 3419, '28,22,9,21,None,80', 1277, '14,12,26,19,None,71'),
(354116, 194, '2023-10-03', 'FT', 682, '28,20,23,29,None,100', 1800, '21,15,19,18,None,73'),
(354117, 194, '2023-10-05', 'FT', 24, '24,22,21,23,None,90', 914, '22,20,11,21,None,74'),
(354118, 194, '2023-10-04', 'FT', 2334, '20,15,18,9,None,62', 1266, '14,19,16,14,None,63'),
(354119, 194, '2023-10-04', 'FT', 1329, '17,21,16,22,None,76', 731, '25,16,15,13,None,69'),
(354120, 194, '2023-10-03', 'FT', 108, '24,24,26,31,None,105', 5561, '15,25,22,16,None,78'),
(354121, 194, '2023-10-04', 'FT', 1317, '35,19,24,19,None,97', 529, '15,27,20,15,None,77'),
(354122, 194, '2023-10-03', 'FT', 533, '16,26,18,20,None,80', 727, '18,20,16,16,None,70'),
(354123, 194, '2023-10-04', 'FT', 1615, '17,14,22,23,None,76', 790, '17,21,12,15,None,65'),
(354124, 194, '2023-10-11', 'FT', 914, '21,15,20,11,None,67', 3419, '15,18,15,22,None,70'),
(354125, 194, '2023-10-11', 'FT', 731, '22,19,19,15,None,75', 108, '24,16,16,25,None,81'),
(354126, 194, '2023-10-11', 'FT', 1277, '25,25,19,10,None,79', 1615, '20,18,20,19,None,77'),
(354127, 194, '2023-10-10', 'FT', 727, '23,15,21,13,None,72', 24, '23,21,18,17,None,79'),
(354128, 194, '2023-10-11', 'AOT', 1800, '18,25,10,23,11,87', 2334, '20,12,19,25,12,88'),
(354129, 194, '2023-10-10', 'FT', 790, '23,20,18,23,None,84', 606, '20,16,23,15,None,74'),
(354130, 194, '2023-10-10', 'FT', 529, '25,20,25,24,None,94', 1329, '25,16,24,35,None,100'),
(354131, 194, '2023-10-11', 'FT', 2333, '30,32,22,27,None,111', 533, '16,20,32,14,None,82'),
(354132, 194, '2023-10-10', 'FT', 1266, '20,26,22,24,None,92', 1317, '17,17,17,19,None,70'),
(354134, 194, '2023-10-18', 'FT', 529, '15,11,28,15,None,69', 108, '26,26,27,26,None,105'),
(354135, 194, '2023-10-17', 'FT', 533, '27,26,18,28,None,99', 790, '17,25,18,14,None,74'),
(354136, 194, '2023-10-18', 'FT', 727, '20,21,23,9,None,73', 2333, '31,13,18,25,None,87'),
(354137, 194, '2023-10-18', 'FT', 1317, '30,15,20,22,None,87', 1329, '19,29,25,26,None,99'),
(354138, 194, '2023-10-17', 'FT', 1615, '21,29,24,29,None,103', 914, '20,24,22,23,None,89'),
(354139, 194, '2023-10-18', 'AOT', 2334, '17,24,24,23,19,107', 5561, '21,25,18,24,10,98'),
(354140, 194, '2023-10-17', 'FT', 24, '31,24,11,26,None,92', 3419, '22,16,18,32,None,88'),
(354141, 194, '2023-10-17', 'FT', 731, '21,19,24,17,None,81', 682, '20,21,27,29,None,97'),
(354142, 194, '2023-10-18', 'FT', 606, '23,11,21,13,None,68', 1277, '20,18,16,12,None,66'),
(354143, 194, '2023-10-18', 'FT', 1266, '20,23,16,14,None,73', 1800, '17,21,14,14,None,66'),
(354144, 194, '2023-10-24', 'FT', 731, '15,18,15,31,None,79', 2334, '17,9,21,17,None,64'),
(354145, 194, '2023-10-25', 'FT', 1277, '21,12,25,20,None,78', 533, '16,29,24,22,None,91'),
(354146, 194, '2023-10-25', 'FT', 914, '16,26,10,11,None,63', 606, '22,21,18,19,None,80'),
(354147, 194, '2023-10-24', 'AOT', 1329, '19,22,25,18,18,102', 108, '19,29,8,28,22,106'),
(354148, 194, '2023-10-24', 'FT', 529, '19,23,15,15,None,72', 682, '36,23,27,25,None,111'),
(354149, 194, '2023-10-25', 'FT', 790, '17,26,21,28,None,92', 727, '17,27,27,22,None,93'),
(354150, 194, '2023-10-25', 'FT', 2333, '26,30,13,15,None,84', 24, '21,20,15,20,None,76'),
(354151, 194, '2023-10-25', 'FT', 3419, '25,23,20,21,None,89', 1615, '25,18,15,16,None,74'),
(354152, 194, '2023-10-25', 'FT', 1800, '26,19,20,18,None,83', 1317, '18,29,25,18,None,90'),
(354153, 194, '2023-10-24', 'FT', 5561, '22,22,23,23,None,90', 1266, '18,19,28,23,None,88'),
(354154, 194, '2023-11-01', 'FT', 24, '17,21,21,19,None,78', 1615, '21,22,13,17,None,73'),
(354155, 194, '2023-11-01', 'AOT', 533, '25,24,15,30,14,108', 914, '22,24,31,17,9,103'),
(354156, 194, '2023-10-31', 'AOT', 727, '16,24,24,22,15,101', 1277, '19,19,26,22,10,96'),
(354157, 194, '2023-10-31', 'FT', 2334, '32,33,21,22,None,108', 529, '21,21,23,11,None,76'),
(354158, 194, '2023-11-01', 'FT', 1317, '22,19,19,19,None,79', 108, '17,31,27,21,None,96'),
(354159, 194, '2023-11-02', 'FT', 1329, '21,18,20,31,None,90', 682, '30,21,26,21,None,98'),
(354160, 194, '2023-11-01', 'FT', 606, '22,11,13,13,None,59', 3419, '19,13,17,12,None,61'),
(354161, 194, '2023-10-31', 'FT', 1800, '18,17,21,22,None,78', 5561, '22,26,15,23,None,86'),
(354162, 194, '2023-11-01', 'FT', 1266, '25,15,21,13,None,74', 731, '16,26,12,14,None,68'),
(354163, 194, '2023-11-01', 'FT', 2333, '21,17,29,21,None,88', 790, '15,16,29,17,None,77'),
(354164, 194, '2023-11-08', 'FT', 108, '21,33,28,32,None,114', 682, '24,15,20,28,None,87'),
(354165, 194, '2023-11-07', 'FT', 731, '21,21,20,33,None,95', 1800, '27,20,25,15,None,87'),
(354166, 194, '2023-11-08', 'FT', 1277, '24,18,11,16,None,69', 2333, '15,28,17,22,None,82'),
(354167, 194, '2023-11-08', 'FT', 914, '16,23,16,20,None,75', 727, '19,17,21,27,None,84'),
(354168, 194, '2023-11-07', 'FT', 790, '30,17,25,28,None,100', 24, '14,25,22,35,None,96'),
(354169, 194, '2023-11-08', 'FT', 2334, '28,8,19,21,None,76', 1329, '20,24,20,23,None,87'),
(354170, 194, '2023-11-08', 'FT', 1266, '25,23,16,26,None,90', 529, '24,20,21,13,None,78'),
(354171, 194, '2023-11-08', 'FT', 3419, '26,25,13,22,None,86', 533, '14,10,24,27,None,75'),
(354172, 194, '2023-11-08', 'FT', 1615, '20,19,17,7,None,63', 606, '11,23,17,14,None,65'),
(354173, 194, '2023-11-08', 'FT', 5561, '24,16,28,17,None,85', 1317, '24,17,16,14,None,71'),
(354174, 194, '2023-11-14', 'AOT', 2334, '23,17,27,22,5,94', 108, '23,27,19,20,12,101'),
(354175, 194, '2023-11-15', 'FT', 727, '14,19,8,19,None,60', 3419, '34,11,26,27,None,98'),
(354176, 194, '2023-11-14', 'FT', 1317, '29,19,27,23,None,98', 682, '26,23,18,22,None,89'),
(354177, 194, '2023-11-14', 'AOT', 790, '19,25,18,24,7,93', 1277, '24,24,22,16,0,86'),
(354178, 194, '2023-11-14', 'FT', 533, '23,14,22,25,None,84', 1615, '19,18,11,19,None,67'),
(354179, 194, '2023-11-14', 'FT', 24, '25,12,16,19,None,72', 606, '8,26,15,16,None,65'),
(354180, 194, '2023-11-15', 'FT', 1800, '22,14,13,34,None,83', 529, '19,24,31,12,None,86'),
(354181, 194, '2023-11-15', 'FT', 1266, '19,23,17,21,None,80', 1329, '25,21,22,15,None,83'),
(354182, 194, '2023-11-15', 'FT', 5561, '20,19,23,15,None,77', 731, '23,21,25,24,None,93'),
(354183, 194, '2023-11-15', 'FT', 2333, '23,22,23,13,None,81', 914, '16,11,20,30,None,77'),
(354184, 194, '2023-11-21', 'FT', 24, '22,21,11,32,None,86', 1277, '8,17,26,16,None,67'),
(354185, 194, '2023-11-22', 'FT', 1317, '20,20,31,18,None,89', 731, '21,23,25,13,None,82'),
(354186, 194, '2023-11-21', 'FT', 108, '20,20,8,15,None,63', 1266, '15,16,16,21,None,68'),
(354187, 194, '2023-11-22', 'FT', 1329, '19,31,23,28,None,101', 1800, '19,24,27,25,None,95'),
(354188, 194, '2023-11-22', 'FT', 914, '24,12,14,21,None,71', 790, '28,15,25,7,None,75'),
(354189, 194, '2023-11-22', 'FT', 682, '26,28,29,20,None,103', 2334, '19,25,30,25,None,99'),
(354190, 194, '2023-11-21', 'FT', 529, '16,21,18,16,None,71', 5561, '24,23,21,16,None,84'),
(354191, 194, '2023-11-21', 'FT', 3419, '20,23,11,16,None,70', 2333, '32,13,15,32,None,92'),
(354192, 194, '2023-11-21', 'AOT', 1615, '20,24,17,24,13,98', 727, '22,23,20,20,11,96'),
(354193, 194, '2023-11-22', 'AOT', 606, '21,21,17,22,7,88', 533, '19,22,14,26,18,99'),
(354194, 194, '2023-11-28', 'FT', 731, '22,31,21,20,None,94', 529, '20,17,23,17,None,77'),
(354195, 194, '2023-11-29', 'FT', 533, '17,16,20,31,None,84', 24, '17,36,15,21,None,89'),
(354196, 194, '2023-11-28', 'FT', 1277, '7,22,19,23,None,71', 914, '19,20,22,19,None,80'),
(354197, 194, '2023-11-29', 'FT', 727, '17,15,21,16,None,69', 606, '17,15,11,24,None,67'),
(354198, 194, '2023-11-29', 'FT', 2334, '15,18,29,17,None,79', 1317, '26,15,20,15,None,76'),
(354199, 194, '2023-11-29', 'AOT', 3419, '21,23,30,23,23,120', 790, '23,13,23,38,14,111'),
(354200, 194, '2023-11-29', 'FT', 2333, '28,21,26,22,None,97', 1615, '23,21,10,16,None,70'),
(354201, 194, '2023-11-29', 'FT', 1800, '26,18,17,16,None,77', 108, '25,23,19,26,None,93'),
(354202, 194, '2023-11-29', 'FT', 682, '24,17,22,18,None,81', 1266, '26,15,22,12,None,75'),
(354203, 194, '2023-11-28', 'FT', 5561, '22,13,27,25,None,87', 1329, '24,31,21,25,None,101'),
(354204, 194, '2023-12-05', 'FT', 914, '16,17,15,15,None,63', 24, '20,22,16,14,None,72'),
(354205, 194, '2023-12-05', 'FT', 731, '30,21,21,19,None,91', 1329, '25,24,23,23,None,95'),
(354206, 194, '2023-12-05', 'FT', 1277, '26,27,13,29,None,95', 3419, '18,30,18,18,None,84'),
(354207, 194, '2023-12-06', 'FT', 727, '13,29,21,20,None,83', 533, '21,22,20,22,None,85'),
(354208, 194, '2023-12-06', 'FT', 5561, '13,22,23,21,None,79', 108, '24,34,23,29,None,110'),
(354209, 194, '2023-12-06', 'FT', 790, '21,16,17,27,None,81', 1615, '18,21,22,22,None,83'),
(354210, 194, '2023-12-06', 'FT', 2333, '29,20,23,21,None,93', 606, '17,21,12,15,None,65'),
(354211, 194, '2023-12-06', 'FT', 1800, '17,24,18,21,None,80', 682, '18,27,24,26,None,95'),
(354212, 194, '2023-12-06', 'FT', 1266, '14,19,22,26,None,81', 2334, '15,22,25,23,None,85'),
(354213, 194, '2023-12-05', 'FT', 529, '19,16,19,29,None,83', 1317, '26,26,22,23,None,97'),
(354355, 40, '2023-09-27', 'FT', 533, '31,20,13,26,None,90', 550, '24,18,16,27,None,85'),
(354356, 40, '2023-10-04', 'FT', 524, '19,9,21,27,None,76', 564, '23,16,28,21,None,88'),
(354357, 40, '2023-09-28', 'FT', 552, '17,22,19,23,None,81', 519, '21,23,26,20,None,90'),
(354358, 40, '2023-09-28', 'FT', 534, '22,24,37,18,None,101', 520, '25,23,10,21,None,79'),
(354359, 40, '2023-09-29', 'FT', 521, '28,18,32,13,None,91', 532, '27,24,16,19,None,86'),
(354360, 40, '2023-09-29', 'FT', 522, '22,28,23,23,None,96', 2263, '22,18,23,24,None,87'),
(354361, 40, '2023-09-29', 'FT', 525, '19,20,25,21,None,85', 561, '23,12,23,23,None,81'),
(354362, 40, '2023-09-29', 'FT', 530, '22,16,22,19,None,79', 529, '19,19,25,24,None,87'),
(354363, 40, '2023-09-29', 'POST', 5923, 'None,None,None,None,None,None', 528, 'None,None,None,None,None,None'),
(354938, 2, '2023-09-16', 'FT', 18, '21,21,22,26,None,90', 19, '25,21,14,26,None,86'),
(354939, 2, '2023-09-16', 'FT', 100, '21,30,23,18,None,92', 20, '27,17,15,24,None,83'),
(354940, 2, '2023-09-16', 'FT', 95, '18,20,19,24,None,81', 17, '22,15,19,17,None,73'),
(354941, 2, '2023-09-16', 'FT', 11, '11,16,27,12,None,66', 24, '25,21,27,26,None,99'),
(354942, 2, '2023-09-16', 'FT', 5235, '17,18,21,13,None,69', 106, '9,18,23,23,None,73'),
(354943, 2, '2023-09-16', 'FT', 27, '21,11,15,12,None,59', 16, '26,14,19,13,None,72'),
(354944, 2, '2023-09-17', 'FT', 108, '17,22,22,20,None,81', 10, '12,20,18,14,None,64'),
(354945, 2, '2023-09-17', 'FT', 25, '14,22,20,15,None,71', 21, '14,18,8,17,None,57'),
(354946, 2, '2023-09-17', 'FT', 26, '25,22,25,17,None,89', 23, '14,14,23,24,None,75'),
(354947, 2, '2023-09-23', 'FT', 23, '23,35,30,22,None,110', 95, '28,23,23,22,None,96'),
(354948, 2, '2023-09-23', 'FT', 106, '15,18,21,11,None,65', 108, '27,17,13,24,None,81'),
(354949, 2, '2023-09-24', 'FT', 21, '30,20,29,30,None,109', 11, '23,25,16,24,None,88'),
(354950, 2, '2023-09-23', 'FT', 19, '31,23,28,25,None,107', 100, '26,16,20,18,None,80'),
(354951, 2, '2023-09-23', 'FT', 24, '18,27,26,23,None,94', 5235, '10,25,16,22,None,73'),
(354952, 2, '2023-09-23', 'FT', 17, '20,19,19,16,None,74', 26, '19,19,20,21,None,79'),
(354953, 2, '2023-09-24', 'FT', 10, '11,20,17,12,None,60', 18, '19,17,12,14,None,62'),
(354954, 2, '2023-09-24', 'FT', 20, '15,21,17,15,None,68', 16, '23,27,24,30,None,104'),
(354955, 2, '2023-09-23', 'FT', 25, '20,17,28,15,None,80', 27, '22,23,21,21,None,87'),
(354956, 2, '2023-09-26', 'FT', 95, '21,36,23,22,None,102', 24, '16,23,32,22,None,93'),
(354957, 2, '2023-09-26', 'FT', 21, '17,26,15,25,None,83', 19, '24,17,28,8,None,77'),
(354958, 2, '2023-09-26', 'FT', 100, '13,14,19,20,None,66', 10, '14,19,5,18,None,56'),
(354959, 2, '2023-09-26', 'FT', 16, '20,16,11,30,None,77', 106, '16,16,25,18,None,75'),
(354960, 2, '2023-09-27', 'FT', 17, '18,19,18,26,None,81', 20, '26,20,14,23,None,83'),
(354961, 2, '2023-10-10', 'FT', 18, '21,18,17,22,None,78', 25, '26,19,24,21,None,90'),
(354962, 2, '2023-09-27', 'FT', 5235, '19,19,11,18,None,67', 27, '14,16,31,29,None,90'),
(354963, 2, '2023-09-27', 'FT', 11, '20,16,19,11,None,66', 26, '30,28,29,14,None,101'),
(354964, 2, '2023-09-27', 'FT', 108, '36,20,24,32,None,112', 23, '17,17,18,19,None,71'),
(354965, 2, '2023-10-01', 'FT', 19, '23,18,26,15,None,82', 20, '24,21,22,26,None,93'),
(354966, 2, '2023-09-30', 'FT', 95, '17,23,18,20,None,78', 21, '25,18,22,24,None,89'),
(354967, 2, '2023-09-30', 'FT', 23, '21,10,24,18,None,73', 11, '18,22,12,15,None,67'),
(354968, 2, '2023-09-30', 'FT', 27, '16,12,14,23,None,65', 108, '21,23,18,21,None,83'),
(354969, 2, '2023-10-01', 'FT', 10, '31,23,10,30,None,94', 5235, '12,10,17,15,None,54'),
(354970, 2, '2023-09-30', 'FT', 24, '21,30,13,26,None,90', 17, '9,28,19,26,None,82'),
(354971, 2, '2023-10-01', 'FT', 26, '21,21,18,19,None,79', 16, '19,16,26,26,None,87'),
(354972, 2, '2023-11-15', 'FT', 18, '13,15,26,13,None,67', 100, '21,14,22,19,None,76'),
(354973, 2, '2023-11-07', 'FT', 25, '21,18,20,19,None,78', 106, '11,21,18,16,None,66'),
(354974, 2, '2023-10-03', 'FT', 106, '31,20,23,17,None,91', 26, '15,20,15,21,None,71'),
(354975, 2, '2023-10-04', 'FT', 21, '20,22,19,32,None,93', 23, '21,18,28,14,None,81'),
(354976, 2, '2023-10-03', 'FT', 25, '19,15,13,18,None,65', 24, '18,25,21,19,None,83'),
(354977, 2, '2023-10-04', 'FT', 19, '25,20,22,16,None,83', 95, '23,18,20,20,None,81'),
(354978, 2, '2023-10-04', 'FT', 20, '18,33,18,25,None,94', 11, '13,19,15,18,None,65'),
(354979, 2, '2023-10-05', 'FT', 100, '19,17,25,20,None,81', 108, '20,20,23,15,None,78'),
(354980, 2, '2023-10-03', 'FT', 16, '22,20,25,21,None,88', 10, '15,19,18,22,None,74'),
(354981, 2, '2023-10-03', 'FT', 17, '15,27,17,20,None,79', 27, '18,29,8,28,None,83'),
(354982, 2, '2023-10-04', 'FT', 5235, '17,25,20,16,None,78', 18, '27,19,27,19,None,92'),
(354983, 2, '2023-10-07', 'FT', 106, '17,17,23,18,None,75', 20, '22,13,16,19,None,70'),
(354985, 2, '2023-10-08', 'FT', 26, '29,17,29,14,None,89', 100, '17,19,17,11,None,64'),
(354986, 2, '2023-10-07', 'FT', 27, '17,20,22,27,None,86', 95, '19,16,31,12,None,78'),
(354987, 2, '2023-10-07', 'FT', 11, '23,22,22,24,None,91', 19, '23,23,19,11,None,76'),
(354988, 2, '2023-10-07', 'FT', 23, '21,19,24,22,None,86', 25, '17,20,19,22,None,78'),
(354989, 2, '2023-10-07', 'FT', 24, '20,20,23,22,None,85', 21, '11,15,18,23,None,67'),
(354990, 2, '2023-10-07', 'FT', 10, '24,20,26,20,None,90', 17, '23,10,23,13,None,69'),
(354992, 2, '2023-10-14', 'FT', 19, '26,17,17,22,None,82', 25, '24,26,22,26,None,98'),
(354993, 2, '2023-10-14', 'FT', 108, '20,25,23,18,None,86', 11, '12,31,22,25,None,90'),
(354995, 2, '2023-10-14', 'FT', 100, '18,21,21,25,None,85', 5235, '17,13,12,27,None,69'),
(354997, 2, '2023-10-14', 'FT', 27, '16,28,21,16,None,81', 18, '22,25,22,21,None,90'),
(354998, 2, '2023-10-14', 'FT', 17, '20,19,20,10,None,69', 106, '23,19,13,23,None,78'),
(354999, 2, '2023-10-14', 'FT', 20, '22,15,21,15,None,73', 23, '19,12,20,17,None,68'),
(355000, 2, '2023-10-14', 'FT', 95, '19,25,21,20,None,85', 10, '17,26,20,21,None,84'),
(355005, 2, '2023-10-22', 'FT', 11, '22,17,23,29,None,91', 17, '20,31,17,14,None,82'),
(355006, 2, '2023-10-22', 'FT', 26, '25,19,21,28,None,93', 19, '26,16,24,22,None,88'),
(355009, 2, '2023-10-22', 'FT', 25, '17,17,11,22,None,67', 16, '23,8,27,25,None,83'),
(355010, 2, '2023-10-28', 'FT', 16, '16,25,27,23,None,91', 17, '23,15,18,20,None,76'),
(355012, 2, '2023-10-28', 'FT', 19, '21,13,16,20,None,70', 23, '11,17,24,19,None,71'),
(355013, 2, '2023-10-28', 'FT', 108, '28,14,26,17,None,85', 20, '12,25,17,16,None,70'),
(355015, 2, '2023-10-28', 'AOT', 95, '29,17,20,19,14,99', 100, '11,23,33,18,13,98'),
(355017, 2, '2023-11-07', 'FT', 5235, '17,18,16,11,None,62', 11, '25,20,16,17,None,78'),
(355018, 2, '2023-10-28', 'FT', 10, '13,22,14,17,None,66', 24, '29,24,13,18,None,84'),
(355020, 2, '2023-11-05', 'FT', 25, '21,16,13,14,None,64', 10, '19,19,28,15,None,81'),
(355021, 2, '2023-11-05', 'FT', 108, '19,30,12,11,None,72', 95, '16,19,17,13,None,65'),
(355023, 2, '2023-11-05', 'FT', 27, '11,19,25,24,None,79', 26, '20,15,17,16,None,68'),
(355029, 2, '2023-11-11', 'FT', 106, '25,21,18,28,None,92', 24, '12,11,18,20,None,61'),
(355030, 2, '2023-11-11', 'FT', 19, '17,24,22,16,None,79', 27, '24,17,10,25,None,76'),
(355033, 2, '2023-11-11', 'FT', 23, '29,27,20,22,None,98', 100, '20,17,12,17,None,66'),
(355034, 2, '2023-11-11', 'FT', 20, '29,30,25,17,None,101', 25, '24,20,26,21,None,91'),
(355035, 2, '2023-11-11', 'FT', 5235, '20,20,12,20,None,72', 17, '23,19,17,15,None,74'),
(355036, 2, '2023-11-11', 'FT', 95, '15,19,11,26,None,71', 11, '21,17,20,22,None,80'),
(355037, 2, '2023-11-19', 'FT', 18, '19,15,25,10,None,69', 26, '17,16,19,21,None,73'),
(355038, 2, '2023-11-18', 'FT', 10, '17,29,18,13,None,77', 106, '20,8,22,19,None,69'),
(355039, 2, '2023-11-18', 'FT', 17, '15,23,23,22,None,83', 100, '14,23,21,18,None,76'),
(355040, 2, '2023-11-18', 'FT', 24, '24,25,21,20,None,90', 20, '10,18,17,22,None,67'),
(355041, 2, '2023-11-19', 'FT', 27, '17,18,28,16,None,79', 23, '16,18,23,21,None,78'),
(355042, 2, '2023-11-19', 'FT', 16, '29,22,26,22,None,99', 95, '24,16,21,20,None,81'),
(355043, 2, '2023-11-18', 'FT', 21, '30,12,27,25,None,94', 5235, '29,24,10,23,None,86'),
(355044, 2, '2023-11-18', 'FT', 19, '28,15,26,14,None,83', 108, '14,22,27,13,None,76'),
(355045, 2, '2023-11-18', 'FT', 25, '18,16,20,36,None,90', 11, '21,25,17,12,None,75'),
(355048, 2, '2023-11-26', 'FT', 100, '19,27,28,17,None,91', 21, '12,19,18,22,None,71'),
(355050, 2, '2023-11-28', 'FT', 23, '16,25,23,20,None,84', 16, '29,19,22,25,None,95'),
(355052, 2, '2023-11-26', 'FT', 5235, '22,17,31,20,None,90', 19, '18,24,15,26,None,83'),
(355054, 2, '2023-11-26', 'FT', 24, '16,17,25,16,None,74', 26, '23,19,20,18,None,80'),
(355056, 2, '2023-12-02', 'FT', 25, '22,26,19,21,None,88', 100, '21,17,19,21,None,78'),
(355057, 2, '2023-12-02', 'FT', 19, '27,18,26,21,None,92', 10, '27,24,23,31,None,105'),
(355058, 2, '2023-12-02', 'FT', 21, '16,22,23,22,None,83', 20, '19,14,15,24,None,72'),
(355059, 2, '2023-12-02', 'FT', 27, '20,15,21,17,None,73', 11, '17,14,20,25,None,76'),
(355060, 2, '2023-12-03', 'FT', 26, '30,26,25,21,None,102', 5235, '20,22,13,21,None,76'),
(355061, 2, '2023-12-02', 'FT', 23, '21,16,17,10,None,64', 24, '15,21,15,29,None,80'),
(355062, 2, '2023-11-28', 'FT', 17, '15,23,13,15,None,66', 18, '20,12,18,9,None,59'),
(355063, 2, '2023-12-03', 'FT', 95, '9,16,18,17,None,60', 106, '24,13,20,18,None,75'),
(355067, 2, '2023-12-09', 'FT', 106, '17,20,14,6,None,57', 19, '19,11,22,12,None,64'),
(355068, 2, '2023-12-09', 'FT', 17, '17,18,13,19,None,67', 25, '14,15,12,15,None,56'),
(355069, 2, '2023-12-09', 'FT', 18, '24,10,24,20,None,78', 24, '28,29,11,20,None,88'),
(355070, 2, '2023-12-09', 'FT', 20, '23,21,25,24,None,93', 95, '15,24,19,17,None,75'),
(355071, 2, '2023-12-09', 'FT', 5235, '18,18,22,30,None,88', 23, '19,31,26,24,None,100'),
(355072, 2, '2023-12-09', 'FT', 10, '22,13,19,28,None,82', 21, '23,18,26,17,None,84'),
(355086, 2, '2023-11-28', 'FT', 26, '29,24,15,17,None,85', 95, '22,15,15,25,None,77'),
(356162, 120, '2023-10-05', 'FT', 1065, '29,23,17,25,None,94', 26, '18,13,24,18,None,73'),
(356163, 120, '2023-10-05', 'FT', 687, '27,28,19,22,None,96', 1068, '16,27,15,23,None,81'),
(356164, 120, '2023-10-05', 'FT', 2329, '22,18,29,22,None,91', 1263, '19,15,30,10,None,74'),
(356165, 120, '2023-10-05', 'FT', 522, '19,17,25,19,None,80', 519, '17,27,7,17,None,68'),
(356166, 120, '2023-10-05', 'FT', 732, '23,19,23,14,None,79', 796, '15,22,21,24,None,82'),
(356167, 120, '2023-10-06', 'AOT', 1270, '19,19,24,14,9,85', 722, '23,12,19,22,6,82'),
(356168, 120, '2023-10-06', 'AOT', 614, '22,21,16,15,4,78', 1542, '23,13,16,22,14,88'),
(356169, 120, '2023-10-06', 'FT', 2331, '23,24,20,10,None,77', 2338, '19,24,19,17,None,79'),
(356170, 120, '2023-10-06', 'FT', 2341, '17,22,14,17,None,70', 16, '20,18,13,14,None,65'),
(356171, 120, '2023-10-12', 'FT', 1263, '24,17,19,20,None,80', 2338, '26,29,25,23,None,103'),
(356172, 120, '2023-10-12', 'FT', 519, '21,26,14,25,None,86', 2331, '25,26,25,15,None,91'),
(356173, 120, '2023-10-12', 'FT', 26, '13,16,19,14,None,62', 1068, '17,26,29,16,None,88'),
(356174, 120, '2023-10-12', 'FT', 614, '23,14,17,24,None,78', 522, '11,19,18,23,None,71'),
(356175, 120, '2023-10-31', 'FT', 722, '32,20,20,18,None,90', 687, '25,25,25,23,None,98'),
(356176, 120, '2023-10-13', 'FT', 16, '15,18,15,11,None,59', 732, '23,25,22,13,None,83'),
(356177, 120, '2023-10-13', 'FT', 796, '19,16,15,29,None,79', 1065, '21,17,18,18,None,74'),
(356178, 120, '2023-10-13', 'FT', 1542, '16,18,20,14,None,68', 2329, '23,17,16,21,None,77'),
(356179, 120, '2023-10-13', 'FT', 2341, '22,17,19,19,None,77', 1270, '9,24,20,21,None,74'),
(356180, 120, '2023-10-17', 'FT', 1270, '27,16,24,16,None,83', 614, '9,19,17,24,None,69'),
(356181, 120, '2023-10-17', 'FT', 1263, '24,19,27,19,None,89', 26, '24,11,21,28,None,84'),
(356182, 120, '2023-10-17', 'FT', 2331, '22,20,20,6,None,68', 522, '20,21,16,19,None,76'),
(356183, 120, '2023-10-17', 'FT', 1068, '16,18,26,23,None,83', 2329, '23,21,25,23,None,92'),
(356184, 120, '2023-10-17', 'FT', 722, '19,12,13,21,None,65', 1542, '17,15,9,12,None,53'),
(356185, 120, '2023-10-17', 'FT', 2338, '25,28,19,21,None,93', 796, '19,24,19,17,None,79'),
(356186, 120, '2023-10-18', 'FT', 1065, '23,21,19,13,None,76', 16, '14,24,26,18,None,82'),
(356188, 120, '2023-10-18', 'FT', 732, '27,17,23,20,None,87', 519, '11,15,25,25,None,76'),
(356189, 120, '2023-10-19', 'FT', 1270, '16,26,30,29,None,101', 26, '28,27,15,16,None,86'),
(356190, 120, '2023-10-19', 'AOT', 1542, '28,21,10,26,13,98', 1068, '21,22,26,16,9,94'),
(356191, 120, '2023-10-19', 'FT', 2331, '14,25,22,21,None,82', 796, '22,24,28,25,None,99'),
(356192, 120, '2023-10-19', 'FT', 2338, '19,23,25,21,None,88', 722, '25,17,19,10,None,71'),
(356193, 120, '2023-10-20', 'FT', 16, '18,29,20,19,None,86', 519, '16,24,16,19,None,75'),
(356194, 120, '2023-10-20', 'FT', 1263, '18,20,19,20,None,77', 2341, '15,25,13,20,None,73'),
(356195, 120, '2023-10-20', 'AOT', 614, '15,9,25,23,9,81', 687, '20,19,18,15,14,86'),
(356196, 120, '2023-10-20', 'FT', 732, '26,18,18,23,None,85', 1065, '15,18,22,24,None,79'),
(356197, 120, '2023-10-20', 'FT', 2329, '27,16,27,28,None,98', 522, '11,16,13,19,None,59'),
(356198, 120, '2023-10-26', 'FT', 16, '27,25,33,22,None,107', 687, '23,15,19,22,None,79'),
(356199, 120, '2023-10-26', 'FT', 519, '12,23,22,28,None,85', 722, '18,19,24,21,None,82'),
(356200, 120, '2023-10-26', 'FT', 1542, '17,16,28,14,None,75', 1263, '14,11,18,14,None,57'),
(356201, 120, '2023-10-26', 'FT', 1068, '22,20,11,35,None,88', 1065, '13,29,23,21,None,86'),
(356202, 120, '2023-10-26', 'FT', 2338, '12,16,23,14,None,65', 2329, '19,11,11,23,None,64'),
(356203, 120, '2023-10-27', 'FT', 796, '12,18,23,19,None,72', 2341, '20,32,20,15,None,87'),
(356204, 120, '2023-10-27', 'FT', 26, '18,24,21,21,None,84', 732, '21,18,26,22,None,87'),
(356205, 120, '2023-10-27', 'FT', 614, '24,24,22,25,None,95', 2331, '22,21,23,15,None,81'),
(356206, 120, '2023-10-27', 'FT', 522, '20,18,9,20,None,67', 1270, '19,22,14,21,None,76'),
(356207, 120, '2023-11-02', 'FT', 1270, '29,17,12,21,None,79', 1542, '14,19,24,20,None,77'),
(356208, 120, '2023-11-02', 'FT', 796, '30,26,24,8,None,88', 26, '24,26,22,19,None,91'),
(356209, 120, '2023-11-02', 'FT', 1065, '12,21,20,21,None,74', 522, '19,16,24,9,None,68'),
(356210, 120, '2023-11-28', 'FT', 687, '21,20,15,14,None,70', 2338, '36,16,22,25,None,99'),
(356211, 120, '2023-11-02', 'FT', 722, '18,19,11,18,None,66', 16, '13,22,17,20,None,72'),
(356212, 120, '2023-11-03', 'FT', 2329, '21,24,26,9,None,80', 614, '20,13,14,25,None,72'),
(356213, 120, '2023-11-03', 'FT', 2331, '23,25,15,21,None,84', 1068, '23,19,24,17,None,83'),
(356214, 120, '2023-11-02', 'FT', 2341, '15,26,15,23,None,79', 519, '14,25,15,17,None,71'),
(356215, 120, '2023-11-03', 'FT', 732, '20,21,28,24,None,93', 1263, '18,27,17,19,None,81'),
(356216, 120, '2023-11-09', 'AOT', 1263, '13,25,13,23,12,86', 796, '14,12,20,28,8,82'),
(356217, 120, '2023-11-09', 'FT', 687, '17,29,25,22,None,93', 522, '19,25,19,27,None,90'),
(356218, 120, '2023-11-09', 'FT', 1542, '26,9,25,14,None,74', 2331, '20,30,17,8,None,75'),
(356219, 120, '2023-11-09', 'FT', 722, '23,21,20,19,None,83', 2341, '12,19,8,13,None,52'),
(356220, 120, '2023-11-09', 'FT', 1068, '23,24,16,22,None,85', 1270, '27,29,13,15,None,84'),
(356221, 120, '2023-11-09', 'FT', 2338, '26,27,15,32,None,100', 732, '27,10,14,23,None,74'),
(356222, 120, '2023-11-10', 'FT', 16, '14,27,16,23,None,80', 26, '23,14,24,9,None,70'),
(356223, 120, '2023-11-10', 'FT', 519, '26,21,23,15,None,85', 614, '27,33,22,17,None,99'),
(356224, 120, '2023-11-10', 'FT', 2329, '21,26,18,21,None,86', 1065, '18,25,19,19,None,81'),
(356225, 120, '2023-11-14', 'FT', 16, '25,19,22,16,None,82', 1263, '28,20,21,20,None,89'),
(356226, 120, '2023-11-14', 'FT', 687, '19,17,19,19,None,74', 1542, '27,24,13,15,None,79'),
(356227, 120, '2023-11-14', 'FT', 732, '21,24,20,21,None,86', 722, '26,14,23,16,None,79'),
(356228, 120, '2023-11-14', 'FT', 2341, '26,23,13,11,None,73', 2338, '24,19,20,13,None,76'),
(356229, 120, '2023-11-14', 'FT', 1065, '25,20,15,27,None,87', 1270, '16,10,14,16,None,56'),
(356230, 120, '2023-11-15', 'FT', 519, '13,22,20,13,None,68', 26, '28,15,10,20,None,73'),
(356231, 120, '2023-11-15', 'FT', 614, '13,23,17,20,None,73', 796, '15,24,13,19,None,71'),
(356232, 120, '2023-11-15', 'FT', 2331, '26,29,15,24,None,94', 2329, '18,11,24,18,None,71'),
(356233, 120, '2023-11-15', 'FT', 522, '25,28,17,24,None,94', 1068, '32,19,12,22,None,85'),
(356234, 120, '2023-11-16', 'FT', 687, '21,17,18,22,None,78', 1270, '28,18,11,16,None,73'),
(356235, 120, '2023-11-16', 'FT', 1542, '20,25,19,24,None,88', 1065, '23,21,9,30,None,83'),
(356236, 120, '2023-11-16', 'FT', 722, '19,24,20,29,None,92', 1263, '18,21,22,15,None,76'),
(356237, 120, '2023-11-16', 'FT', 2338, '30,23,27,11,None,91', 16, '20,19,11,23,None,73'),
(356238, 120, '2023-11-17', 'FT', 796, '25,16,21,12,None,74', 522, '18,25,18,12,None,73'),
(356239, 120, '2023-11-17', 'FT', 26, '30,19,16,16,None,81', 2331, '20,22,31,15,None,88'),
(356240, 120, '2023-11-17', 'FT', 614, '21,24,17,28,None,90', 732, '15,27,21,13,None,76'),
(356241, 120, '2023-11-17', 'FT', 2329, '25,12,17,20,None,74', 2341, '16,17,19,18,None,70'),
(356242, 120, '2023-11-17', 'FT', 1068, '18,25,22,24,None,89', 519, '20,20,15,19,None,74'),
(356243, 120, '2023-11-23', 'AOT', 26, '18,22,20,14,26,100', 522, '22,15,14,23,27,101'),
(356244, 120, '2023-11-23', 'FT', 687, '31,20,17,22,None,90', 2329, '26,25,19,22,None,92'),
(356245, 120, '2023-11-23', 'FT', 614, '27,22,23,18,None,90', 2341, '18,17,18,20,None,73'),
(356246, 120, '2023-11-23', 'FT', 732, '25,21,24,17,None,87', 1270, '27,17,14,21,None,79'),
(356247, 120, '2023-11-23', 'FT', 2338, '27,17,23,32,None,99', 519, '17,16,18,24,None,75'),
(356248, 120, '2023-11-24', 'FT', 1263, '22,28,14,36,None,100', 1068, '22,23,29,20,None,94'),
(356249, 120, '2023-11-24', 'FT', 1542, '19,24,26,20,None,89', 796, '19,12,21,20,None,72'),
(356250, 120, '2023-11-24', 'FT', 2331, '19,17,23,16,None,75', 16, '16,19,27,15,None,77'),
(356251, 120, '2023-11-24', 'FT', 1065, '19,20,17,15,None,71', 722, '20,18,25,30,None,93'),
(356252, 120, '2023-11-30', 'AOT', 1270, '16,21,22,28,13,100', 2338, '29,15,23,20,12,99'),
(356253, 120, '2023-11-30', 'FT', 16, '22,16,20,27,None,85', 1542, '17,22,20,18,None,77'),
(356254, 120, '2023-11-30', 'FT', 687, '29,29,23,21,None,102', 519, '14,28,24,15,None,81'),
(356255, 120, '2023-11-30', 'FT', 522, '20,24,26,20,None,90', 732, '28,18,20,10,None,76'),
(356256, 120, '2023-11-30', 'AOT', 1068, '20,19,15,24,14,92', 614, '21,17,18,22,9,87'),
(356257, 120, '2023-12-01', 'FT', 1065, '22,21,29,25,None,97', 1263, '21,28,21,13,None,83'),
(356258, 120, '2023-12-01', 'FT', 2329, '28,22,28,23,None,101', 26, '24,23,24,21,None,92'),
(356259, 120, '2023-11-30', 'FT', 722, '19,12,21,18,None,70', 796, '18,23,18,24,None,83'),
(356260, 120, '2023-12-01', 'FT', 2341, '21,31,18,14,None,84', 2331, '20,24,23,31,None,98'),
(356261, 120, '2023-12-05', 'FT', 1263, '23,14,13,21,None,71', 614, '15,16,21,16,None,68'),
(356262, 120, '2023-12-05', 'FT', 519, '13,12,14,25,None,64', 796, '20,8,17,17,None,62'),
(356263, 120, '2023-12-05', 'FT', 1542, '19,17,21,14,None,71', 2338, '23,14,24,16,None,77'),
(356264, 120, '2023-12-05', 'AOT', 522, '22,22,11,21,15,91', 722, '25,14,13,24,8,84'),
(356265, 120, '2023-12-05', 'AOT', 1068, '16,16,19,21,17,89', 16, '13,22,16,21,13,85'),
(356266, 120, '2023-12-06', 'FT', 26, '19,27,20,25,None,91', 687, '17,28,25,24,None,94'),
(356267, 120, '2023-12-06', 'FT', 2331, '10,28,19,23,None,80', 1270, '18,19,18,24,None,79'),
(356268, 120, '2023-12-06', 'FT', 2341, '25,31,16,13,None,85', 1065, '19,21,25,16,None,81'),
(356269, 120, '2023-12-06', 'FT', 732, '18,15,23,24,None,80', 2329, '24,21,16,14,None,75'),
(356270, 120, '2023-12-07', 'FT', 519, '15,25,25,24,None,89', 1263, '22,15,27,33,None,97'),
(356271, 120, '2023-12-07', 'FT', 614, '23,22,10,23,None,78', 2338, '24,22,26,18,None,90'),
(356272, 120, '2023-12-07', 'FT', 1068, '20,19,22,21,None,82', 722, '25,19,18,7,None,69'),
(356279, 120, '2023-12-14', 'FT', 687, '29,16,21,29,None,95', 1263, '20,28,16,22,None,86'),
(356280, 120, '2023-12-14', 'FT', 796, '21,23,20,21,None,85', 1068, '29,29,18,17,None,93'),
(356281, 120, '2023-12-14', 'FT', 26, '21,15,24,21,None,81', 614, '24,21,19,25,None,89'),
(356282, 120, '2023-12-14', 'FT', 2331, '15,28,17,21,None,81', 732, '24,18,21,28,None,91'),
(356283, 120, '2023-12-14', 'FT', 2338, '19,23,21,25,None,88', 522, '23,14,20,16,None,73'),
(356285, 120, '2023-12-14', 'FT', 1065, '25,26,20,14,None,85', 519, '22,20,11,18,None,71'),
(356297, 120, '2023-12-21', 'NS', 687, 'None,None,None,None,None,None', 1065, 'None,None,None,None,None,None'),
(356298, 120, '2023-12-21', 'NS', 2341, 'None,None,None,None,None,None', 732, 'None,None,None,None,None,None'),
(356299, 120, '2023-12-21', 'NS', 2338, 'None,None,None,None,None,None', 1068, 'None,None,None,None,None,None'),
(358167, 52, '2023-10-01', 'FT', 717, '26,21,15,19,None,81', 723, '20,21,22,16,None,79'),
(358168, 52, '2023-10-01', 'FT', 726, '19,21,22,28,None,90', 690, '27,28,31,25,None,111'),
(358169, 52, '2023-10-01', 'FT', 699, '15,21,19,20,None,75', 732, '25,23,13,20,None,81'),
(358170, 52, '2023-09-30', 'FT', 727, '33,19,20,19,None,91', 720, '20,22,24,18,None,84'),
(358171, 52, '2023-10-01', 'FT', 731, '17,18,21,20,None,76', 700, '12,12,15,21,None,60'),
(358172, 52, '2023-10-01', 'FT', 722, '17,21,24,24,None,86', 728, '24,16,21,19,None,80'),
(358173, 52, '2023-10-04', 'FT', 718, '19,15,12,17,None,63', 725, '32,18,20,17,None,87'),
(358174, 52, '2023-10-04', 'FT', 730, '27,17,18,21,None,83', 724, '24,26,23,9,None,82'),
(358177, 52, '2023-10-07', 'FT', 728, '15,24,19,13,None,71', 717, '24,22,28,25,None,99'),
(358182, 52, '2023-10-08', 'FT', 690, '23,12,23,19,None,77', 722, '13,22,12,21,None,68'),
(358184, 52, '2023-10-14', 'FT', 718, '15,15,18,20,None,68', 723, '24,18,18,21,None,81'),
(358185, 52, '2023-10-14', 'FT', 722, '9,25,26,19,None,79', 725, '18,9,18,23,None,68'),
(358186, 52, '2023-10-14', 'FT', 726, '15,21,21,23,None,80', 728, '15,19,21,21,None,76'),
(358190, 52, '2023-10-14', 'FT', 731, '28,15,14,22,None,79', 720, '19,14,22,21,None,76'),
(358191, 52, '2023-10-22', 'FT', 700, '19,12,24,20,None,75', 722, '22,19,13,25,None,79'),
(358192, 52, '2023-10-22', 'FT', 732, '18,27,19,16,None,80', 726, '20,15,15,16,None,66'),
(358193, 52, '2023-10-22', 'FT', 730, '28,16,23,17,None,84', 727, '17,25,24,19,None,85'),
(358194, 52, '2023-10-22', 'FT', 728, '24,22,18,13,None,77', 731, '21,16,21,24,None,82'),
(358195, 52, '2023-10-22', 'FT', 724, '12,19,17,24,None,72', 717, '19,19,28,18,None,84'),
(358196, 52, '2023-10-22', 'AOT', 723, '14,16,31,25,17,103', 699, '34,13,20,19,21,107'),
(358198, 52, '2023-10-22', 'FT', 690, '21,26,25,18,None,90', 718, '14,15,16,26,None,71'),
(358199, 52, '2023-10-30', 'FT', 690, '22,6,20,27,None,75', 732, '23,23,21,21,None,88'),
(358200, 52, '2023-10-28', 'FT', 717, '21,23,17,21,None,82', 727, '17,29,26,18,None,90'),
(358204, 52, '2023-10-28', 'FT', 726, '20,12,19,23,None,74', 700, '22,27,31,14,None,94'),
(358207, 52, '2023-11-05', 'FT', 727, '28,22,22,26,None,98', 725, '19,20,20,29,None,88'),
(358208, 52, '2023-11-05', 'FT', 730, '28,24,19,19,None,90', 726, '17,23,22,17,None,79'),
(358209, 52, '2023-11-05', 'FT', 728, '25,27,17,18,None,87', 699, '24,21,23,29,None,97'),
(358210, 52, '2023-11-05', 'FT', 724, '25,18,22,20,None,85', 731, '17,19,24,17,None,77'),
(358211, 52, '2023-11-05', 'FT', 700, '11,20,14,14,None,59', 717, '18,24,23,22,None,87'),
(358213, 52, '2023-11-05', 'FT', 720, '21,25,25,22,None,93', 732, '23,14,15,31,None,83'),
(358214, 52, '2023-11-05', 'FT', 718, '8,20,11,18,None,57', 722, '15,21,28,23,None,87'),
(358215, 52, '2023-11-11', 'FT', 690, '22,19,22,34,None,97', 730, '18,27,21,30,None,96'),
(358222, 52, '2023-11-11', 'FT', 732, '23,22,27,19,None,91', 728, '16,19,12,30,None,77'),
(358223, 52, '2023-11-18', 'FT', 727, '19,28,13,21,None,81', 718, '9,21,20,21,None,71'),
(358225, 52, '2023-11-19', 'FT', 730, '20,29,25,20,None,94', 699, '25,30,17,21,None,93'),
(358226, 52, '2023-11-19', 'FT', 728, '14,19,28,15,None,76', 690, '24,18,14,23,None,79'),
(358227, 52, '2023-11-19', 'FT', 725, '25,16,17,19,None,77', 700, '24,13,28,25,None,90'),
(358228, 52, '2023-11-19', 'FT', 724, '24,18,10,16,None,68', 726, '17,17,15,14,None,63'),
(358229, 52, '2023-11-19', 'FT', 722, '24,20,30,21,None,95', 731, '16,12,18,26,None,72'),
(358230, 52, '2023-11-19', 'FT', 720, '26,27,20,23,None,96', 723, '17,16,23,13,None,69'),
(358231, 52, '2023-11-26', 'FT', 690, '12,23,14,31,None,80', 720, '18,16,15,21,None,70'),
(358232, 52, '2023-11-26', 'FT', 717, '33,31,27,25,None,116', 730, '11,22,15,25,None,73'),
(358233, 52, '2023-11-26', 'FT', 718, '24,16,30,13,None,83', 732, '13,26,18,18,None,75'),
(358234, 52, '2023-11-26', 'FT', 722, '28,25,10,18,None,81', 724, '19,20,29,18,None,86'),
(358235, 52, '2023-11-26', 'FT', 723, '26,22,28,19,None,95', 728, '21,18,13,24,None,76'),
(358237, 52, '2023-11-26', 'AOT', 700, '24,19,22,6,12,83', 727, '19,19,18,15,9,80'),
(358238, 52, '2023-11-26', 'FT', 731, '34,20,21,15,None,90', 725, '21,16,16,17,None,70'),
(358239, 52, '2023-12-03', 'FT', 728, '23,22,14,27,None,86', 718, '5,18,19,18,None,60'),
(358242, 52, '2023-12-03', 'FT', 699, '25,17,17,24,None,83', 717, '21,17,25,26,None,89'),
(358243, 52, '2023-12-03', 'FT', 727, '33,27,21,25,None,106', 731, '17,21,26,15,None,79'),
(358244, 52, '2023-12-03', 'FT', 726, '20,21,24,24,None,89', 722, '14,16,28,25,None,83'),
(358245, 52, '2023-12-02', 'FT', 725, '29,22,19,31,None,101', 723, '18,20,14,16,None,68'),
(358246, 52, '2023-12-02', 'FT', 724, '19,20,14,28,None,81', 690, '21,19,18,18,None,76'),
(358253, 52, '2023-12-09', 'FT', 700, '25,23,23,26,None,97', 724, '28,27,21,24,None,100'),
(358254, 52, '2023-12-09', 'FT', 731, '18,22,15,28,None,83', 699, '15,14,20,10,None,59'),
(359122, 242, '2023-10-01', 'FT', 691, '28,23,12,24,None,87', 696, '20,29,13,9,None,71'),
(359123, 242, '2023-09-30', 'FT', 5008, '27,19,25,16,None,87', 719, '25,21,23,21,None,90'),
(359124, 242, '2023-09-30', 'FT', 5007, '17,14,21,14,None,66', 716, '17,12,23,20,None,72'),
(359125, 242, '2023-10-01', 'FT', 703, '23,34,15,14,None,86', 5009, '23,19,15,21,None,78'),
(359126, 242, '2023-10-01', 'FT', 5981, '16,20,11,14,None,61', 706, '29,17,10,22,None,78'),
(359127, 242, '2023-10-01', 'FT', 721, '17,14,23,18,None,72', 3765, '15,14,10,12,None,51'),
(359128, 242, '2023-10-01', 'FT', 3768, '21,17,17,23,None,78', 6043, '23,19,17,20,None,79'),
(359129, 242, '2023-10-01', 'FT', 3769, '16,14,21,28,None,79', 714, '20,14,24,26,None,84'),
(359130, 242, '2023-10-01', 'AOT', 702, '20,23,19,22,4,88', 715, '29,25,16,14,8,92'),
(359131, 242, '2023-10-04', 'FT', 729, '14,21,25,20,None,80', 709, '14,22,21,18,None,75'),
(359132, 242, '2023-10-01', 'FT', 6044, '24,22,22,14,None,82', 701, '22,22,26,20,None,90'),
(359133, 242, '2023-10-01', 'FT', 689, '7,15,27,18,None,67', 6158, '19,19,16,21,None,75'),
(359134, 242, '2023-10-07', 'FT', 6043, '21,23,19,16,None,79', 6044, '16,22,19,14,None,71'),
(359135, 242, '2023-10-07', 'FT', 715, '12,20,24,13,None,69', 689, '21,22,17,15,None,75'),
(359136, 242, '2023-10-07', 'FT', 5009, '20,18,18,18,None,74', 721, '29,17,15,21,None,82'),
(359139, 242, '2023-10-07', 'FT', 701, '32,16,21,22,None,91', 3768, '23,28,17,17,None,85'),
(359143, 242, '2023-10-07', 'FT', 696, '24,17,27,21,None,89', 5008, '28,17,19,27,None,91'),
(359145, 242, '2023-10-07', 'FT', 719, '23,17,24,25,None,89', 702, '23,25,22,20,None,90'),
(359146, 242, '2023-10-11', 'FT', 5008, '24,29,22,26,None,101', 6043, '21,24,16,16,None,77'),
(359147, 242, '2023-10-11', 'FT', 5007, '18,18,23,23,None,82', 3765, '16,13,15,14,None,58'),
(359148, 242, '2023-10-11', 'FT', 709, '24,18,12,20,None,74', 5009, '18,20,19,13,None,70'),
(359149, 242, '2023-10-11', 'FT', 729, '26,23,24,23,None,96', 3769, '21,20,27,14,None,82'),
(359150, 242, '2023-10-11', 'FT', 702, '30,17,26,16,None,89', 6158, '20,20,29,19,None,88'),
(359151, 242, '2023-10-11', 'FT', 716, '12,14,29,22,None,77', 714, '14,20,21,14,None,69'),
(359152, 242, '2023-10-11', 'FT', 696, '20,12,15,23,None,70', 719, '30,21,23,7,None,81'),
(359153, 242, '2023-10-11', 'FT', 689, '17,25,11,17,None,70', 691, '25,18,23,11,None,77'),
(359154, 242, '2023-10-11', 'FT', 721, '18,20,19,16,None,73', 706, '20,16,7,20,None,63'),
(359155, 242, '2023-10-11', 'FT', 715, '26,21,20,14,None,81', 701, '28,23,21,19,None,91'),
(359156, 242, '2023-10-11', 'FT', 5981, '20,26,10,18,None,74', 703, '29,21,27,9,None,86'),
(359157, 242, '2023-10-11', 'FT', 6044, '22,20,22,14,None,78', 3768, '23,15,25,14,None,77'),
(359160, 242, '2023-10-16', 'FT', 719, '23,36,29,20,None,108', 6043, '21,19,19,18,None,77'),
(359163, 242, '2023-10-14', 'FT', 3768, '15,21,18,22,None,76', 689, '16,25,18,15,None,74'),
(359170, 242, '2023-10-23', 'FT', 5008, '32,26,23,18,None,99', 6044, '10,28,20,18,None,76'),
(359173, 242, '2023-10-22', 'FT', 689, '18,18,14,19,None,69', 702, '18,19,13,26,None,76'),
(359174, 242, '2023-10-22', 'FT', 3765, '9,16,13,19,None,57', 5981, '10,15,17,11,None,53'),
(359175, 242, '2023-10-22', 'AOT', 706, '11,18,16,18,13,76', 5009, '17,20,15,11,5,68'),
(359177, 242, '2023-10-22', 'FT', 709, '15,21,23,13,None,72', 716, '19,20,21,13,None,73'),
(359178, 242, '2023-10-22', 'FT', 3769, '25,16,20,17,None,78', 703, '14,16,17,23,None,70'),
(359180, 242, '2023-10-22', 'FT', 729, '8,15,21,21,None,65', 721, '21,27,19,17,None,84'),
(359181, 242, '2023-10-22', 'FT', 714, '24,22,21,23,None,90', 5007, '15,20,21,24,None,80'),
(359183, 242, '2023-10-28', 'FT', 5007, '22,14,17,22,None,75', 3769, '28,13,17,21,None,79'),
(359184, 242, '2023-10-28', 'FT', 715, '29,22,15,18,None,84', 719, '19,32,29,17,None,97'),
(359190, 242, '2023-10-28', 'FT', 696, '17,22,26,16,None,81', 701, '29,26,25,24,None,104'),
(359194, 242, '2023-11-01', 'FT', 703, '21,24,16,23,None,84', 729, '24,27,16,20,None,87'),
(359195, 242, '2023-11-01', 'FT', 719, '25,28,16,27,None,96', 691, '21,22,16,24,None,83'),
(359196, 242, '2023-11-01', 'FT', 3765, '12,14,25,8,None,59', 716, '13,17,18,16,None,64'),
(359197, 242, '2023-11-01', 'AOT', 706, '23,19,12,18,12,84', 5007, '20,18,17,17,6,78'),
(359198, 242, '2023-11-01', 'FT', 6043, '24,27,15,10,None,76', 696, '14,26,24,22,None,86'),
(359199, 242, '2023-11-01', 'FT', 3768, '17,15,14,20,None,66', 5008, '16,20,9,29,None,74'),
(359200, 242, '2023-11-01', 'FT', 6158, '21,23,19,15,None,78', 715, '20,19,10,33,None,82'),
(359201, 242, '2023-11-01', 'FT', 3769, '26,25,16,23,None,90', 709, '24,21,18,25,None,88'),
(359202, 242, '2023-11-01', 'FT', 5009, '22,18,20,17,None,77', 5981, '26,19,13,24,None,82'),
(359203, 242, '2023-11-01', 'FT', 701, '28,29,24,24,None,105', 689, '19,20,17,16,None,72'),
(359204, 242, '2023-11-15', 'FT', 714, '25,18,24,20,None,87', 721, '10,20,14,12,None,56'),
(359205, 242, '2023-11-01', 'FT', 6044, '11,24,16,18,None,69', 702, '21,28,18,28,None,95'),
(359206, 242, '2023-11-06', 'FT', 5008, '20,25,18,32,None,95', 715, '27,18,21,16,None,82'),
(359207, 242, '2023-11-05', 'FT', 691, '32,28,19,33,None,112', 3768, '25,19,27,27,None,98'),
(359208, 242, '2023-11-05', 'FT', 6043, '15,20,10,20,None,65', 6158, '25,15,22,28,None,90'),
(359210, 242, '2023-11-05', 'FT', 702, '23,16,26,13,None,78', 701, '28,27,19,22,None,96'),
(359211, 242, '2023-11-05', 'FT', 689, '34,17,22,23,None,96', 719, '21,24,19,14,None,78'),
(359212, 242, '2023-11-05', 'AOT', 5981, '20,25,13,23,12,93', 3769, '16,21,22,22,13,94'),
(359213, 242, '2023-11-05', 'FT', 721, '23,29,22,20,None,94', 703, '24,26,20,22,None,92'),
(359214, 242, '2023-11-05', 'FT', 696, '15,17,14,20,None,66', 6044, '25,26,23,17,None,91'),
(359215, 242, '2023-11-05', 'FT', 709, '22,19,19,16,None,76', 3765, '13,19,18,21,None,71'),
(359216, 242, '2023-11-05', 'FT', 729, '15,11,13,18,None,57', 714, '10,19,13,12,None,54'),
(359218, 242, '2023-11-11', 'FT', 715, '20,24,25,33,None,102', 6043, '27,27,17,18,None,89'),
(359220, 242, '2023-11-11', 'FT', 701, '28,29,21,12,None,90', 691, '21,20,19,19,None,79'),
(359221, 242, '2023-11-11', 'FT', 714, '18,33,12,19,None,82', 709, '18,16,13,14,None,61'),
(359230, 242, '2023-11-19', 'FT', 5008, '33,17,17,34,None,101', 689, '20,16,26,20,None,82'),
(359231, 242, '2023-11-18', 'FT', 6043, '14,31,15,24,None,84', 701, '28,22,30,26,None,106'),
(359232, 242, '2023-11-18', 'FT', 5007, '10,13,19,23,None,65', 721, '15,17,19,18,None,69'),
(359233, 242, '2023-11-17', 'FT', 715, '12,16,22,20,None,70', 691, '11,12,19,23,None,65'),
(359234, 242, '2023-11-19', 'FT', 6158, '21,25,21,13,None,80', 6044, '16,23,18,14,None,71'),
(359236, 242, '2023-11-19', 'FT', 5009, '23,12,12,15,None,62', 729, '23,19,24,15,None,81'),
(359237, 242, '2023-11-19', 'FT', 709, '13,9,12,22,None,56', 5981, '13,18,15,21,None,67');
INSERT INTO `games` (`ID_games`, `ID_league`, `date`, `status`, `ID_home`, `score_home`, `ID_away`, `score_away`) VALUES
(359238, 242, '2023-11-19', 'FT', 696, '28,25,20,17,None,90', 702, '25,19,24,24,None,92'),
(359239, 242, '2023-11-19', 'AOT', 706, '17,18,18,23,11,87', 714, '22,19,19,16,8,84'),
(359240, 242, '2023-11-19', 'AOT', 3765, '18,26,20,18,15,97', 703, '24,19,17,22,10,92'),
(359241, 242, '2023-11-19', 'FT', 719, '26,23,14,27,None,90', 3768, '19,12,16,27,None,74'),
(359242, 242, '2023-11-26', 'FT', 689, '21,15,28,24,None,88', 696, '26,8,21,22,None,77'),
(359243, 242, '2023-11-26', 'FT', 703, '17,15,2,23,None,57', 709, '19,7,16,12,None,54'),
(359244, 242, '2023-11-26', 'FT', 691, '27,28,21,20,None,96', 5008, '19,18,15,28,None,80'),
(359245, 242, '2023-11-26', 'FT', 5981, '24,22,17,15,None,78', 5007, '17,15,22,13,None,67'),
(359246, 242, '2023-11-26', 'FT', 721, '12,19,20,17,None,68', 716, '22,16,11,26,None,75'),
(359248, 242, '2023-11-26', 'FT', 3769, '14,13,23,21,None,71', 3765, '13,20,14,22,None,69'),
(359249, 242, '2023-11-26', 'FT', 701, '22,19,29,25,None,95', 6158, '21,15,15,20,None,71'),
(359250, 242, '2023-11-26', 'FT', 702, '23,23,17,24,None,87', 6043, '24,23,9,13,None,69'),
(359251, 242, '2023-11-26', 'FT', 729, '19,16,14,30,None,79', 706, '12,23,14,13,None,62'),
(359252, 242, '2023-11-26', 'FT', 714, '27,28,22,15,None,92', 5009, '25,22,23,17,None,87'),
(359253, 242, '2023-11-26', 'FT', 6044, '23,30,21,25,None,99', 719, '21,24,27,10,None,82'),
(359254, 242, '2023-12-02', 'FT', 6043, '22,22,17,18,None,79', 3768, '18,17,24,15,None,74'),
(359255, 242, '2023-12-01', 'FT', 715, '31,11,21,18,None,81', 702, '22,21,23,13,None,79'),
(359256, 242, '2023-12-03', 'FT', 3765, '19,21,16,19,None,75', 721, '23,23,15,21,None,82'),
(359257, 242, '2023-12-02', 'FT', 706, '24,25,22,11,None,82', 5981, '15,14,18,15,None,62'),
(359258, 242, '2023-12-02', 'AOT', 696, '29,11,16,14,9,79', 691, '18,20,18,14,13,83'),
(359259, 242, '2023-12-03', 'FT', 6158, '16,26,16,27,None,85', 689, '19,14,18,33,None,84'),
(359260, 242, '2023-12-03', 'FT', 709, '15,15,18,21,None,69', 729, '28,22,18,19,None,87'),
(359261, 242, '2023-12-03', 'FT', 5009, '20,17,23,23,None,83', 703, '15,21,14,28,None,78'),
(359262, 242, '2023-12-02', 'FT', 701, '29,18,17,29,None,93', 6044, '12,22,16,17,None,67'),
(359263, 242, '2023-12-02', 'FT', 714, '17,27,20,15,None,79', 3769, '13,17,20,7,None,57'),
(359264, 242, '2023-12-01', 'FT', 716, '16,28,21,15,None,80', 5007, '13,22,19,17,None,71'),
(359265, 242, '2023-12-03', 'FT', 719, '23,31,13,29,None,96', 5008, '18,29,16,29,None,92'),
(359266, 242, '2023-12-06', 'FT', 5007, '19,17,12,23,None,71', 709, '24,16,22,13,None,75'),
(359267, 242, '2023-12-06', 'FT', 5008, '18,29,19,24,None,90', 696, '20,19,13,24,None,76'),
(359269, 242, '2023-12-06', 'FT', 702, '12,21,18,18,None,69', 719, '25,18,16,16,None,75'),
(359270, 242, '2023-12-06', 'FT', 3768, '14,20,12,21,None,67', 701, '26,23,15,14,None,78'),
(359271, 242, '2023-12-06', 'FT', 691, '18,30,20,18,None,86', 6158, '29,24,18,13,None,84'),
(359272, 242, '2023-12-07', 'FT', 721, '28,22,15,19,None,84', 5009, '17,28,16,16,None,77'),
(359273, 242, '2023-12-06', 'FT', 5981, '22,24,16,16,None,78', 716, '15,22,25,23,None,85'),
(359274, 242, '2023-12-06', 'FT', 703, '15,15,19,20,None,69', 714, '5,13,19,30,None,67'),
(359275, 242, '2023-12-06', 'FT', 689, '13,18,16,16,None,63', 715, '14,12,22,17,None,65'),
(359276, 242, '2023-12-06', 'AOT', 3769, '21,16,23,31,16,107', 706, '27,23,22,19,23,114'),
(359277, 242, '2023-12-06', 'FT', 6044, '20,15,9,17,None,61', 6043, '22,20,11,18,None,71'),
(359279, 242, '2023-12-09', 'FT', 6043, '17,27,13,32,None,89', 5008, '11,26,28,27,None,92'),
(359434, 117, '2023-09-23', 'AOT', 1125, '25,15,17,19,25,101', 2336, '24,15,18,19,28,104'),
(359435, 117, '2023-09-23', 'FT', 2341, '21,20,17,27,None,85', 1139, '27,15,17,30,None,89'),
(359436, 117, '2023-09-23', 'FT', 2337, '28,19,27,10,None,84', 1132, '20,11,18,15,None,64'),
(359437, 117, '2023-09-23', 'FT', 2340, '24,21,26,27,None,98', 2339, '26,14,21,14,None,75'),
(359438, 117, '2023-09-24', 'FT', 2338, '33,24,26,18,None,101', 2330, '18,13,19,20,None,70'),
(359439, 117, '2023-09-24', 'FT', 2333, '22,17,38,20,None,97', 1698, '24,20,22,26,None,92'),
(359440, 117, '2023-09-24', 'FT', 1695, '29,17,22,27,None,95', 2335, '23,17,10,23,None,73'),
(359441, 117, '2023-09-24', 'FT', 1120, '19,18,20,22,None,79', 2331, '23,26,18,21,None,88'),
(359442, 117, '2023-09-24', 'FT', 2329, '22,22,24,27,None,95', 2334, '20,20,17,22,None,79'),
(359443, 117, '2023-09-27', 'FT', 2330, '23,25,27,25,None,100', 2340, '24,26,22,20,None,92'),
(359444, 117, '2023-09-27', 'FT', 2336, '18,20,23,27,None,88', 2331, '13,11,24,28,None,76'),
(359445, 117, '2023-09-27', 'FT', 2339, '25,13,21,27,None,86', 2341, '19,28,24,23,None,94'),
(359446, 117, '2023-09-28', 'FT', 2334, '26,17,17,26,None,86', 1125, '24,23,23,10,None,80'),
(359447, 117, '2023-09-28', 'FT', 1139, '32,20,20,16,None,88', 2333, '15,15,16,18,None,64'),
(359448, 117, '2023-09-29', 'AOT', 1132, '18,7,23,24,11,83', 2329, '19,15,16,22,12,84'),
(359449, 117, '2023-09-29', 'FT', 2335, '17,23,17,6,None,63', 1120, '17,19,13,20,None,69'),
(359450, 117, '2023-09-29', 'FT', 1698, '26,16,25,21,None,88', 2338, '22,21,30,21,None,94'),
(359451, 117, '2023-09-30', 'FT', 2331, '18,22,27,25,None,92', 1695, '20,11,16,25,None,72'),
(359452, 117, '2023-09-30', 'FT', 2340, '26,12,17,21,None,76', 2341, '21,16,21,24,None,82'),
(359453, 117, '2023-09-30', 'FT', 2336, '19,10,26,25,None,80', 2339, '17,20,20,11,None,68'),
(359454, 117, '2023-10-01', 'FT', 1125, '23,19,27,22,None,91', 1139, '16,28,23,35,None,102'),
(359455, 117, '2023-10-01', 'FT', 2334, '28,15,21,25,None,89', 2333, '16,26,14,19,None,75'),
(359456, 117, '2023-10-01', 'AOT', 1120, '18,25,21,13,8,85', 1698, '28,21,10,18,12,89'),
(359457, 117, '2023-10-01', 'FT', 2335, '20,23,21,23,None,87', 1132, '21,19,23,11,None,74'),
(359458, 117, '2023-10-01', 'FT', 2338, '14,23,22,27,None,86', 2329, '13,20,17,29,None,79'),
(359459, 117, '2023-10-04', 'FT', 2337, '16,24,21,16,None,77', 1695, '18,23,15,22,None,78'),
(359460, 117, '2023-10-07', 'FT', 1698, '25,22,14,20,None,81', 2330, '21,17,8,29,None,75'),
(359461, 117, '2023-10-07', 'FT', 1132, '17,12,19,21,None,69', 2334, '14,21,25,15,None,75'),
(359462, 117, '2023-10-08', 'FT', 1695, '12,28,13,24,None,77', 2336, '10,14,22,22,None,68'),
(359463, 117, '2023-10-07', 'AOT', 2339, '18,11,14,31,14,88', 1120, '24,3,15,32,7,81'),
(359464, 117, '2023-10-08', 'FT', 2329, '16,21,27,27,None,91', 2335, '24,23,18,22,None,87'),
(359465, 117, '2023-10-08', 'FT', 2333, '21,25,12,18,None,76', 2340, '22,14,22,11,None,69'),
(359469, 117, '2023-10-11', 'FT', 2337, '20,9,34,17,None,80', 2330, '15,17,16,24,None,72'),
(359470, 117, '2023-10-14', 'FT', 1695, '21,25,23,25,None,94', 1125, '23,20,25,25,None,93'),
(359471, 117, '2023-10-14', 'FT', 2335, '13,22,17,40,None,92', 2337, '23,15,31,20,None,89'),
(359472, 117, '2023-10-14', 'FT', 1139, '13,13,19,21,None,66', 2339, '14,23,20,22,None,79'),
(359473, 117, '2023-10-14', 'FT', 2340, '23,35,29,26,None,113', 2334, '22,24,18,27,None,91'),
(359483, 117, '2023-10-22', 'FT', 2329, '21,26,22,22,None,91', 1695, '19,20,18,25,None,82'),
(359484, 117, '2023-10-22', 'FT', 2339, '14,20,27,15,None,76', 2338, '27,20,18,17,None,82'),
(359485, 117, '2023-10-22', 'FT', 1125, '26,14,19,19,None,78', 2330, '21,11,16,22,None,70'),
(359486, 117, '2023-10-22', 'FT', 2341, '22,19,22,21,None,84', 1698, '15,23,20,21,None,79'),
(359487, 117, '2023-10-22', 'FT', 2331, '19,25,16,24,None,84', 2340, '25,19,29,20,None,93'),
(359488, 117, '2023-10-28', 'FT', 1139, '15,23,11,33,None,82', 2336, '11,17,28,20,None,76'),
(359489, 117, '2023-10-28', 'FT', 2340, '15,29,17,26,None,87', 1120, '22,11,18,19,None,70'),
(359490, 117, '2023-10-28', 'FT', 2333, '30,16,32,9,None,87', 2337, '20,25,17,18,None,80'),
(359491, 117, '2023-10-28', 'FT', 2330, '26,29,36,22,None,113', 2334, '14,18,29,22,None,83'),
(359501, 117, '2023-11-05', 'FT', 1125, '13,21,31,11,None,76', 2338, '25,15,22,21,None,83'),
(359502, 117, '2023-11-05', 'FT', 2336, '23,22,31,11,None,87', 1698, '16,22,24,12,None,74'),
(359503, 117, '2023-11-05', 'FT', 2331, '8,22,22,24,None,76', 2333, '18,25,18,27,None,88'),
(359504, 117, '2023-11-05', 'FT', 1120, '19,12,20,12,None,63', 2329, '21,18,19,21,None,79'),
(359505, 117, '2023-11-05', 'FT', 2334, '21,15,24,20,None,80', 2341, '15,25,15,21,None,76'),
(359506, 117, '2023-11-11', 'FT', 1120, '15,28,13,29,None,85', 2334, '19,13,23,22,None,77'),
(359507, 117, '2023-11-11', 'FT', 2335, '23,12,24,27,None,86', 1698, '25,24,15,26,None,90'),
(359508, 117, '2023-11-11', 'FT', 1139, '23,25,14,16,None,78', 2340, '16,21,20,25,None,82'),
(359509, 117, '2023-11-11', 'FT', 1132, '20,18,18,10,None,66', 2336, '21,19,19,17,None,76'),
(359515, 117, '2023-11-18', 'FT', 2330, '23,19,31,21,None,94', 2333, '27,20,28,26,None,101'),
(359516, 117, '2023-11-19', 'FT', 2334, '19,19,15,28,None,81', 1695, '19,22,19,18,None,78'),
(359517, 117, '2023-11-18', 'FT', 1139, '30,15,19,23,None,87', 1120, '24,28,15,16,None,83'),
(359518, 117, '2023-11-18', 'FT', 2339, '30,19,19,24,None,92', 1132, '16,19,18,18,None,71'),
(359519, 117, '2023-11-19', 'FT', 1125, '28,21,19,23,None,91', 2335, '20,23,17,28,None,88'),
(359520, 117, '2023-11-19', 'FT', 1698, '17,20,13,26,None,76', 2337, '13,12,14,17,None,56'),
(359521, 117, '2023-11-19', 'FT', 2338, '25,29,18,21,None,93', 2340, '26,13,27,33,None,99'),
(359522, 117, '2023-11-19', 'FT', 2331, '15,21,26,21,None,83', 2341, '19,18,20,17,None,74'),
(359523, 117, '2023-11-19', 'FT', 2336, '23,12,23,24,None,82', 2329, '20,18,24,11,None,73'),
(359528, 117, '2023-11-26', 'FT', 2338, '20,23,26,16,None,85', 2335, '16,17,26,17,None,76'),
(359529, 117, '2023-11-26', 'FT', 1120, '16,18,18,30,None,82', 2330, '23,17,17,20,None,77'),
(359530, 117, '2023-11-26', 'FT', 2329, '26,25,33,31,None,115', 1139, '14,23,18,23,None,78'),
(359531, 117, '2023-11-26', 'FT', 2331, '29,22,18,25,None,94', 1698, '12,29,19,26,None,86'),
(359532, 117, '2023-11-26', 'AOT', 2333, '16,13,18,27,8,82', 2339, '16,29,13,16,20,94'),
(359533, 117, '2023-12-02', 'FT', 2330, '19,15,26,22,None,82', 2336, '17,21,13,25,None,76'),
(359534, 117, '2023-12-02', 'FT', 2340, '31,18,21,21,None,91', 1698, '25,21,14,17,None,77'),
(359535, 117, '2023-12-02', 'AOT', 1139, '26,30,20,17,14,107', 2335, '38,22,11,22,11,104'),
(359536, 117, '2023-12-02', 'FT', 2339, '29,26,17,15,None,87', 2337, '20,24,25,23,None,92'),
(359537, 117, '2023-12-03', 'FT', 2338, '17,24,27,23,None,91', 1120, '19,9,12,18,None,58'),
(359538, 117, '2023-12-03', 'FT', 2333, '22,24,32,22,None,100', 1132, '13,23,19,18,None,73'),
(359539, 117, '2023-12-03', 'FT', 2329, '11,24,19,26,None,80', 1125, '15,16,23,15,None,69'),
(359540, 117, '2023-12-03', 'FT', 2341, '17,22,20,20,None,79', 1695, '19,24,17,25,None,85'),
(359541, 117, '2023-12-03', 'FT', 2334, '19,18,24,16,None,77', 2331, '22,16,16,18,None,72'),
(359542, 117, '2023-12-09', 'FT', 1695, '22,12,19,15,None,68', 1120, '13,18,18,27,None,76'),
(359543, 117, '2023-12-09', 'FT', 1125, '26,29,35,19,None,109', 1132, '20,17,27,21,None,85'),
(359544, 117, '2023-12-09', 'FT', 1698, '29,23,27,22,None,101', 1139, '17,25,27,18,None,87'),
(359545, 117, '2023-12-09', 'FT', 2335, '24,15,18,24,None,81', 2340, '18,16,25,28,None,87'),
(360532, 142, '2023-09-23', 'FT', 722, '12,20,21,20,None,73', 732, '14,20,25,19,None,78'),
(360533, 142, '2023-09-23', 'FT', 717, '23,22,20,21,None,86', 700, '8,19,18,18,None,63'),
(364851, 104, '2023-09-30', 'FT', 1263, '25,23,24,17,None,89', 1268, '26,12,21,19,None,78'),
(364852, 104, '2023-10-01', 'FT', 1269, '13,23,12,16,None,64', 1266, '18,14,12,17,None,61'),
(364853, 104, '2023-10-01', 'FT', 1270, '30,21,33,11,None,95', 5920, '17,13,16,12,None,58'),
(364854, 104, '2023-09-29', 'FT', 1304, '20,25,18,27,None,90', 1264, '27,19,17,25,None,88'),
(364855, 104, '2023-09-30', 'FT', 1305, '18,22,16,21,None,77', 1271, '25,21,27,20,None,93'),
(364856, 104, '2023-10-01', 'FT', 2264, '19,17,30,15,None,81', 1274, '24,18,12,15,None,69'),
(364857, 104, '2023-09-30', 'FT', 1276, '23,14,31,36,None,104', 3009, '25,24,21,21,None,91'),
(364858, 104, '2023-09-30', 'FT', 1277, '22,15,16,19,None,72', 1267, '19,13,15,21,None,68'),
(369363, 45, '2023-10-07', 'FT', 605, '26,13,25,29,None,93', 612, '28,24,24,22,None,98'),
(369365, 45, '2023-10-07', 'AOT', 610, '23,19,24,14,24,104', 616, '27,12,20,21,13,93'),
(369366, 45, '2023-10-09', 'FT', 614, '16,31,22,13,None,82', 1529, '16,13,16,26,None,71'),
(369367, 45, '2023-10-07', 'FT', 613, '14,24,22,20,None,80', 617, '28,23,21,23,None,95'),
(369368, 45, '2023-10-09', 'FT', 594, '26,14,18,14,None,72', 590, '21,21,16,13,None,71'),
(369369, 45, '2023-10-14', 'FT', 594, '13,22,15,20,None,70', 606, '23,20,20,14,None,77'),
(369371, 45, '2023-10-16', 'FT', 612, '22,28,15,14,None,79', 610, '20,17,19,20,None,76'),
(369372, 45, '2023-10-14', 'FT', 1529, '16,24,19,16,None,75', 613, '19,20,16,25,None,80'),
(369374, 45, '2023-10-14', 'FT', 616, '13,23,19,9,None,64', 614, '11,13,22,20,None,66'),
(369375, 45, '2023-10-23', 'FT', 614, '31,25,30,25,None,111', 612, '20,25,9,21,None,75'),
(369376, 45, '2023-10-23', 'FT', 617, '26,23,26,36,None,111', 1529, '14,28,26,24,None,92'),
(369378, 45, '2023-10-22', 'FT', 610, '12,16,10,21,None,59', 1542, '26,23,28,25,None,102'),
(369379, 45, '2023-10-22', 'FT', 606, '15,14,21,19,None,69', 590, '15,24,11,11,None,61'),
(369382, 45, '2023-10-30', 'FT', 1542, '12,19,12,11,None,54', 614, '11,17,17,21,None,66'),
(369383, 45, '2023-10-28', 'FT', 616, '25,17,17,17,None,76', 617, '17,23,16,15,None,71'),
(369384, 45, '2023-10-28', 'FT', 1529, '25,19,28,22,None,94', 590, '19,22,24,23,None,88'),
(369386, 45, '2023-10-28', 'FT', 594, '16,26,8,19,None,69', 610, '27,12,27,21,None,87'),
(369390, 45, '2023-11-06', 'FT', 614, '33,29,27,23,None,112', 594, '12,15,15,18,None,60'),
(369391, 45, '2023-11-05', 'FT', 613, '16,12,13,22,None,63', 1542, '17,20,16,24,None,77'),
(369392, 45, '2023-11-05', 'FT', 617, '33,30,17,20,None,100', 612, '20,14,19,20,None,73'),
(369394, 45, '2023-11-11', 'FT', 1542, '19,32,25,16,None,92', 617, '17,22,18,18,None,75'),
(369395, 45, '2023-11-13', 'FT', 612, '27,16,23,22,None,88', 1529, '21,26,22,24,None,93'),
(369397, 45, '2023-11-11', 'FT', 594, '16,10,18,10,None,54', 613, '17,15,15,20,None,67'),
(369398, 45, '2023-11-13', 'FT', 605, '27,24,24,18,None,93', 610, '26,21,11,16,None,74'),
(369399, 45, '2023-11-18', 'FT', 613, '30,24,14,14,None,82', 606, '22,12,25,17,None,76'),
(369400, 45, '2023-11-18', 'FT', 616, '32,18,13,26,None,89', 612, '23,22,22,20,None,87'),
(369401, 45, '2023-11-19', 'FT', 617, '28,33,21,24,None,106', 594, '27,17,11,13,None,68'),
(369402, 45, '2023-11-20', 'FT', 614, '25,23,15,23,None,86', 605, '18,19,29,19,None,85'),
(369403, 45, '2023-11-19', 'FT', 1529, '21,20,21,21,None,83', 1542, '24,29,28,30,None,111'),
(369404, 45, '2023-11-19', 'FT', 610, '19,18,15,21,None,73', 590, '19,19,14,15,None,67'),
(369406, 45, '2023-11-26', 'FT', 594, '14,21,19,15,None,69', 1529, '13,19,22,21,None,75'),
(369408, 45, '2023-11-26', 'FT', 590, '21,25,16,22,None,84', 612, '14,15,23,16,None,68'),
(369409, 45, '2023-11-26', 'FT', 610, '20,8,23,27,None,78', 614, '27,17,17,20,None,81'),
(369410, 45, '2023-11-27', 'FT', 1542, '27,16,20,24,None,87', 616, '14,19,19,22,None,74'),
(369412, 45, '2023-12-02', 'FT', 617, '26,33,19,22,None,100', 605, '18,22,27,28,None,95'),
(369413, 45, '2023-12-02', 'FT', 614, '29,18,17,13,None,77', 590, '14,14,13,12,None,53'),
(369414, 45, '2023-12-04', 'FT', 613, '23,15,23,32,None,93', 610, '28,19,19,15,None,81'),
(369415, 45, '2023-12-03', 'FT', 1529, '15,19,19,31,None,84', 606, '27,17,28,17,None,89'),
(369416, 45, '2023-12-02', 'FT', 612, '19,6,11,18,None,54', 1542, '26,24,25,21,None,96'),
(369418, 45, '2023-12-09', 'AOT', 610, '33,26,23,18,14,114', 617, '25,24,18,33,9,109'),
(369421, 45, '2023-12-09', 'FT', 594, '14,20,17,20,None,71', 612, '9,14,11,26,None,60'),
(369422, 45, '2023-12-09', 'FT', 605, '24,25,16,26,None,91', 1529, '22,23,22,22,None,89'),
(369783, 202, '2023-10-17', 'FT', 1663, '18,25,14,18,None,75', 1269, '33,24,14,13,None,84'),
(369784, 202, '2023-10-17', 'FT', 605, '24,20,17,23,None,84', 530, '25,18,18,18,None,79'),
(369785, 202, '2023-10-17', 'FT', 1274, '20,25,26,23,None,94', 308, '23,14,24,16,None,77'),
(369786, 202, '2023-10-17', 'FT', 916, '28,30,27,8,None,93', 726, '22,21,17,25,None,85'),
(369787, 202, '2023-10-17', 'FT', 23, '30,27,12,27,None,96', 616, '18,21,15,14,None,68'),
(369788, 202, '2023-10-18', 'FT', 1271, '19,23,17,18,None,77', 613, '30,22,19,17,None,88'),
(369789, 202, '2023-10-18', 'FT', 631, '26,15,21,16,None,78', 2340, '30,13,23,21,None,87'),
(369790, 202, '2023-10-18', 'AOT', 2556, '16,19,22,34,11,102', 1276, '28,15,18,30,13,104'),
(369791, 202, '2023-10-18', 'FT', 617, '32,33,25,25,None,115', 448, '15,12,15,24,None,66'),
(369792, 202, '2023-10-18', 'FT', 10, '32,21,16,18,None,87', 794, '21,9,29,24,None,83'),
(369793, 202, '2023-11-01', 'FT', 524, '14,14,22,24,None,74', 680, '14,24,18,19,None,75'),
(369794, 202, '2023-10-18', 'FT', 1120, '23,12,10,23,None,68', 1267, '17,5,15,11,None,48'),
(369795, 202, '2023-10-18', 'FT', 700, '22,19,14,23,None,78', 2336, '25,17,16,16,None,74'),
(369796, 202, '2023-10-24', 'FT', 1269, '17,17,30,24,None,88', 2339, '24,24,15,21,None,84'),
(369797, 202, '2023-10-24', 'FT', 616, '23,22,17,25,None,87', 631, '16,18,15,21,None,70'),
(369798, 202, '2023-10-24', 'FT', 530, '23,22,14,23,None,82', 916, '27,20,20,11,None,78'),
(369799, 202, '2023-10-24', 'FT', 2340, '15,25,17,26,None,83', 23, '16,11,19,28,None,74'),
(369800, 202, '2023-10-25', 'FT', 1267, '14,20,12,27,None,73', 524, '24,25,19,23,None,91'),
(369801, 202, '2023-11-15', 'FT', 680, '22,21,24,17,None,84', 1120, '14,19,26,20,None,79'),
(369802, 202, '2023-10-25', 'FT', 726, '33,13,15,18,None,79', 605, '20,12,26,25,None,83'),
(369803, 202, '2023-10-31', 'FT', 1276, '16,31,13,20,None,80', 700, '21,22,25,20,None,88'),
(369804, 202, '2023-10-31', 'FT', 448, '9,23,19,16,None,67', 10, '22,28,32,22,None,104'),
(369805, 202, '2023-10-31', 'FT', 617, '18,19,19,22,None,78', 794, '15,22,21,18,None,76'),
(369806, 202, '2023-11-01', 'FT', 2336, '19,16,23,14,None,72', 2556, '11,8,19,9,None,47'),
(369807, 202, '2023-11-01', 'FT', 1274, '18,30,17,20,None,85', 532, '22,17,27,17,None,83'),
(369808, 202, '2023-11-01', 'AOT', 1792, '24,11,23,25,16,99', 1271, '16,24,20,23,13,96'),
(369809, 202, '2023-11-07', 'FT', 530, '24,14,21,20,None,79', 726, '23,22,23,21,None,89'),
(369810, 202, '2023-11-07', 'FT', 23, '15,15,14,19,None,63', 631, '15,16,23,27,None,81'),
(369811, 202, '2023-11-07', 'FT', 2340, '26,18,20,17,None,81', 616, '15,18,12,19,None,64'),
(369812, 202, '2023-11-29', 'FT', 1267, '24,21,17,12,None,74', 680, '21,21,22,29,None,93'),
(369813, 202, '2023-11-08', 'FT', 916, '19,17,16,25,None,77', 605, '19,21,22,24,None,86'),
(369814, 202, '2023-11-08', 'FT', 524, '19,28,16,23,None,86', 1120, '9,16,22,24,None,71'),
(369815, 202, '2023-11-08', 'FT', 2339, '15,20,22,19,None,76', 1663, '19,17,10,9,None,55'),
(369816, 202, '2023-11-14', 'FT', 794, '26,22,30,21,None,99', 448, '17,23,12,11,None,63'),
(369817, 202, '2023-11-14', 'FT', 10, '24,21,26,17,None,88', 617, '19,20,19,22,None,80'),
(369818, 202, '2023-11-15', 'FT', 613, '17,22,24,16,None,79', 1792, '19,16,17,25,None,77'),
(369819, 202, '2023-11-14', 'FT', 2336, '31,23,31,30,None,115', 1276, '21,23,22,23,None,89'),
(369820, 202, '2023-11-15', 'FT', 308, '11,36,21,20,None,88', 532, '24,17,18,24,None,83'),
(369821, 202, '2023-11-15', 'FT', 700, '30,16,26,19,None,91', 2556, '21,16,16,31,None,84'),
(369822, 202, '2023-11-21', 'FT', 631, '18,20,20,29,None,87', 616, '25,29,18,18,None,90'),
(369823, 202, '2023-11-21', 'FT', 524, '24,18,26,14,None,82', 1267, '19,25,29,19,None,92'),
(369824, 202, '2023-11-21', 'FT', 2339, '20,17,13,22,None,72', 1269, '24,9,18,12,None,63'),
(369825, 202, '2023-11-22', 'FT', 605, '17,19,25,25,None,86', 916, '16,10,22,16,None,64'),
(369826, 202, '2023-11-22', 'FT', 726, '18,23,11,28,None,80', 530, '24,30,21,22,None,97'),
(369827, 202, '2023-11-22', 'FT', 23, '24,20,21,20,None,85', 2340, '24,13,17,24,None,78'),
(369828, 202, '2023-11-22', 'FT', 1120, '22,19,19,22,None,82', 680, '17,16,22,17,None,72'),
(369829, 202, '2023-11-28', 'FT', 2556, '21,11,17,14,None,63', 2336, '17,33,16,13,None,79'),
(369830, 202, '2023-11-29', 'FT', 794, '27,24,11,15,None,77', 617, '23,15,17,20,None,75'),
(369831, 202, '2023-11-28', 'FT', 532, '23,25,13,20,None,81', 308, '20,14,18,12,None,64'),
(369832, 202, '2023-11-30', 'FT', 1271, '17,13,17,23,None,70', 1792, '22,23,18,22,None,85'),
(369833, 202, '2023-11-29', 'FT', 10, '26,23,31,19,None,99', 448, '16,8,21,19,None,64'),
(369834, 202, '2023-11-29', 'AOT', 700, '23,18,21,19,10,91', 1276, '25,19,17,20,4,85'),
(369835, 202, '2023-12-05', 'FT', 605, '31,24,26,29,None,110', 726, '18,17,24,20,None,79'),
(369836, 202, '2023-12-05', 'FT', 1663, '19,20,21,17,None,77', 2339, '28,10,16,18,None,72'),
(369837, 202, '2023-12-06', 'FT', 680, '16,21,18,10,None,65', 524, '20,21,13,18,None,72'),
(369838, 202, '2023-12-06', 'FT', 1267, '19,22,18,18,None,77', 1120, '15,15,11,24,None,65'),
(369839, 202, '2023-12-06', 'FT', 616, '25,11,22,20,None,78', 23, '14,19,22,31,None,86'),
(369840, 202, '2023-12-06', 'FT', 916, '22,20,11,27,None,80', 530, '12,14,17,17,None,60'),
(369841, 202, '2023-12-06', 'FT', 2340, '22,23,17,26,None,88', 631, '14,13,14,24,None,65'),
(369995, 40, '2023-10-01', 'FT', 534, '28,15,24,17,None,84', 524, '25,18,19,17,None,79'),
(369996, 40, '2023-10-01', 'FT', 2263, '19,16,15,27,None,77', 521, '19,22,17,27,None,85'),
(369997, 40, '2023-10-01', 'FT', 529, '12,24,15,7,None,58', 5923, '17,20,33,18,None,88'),
(369998, 40, '2023-10-01', 'AOT', 561, '19,26,27,21,29,122', 552, '25,22,34,12,20,113'),
(369999, 40, '2023-10-01', 'FT', 564, '26,22,22,14,None,84', 533, '27,25,19,28,None,99'),
(370000, 40, '2023-10-02', 'FT', 519, '30,29,30,21,None,110', 525, '14,26,18,17,None,75'),
(370001, 40, '2023-10-02', 'FT', 550, '23,31,33,22,None,109', 520, '24,18,22,15,None,79'),
(370002, 40, '2023-10-02', 'FT', 532, '21,24,13,19,None,77', 522, '26,13,15,13,None,67'),
(370003, 40, '2023-10-06', 'FT', 5923, '10,24,15,11,None,60', 530, '17,19,22,20,None,78'),
(370004, 40, '2023-10-07', 'AOT', 528, '26,13,21,30,20,110', 525, '17,27,21,25,14,104'),
(370005, 40, '2023-10-07', 'FT', 533, '20,29,19,32,None,100', 519, '27,25,16,20,None,88'),
(370006, 40, '2023-10-07', 'FT', 552, '22,18,22,21,None,83', 532, '26,20,23,23,None,92'),
(370007, 40, '2023-10-07', 'FT', 534, '32,23,25,23,None,103', 564, '20,22,16,14,None,72'),
(370010, 40, '2023-10-09', 'FT', 524, '25,20,29,26,None,100', 2263, '20,14,19,20,None,73'),
(370011, 40, '2023-10-20', 'FT', 532, '28,20,23,23,None,94', 561, '17,25,29,18,None,89'),
(370016, 40, '2023-10-22', 'FT', 550, '20,17,18,22,None,77', 528, '17,11,19,16,None,63'),
(370017, 40, '2023-10-22', 'FT', 2263, '22,21,18,25,None,86', 520, '25,33,15,21,None,94'),
(370018, 40, '2023-10-22', 'FT', 525, '17,15,15,15,None,62', 522, '29,25,11,32,None,97'),
(370019, 40, '2023-10-22', 'FT', 519, '22,32,22,22,None,98', 534, '27,17,18,18,None,80'),
(370020, 40, '2023-10-27', 'FT', 520, '21,27,14,21,None,83', 532, '24,29,25,14,None,92'),
(370021, 40, '2023-10-28', 'FT', 550, '12,19,23,20,None,74', 2263, '12,21,15,17,None,65'),
(370022, 40, '2023-10-28', 'FT', 533, '20,15,21,14,None,70', 530, '14,25,26,34,None,99'),
(370023, 40, '2023-10-28', 'AOT', 534, '25,13,21,20,18,97', 521, '21,16,19,23,11,90'),
(370024, 40, '2023-10-28', 'FT', 552, '15,18,20,20,None,73', 529, '20,28,22,18,None,88'),
(370027, 40, '2023-10-30', 'FT', 528, '14,25,24,14,None,77', 519, '39,17,29,29,None,114'),
(370029, 40, '2023-11-03', 'FT', 529, '23,20,16,26,None,85', 534, '14,24,17,26,None,81'),
(370033, 40, '2023-11-05', 'FT', 552, '20,22,27,21,None,90', 520, '27,25,32,25,None,109'),
(370034, 40, '2023-11-05', 'FT', 530, '31,24,25,16,None,96', 561, '22,25,14,16,None,77'),
(370035, 40, '2023-11-05', 'FT', 521, '22,22,20,19,None,83', 522, '17,23,19,22,None,81'),
(370036, 40, '2023-11-05', 'FT', 533, '31,27,21,26,None,105', 524, '22,18,26,21,None,87'),
(370037, 40, '2023-11-06', 'FT', 564, '27,22,16,16,None,81', 519, '29,20,26,22,None,97'),
(370038, 40, '2023-11-10', 'FT', 561, '24,26,17,18,None,85', 2263, '25,28,23,21,None,97'),
(370039, 40, '2023-11-11', 'AOT', 528, '32,22,20,21,23,118', 529, '14,27,27,27,28,123'),
(370040, 40, '2023-11-11', 'AOT', 532, '16,25,28,18,7,94', 533, '23,24,21,19,11,98'),
(370041, 40, '2023-11-11', 'FT', 552, '9,14,19,12,None,54', 5923, '26,15,27,19,None,87'),
(370042, 40, '2023-11-11', 'FT', 534, '18,24,25,29,None,96', 525, '16,20,12,10,None,58'),
(370047, 40, '2023-11-17', 'FT', 550, '22,20,25,18,None,85', 561, '22,12,21,20,None,75'),
(370048, 40, '2023-11-18', 'AOT', 521, '15,24,17,21,10,87', 564, '19,20,16,22,15,92'),
(370049, 40, '2023-11-18', 'FT', 529, '27,16,19,32,None,94', 520, '22,20,23,25,None,90'),
(370050, 40, '2023-11-18', 'FT', 532, '16,18,13,20,None,67', 534, '23,18,20,24,None,85'),
(370051, 40, '2023-11-19', 'FT', 522, '20,19,29,24,None,92', 530, '11,16,32,25,None,84'),
(370052, 40, '2023-11-19', 'FT', 528, '18,17,23,19,None,77', 524, '17,33,28,23,None,101'),
(370053, 40, '2023-11-19', 'FT', 519, '19,18,21,17,None,75', 2263, '22,35,25,26,None,108'),
(370054, 40, '2023-11-19', 'FT', 5923, '19,22,15,27,None,83', 533, '25,20,19,24,None,88'),
(370056, 40, '2023-11-24', 'FT', 550, '26,19,27,24,None,96', 529, '18,22,21,26,None,87'),
(370060, 40, '2023-11-26', 'FT', 524, '28,24,17,23,None,92', 552, '19,14,21,15,None,69'),
(370061, 40, '2023-11-26', 'FT', 530, '19,28,21,19,None,87', 519, '21,13,29,16,None,79'),
(370062, 40, '2023-11-26', 'FT', 564, '32,26,12,23,None,93', 532, '23,22,20,19,None,84'),
(370063, 40, '2023-11-26', 'FT', 534, '21,18,13,29,None,81', 522, '22,18,21,24,None,85'),
(370064, 40, '2023-11-27', 'FT', 2263, '22,17,15,18,None,72', 5923, '24,13,27,24,None,88'),
(370065, 40, '2023-11-28', 'FT', 520, '24,25,21,23,None,93', 561, '27,6,24,26,None,83'),
(370066, 40, '2023-11-28', 'FT', 528, '28,18,12,18,None,76', 530, '17,37,23,27,None,104'),
(370067, 40, '2023-12-01', 'FT', 5923, '19,27,24,17,None,87', 534, '17,16,20,22,None,75'),
(370068, 40, '2023-12-02', 'FT', 528, '24,26,20,22,None,92', 520, '25,21,21,18,None,85'),
(370069, 40, '2023-12-02', 'FT', 2263, '23,15,17,26,None,81', 529, '21,30,16,19,None,86'),
(370070, 40, '2023-12-02', 'FT', 552, '21,15,17,19,None,72', 530, '20,14,23,18,None,75'),
(370071, 40, '2023-12-02', 'FT', 525, '16,12,29,30,None,87', 564, '26,19,25,14,None,84'),
(370072, 40, '2023-12-03', 'FT', 521, '27,28,19,20,None,94', 524, '29,31,24,18,None,102'),
(370073, 40, '2023-12-03', 'FT', 533, '18,34,18,19,None,89', 561, '28,27,29,23,None,107'),
(370074, 40, '2023-12-03', 'POST', 519, 'None,None,None,None,None,None', 522, 'None,None,None,None,None,None'),
(370075, 40, '2023-12-03', 'FT', 532, '14,12,19,13,None,58', 550, '20,18,19,22,None,79'),
(370533, 104, '2023-10-06', 'FT', 3009, '21,22,37,15,None,95', 1305, '15,24,20,26,None,85'),
(370534, 104, '2023-10-07', 'FT', 1264, '29,17,22,23,None,91', 2264, '15,21,22,22,None,80'),
(370535, 104, '2023-10-07', 'FT', 1268, '16,19,17,32,None,84', 1277, '16,20,20,27,None,83'),
(370536, 104, '2023-10-07', 'FT', 1267, '16,19,16,17,None,68', 1269, '16,8,24,16,None,64'),
(370537, 104, '2023-10-08', 'FT', 1271, '12,28,18,27,None,85', 1304, '20,13,23,25,None,81'),
(370538, 104, '2023-10-08', 'FT', 5920, '21,21,22,11,None,75', 1263, '18,27,19,23,None,87'),
(370540, 104, '2023-10-09', 'FT', 1274, '20,25,22,17,None,84', 1270, '22,16,15,26,None,79'),
(370541, 104, '2023-10-13', 'FT', 1305, '27,21,24,21,None,93', 1276, '33,26,15,23,None,97'),
(370542, 104, '2023-10-14', 'FT', 1304, '27,19,21,23,None,90', 3009, '18,16,10,16,None,60'),
(370543, 104, '2023-10-14', 'FT', 1269, '21,18,25,20,None,84', 1268, '11,29,28,12,None,80'),
(370544, 104, '2023-10-14', 'AOT', 1267, '18,22,12,18,12,82', 1266, '19,23,15,13,6,76'),
(370545, 104, '2023-10-14', 'FT', 1263, '20,32,28,21,None,101', 1274, '19,16,30,20,None,85'),
(370546, 104, '2023-10-15', 'FT', 1277, '21,24,15,13,None,73', 5920, '14,18,12,16,None,60'),
(372149, 142, '2023-09-24', 'FT', 732, '27,21,28,21,None,97', 717, '10,25,8,17,None,60'),
(372165, 202, '2023-09-26', 'FT', 910, '18,21,16,15,None,70', 1230, '13,17,14,15,None,59'),
(373331, 202, '2023-09-27', 'FT', 464, '19,16,16,17,None,68', 1204, '15,20,19,24,None,78'),
(373332, 202, '2023-09-27', 'FT', 933, '24,23,15,25,None,87', 1389, '15,16,18,10,None,59'),
(374659, 202, '2023-09-28', 'FT', 25, '21,17,17,24,None,79', 688, '14,12,22,26,None,74'),
(374660, 202, '2023-09-28', 'FT', 910, '21,19,11,15,None,66', 2337, '22,10,19,23,None,74'),
(374731, 202, '2023-09-29', 'FT', 18, '25,24,23,24,None,96', 730, '22,22,34,10,None,88'),
(374732, 202, '2023-09-29', 'FT', 718, '13,26,17,22,None,78', 846, '19,15,12,17,None,63'),
(374733, 202, '2023-09-29', 'FT', 1204, '19,26,15,13,None,73', 933, '17,18,24,24,None,83'),
(374957, 202, '2023-09-30', 'FT', 25, '23,24,17,18,None,82', 2337, '24,14,20,20,None,78'),
(374967, 202, '2023-10-01', 'FT', 18, '21,25,17,17,None,80', 718, '20,17,12,20,None,69'),
(374968, 202, '2023-11-08', 'FT', 933, '24,15,15,12,None,66', 1792, '17,29,18,20,None,84'),
(374969, 202, '2023-11-01', 'FT', 933, '17,23,28,26,None,94', 613, '15,26,19,12,None,72'),
(374970, 202, '2023-11-14', 'FT', 1271, '11,31,27,29,None,98', 933, '20,19,19,20,None,78'),
(374971, 202, '2023-11-29', 'FT', 613, '14,25,16,21,None,76', 933, '22,15,15,22,None,74'),
(375332, 202, '2023-10-17', 'AOT', 532, '16,20,17,22,8,83', 25, '17,21,20,17,10,85'),
(375333, 202, '2023-10-17', 'FT', 2339, '15,28,23,29,None,95', 18, '24,17,18,16,None,75'),
(375334, 202, '2023-10-25', 'FT', 18, '16,22,23,13,None,74', 1663, '20,12,19,22,None,73'),
(375335, 202, '2023-10-31', 'FT', 25, '14,22,22,23,None,81', 308, '13,27,13,15,None,68'),
(375336, 202, '2023-11-07', 'FT', 1269, '18,24,14,24,None,80', 18, '26,20,24,21,None,91'),
(375337, 202, '2023-11-15', 'FT', 25, '25,19,20,16,None,80', 1274, '17,17,15,16,None,65'),
(375338, 202, '2023-11-21', 'FT', 1663, '18,15,15,22,None,70', 18, '9,26,11,17,None,63'),
(375339, 202, '2023-11-28', 'FT', 1274, '20,20,31,16,None,87', 25, '18,11,22,21,None,72'),
(375340, 202, '2023-12-05', 'FT', 18, '25,20,26,26,None,97', 1269, '14,25,19,28,None,86'),
(375498, 104, '2023-10-20', 'FT', 3009, '14,17,18,18,None,67', 2264, '31,13,20,17,None,81'),
(375499, 104, '2023-10-21', 'FT', 5920, '24,25,18,22,None,89', 1269, '16,21,20,16,None,73'),
(375502, 104, '2023-10-22', 'FT', 1276, '20,22,14,21,None,77', 1304, '22,18,26,23,None,89'),
(375503, 104, '2023-10-22', 'FT', 1268, '21,22,13,19,None,75', 1267, '23,14,16,17,None,70'),
(375504, 104, '2023-10-22', 'FT', 1264, '23,13,36,8,None,80', 1263, '15,31,16,25,None,87'),
(375505, 104, '2023-10-22', 'FT', 1271, '18,17,15,12,None,62', 1270, '22,16,18,18,None,74'),
(375506, 104, '2023-10-28', 'FT', 1268, '10,24,21,15,None,70', 1266, '25,18,23,20,None,86'),
(375507, 104, '2023-10-28', 'AOT', 2264, '23,12,34,24,14,107', 1276, '24,28,23,18,7,100'),
(375508, 104, '2023-10-28', 'FT', 1269, '20,23,19,21,None,83', 1274, '19,24,20,15,None,78'),
(375509, 104, '2023-10-28', 'FT', 1277, '29,22,16,25,None,92', 1264, '26,23,16,30,None,95'),
(375513, 104, '2023-10-29', 'FT', 1267, '20,20,11,32,None,83', 5920, '20,19,12,18,None,69'),
(375514, 104, '2023-11-04', 'AOT', 5920, '26,22,17,7,11,83', 1268, '20,17,23,12,7,79'),
(375517, 104, '2023-11-05', 'FT', 1274, '31,22,22,20,None,95', 1267, '18,19,23,15,None,75'),
(375518, 104, '2023-11-05', 'FT', 3009, '27,8,16,22,None,73', 1263, '23,20,23,27,None,93'),
(375519, 104, '2023-11-05', 'FT', 1271, '19,20,20,16,None,75', 1277, '23,19,20,14,None,76'),
(375520, 104, '2023-11-05', 'FT', 1276, '19,23,28,16,None,86', 1270, '30,23,21,21,None,95'),
(375521, 104, '2023-11-06', 'FT', 1305, '14,16,22,11,None,63', 2264, '18,13,16,14,None,61'),
(381340, 104, '2023-11-10', 'FT', 1268, '21,16,17,21,None,75', 1274, '26,23,26,18,None,93'),
(381341, 104, '2023-11-11', 'FT', 1277, '19,29,17,24,None,89', 3009, '19,16,16,18,None,69'),
(381342, 104, '2023-11-11', 'FT', 1269, '18,28,8,21,None,75', 1271, '29,9,20,14,None,72'),
(381343, 104, '2023-11-11', 'FT', 1263, '21,26,26,12,None,85', 1276, '21,18,19,17,None,75'),
(381344, 104, '2023-11-11', 'FT', 1270, '18,15,24,33,None,90', 1305, '17,16,16,15,None,64'),
(381345, 104, '2023-11-12', 'FT', 5920, '18,20,20,24,None,82', 1266, '34,19,18,19,None,90'),
(381348, 104, '2023-11-17', 'FT', 1271, '11,24,17,28,None,80', 1267, '11,19,26,26,None,82'),
(381349, 104, '2023-11-18', 'FT', 3009, '17,19,30,24,None,90', 1269, '22,33,20,23,None,98'),
(381350, 104, '2023-11-18', 'FT', 1276, '19,27,19,14,None,79', 1277, '12,18,15,17,None,62'),
(381351, 104, '2023-11-18', 'FT', 1266, '18,18,13,17,None,66', 2264, '19,17,15,11,None,62'),
(381352, 104, '2023-11-19', 'FT', 1305, '18,22,11,13,None,64', 1263, '20,15,24,20,None,79'),
(381353, 104, '2023-11-19', 'FT', 1304, '16,14,20,19,None,69', 1270, '16,19,24,23,None,82'),
(381354, 104, '2023-11-19', 'FT', 1264, '24,26,24,24,None,98', 1268, '15,26,24,25,None,90'),
(381355, 104, '2023-11-20', 'FT', 1274, '22,22,23,23,None,90', 5920, '18,24,26,14,None,82'),
(381356, 104, '2023-11-25', 'FT', 5920, '16,20,17,21,None,74', 1264, '19,15,18,28,None,80'),
(381360, 104, '2023-11-26', 'FT', 1269, '18,17,19,22,None,76', 1276, '19,13,23,27,None,82'),
(381361, 104, '2023-11-26', 'AOT', 1267, '9,17,20,21,11,78', 3009, '17,12,20,18,7,74'),
(381362, 104, '2023-11-26', 'FT', 1270, '26,32,20,18,None,96', 2264, '16,24,17,28,None,85'),
(381363, 104, '2023-11-27', 'FT', 1263, '25,26,25,23,None,99', 1304, '22,18,16,23,None,79'),
(381593, 120, '2023-10-18', 'FT', 2341, '18,15,17,25,None,75', 687, '17,12,15,22,None,66'),
(382400, 104, '2023-12-01', 'FT', 1264, '22,27,22,14,None,85', 1274, '22,28,22,21,None,93'),
(382401, 104, '2023-12-02', 'FT', 1304, '23,20,25,13,None,81', 1277, '18,15,20,14,None,67'),
(382402, 104, '2023-12-02', 'FT', 1305, '20,22,21,20,None,83', 1269, '24,23,23,11,None,81'),
(382403, 104, '2023-12-02', 'FT', 3009, '14,20,11,22,None,67', 1268, '21,15,23,12,None,71'),
(382404, 104, '2023-12-02', 'FT', 1266, '19,12,16,21,None,68', 1270, '15,9,21,19,None,64'),
(382405, 104, '2023-12-03', 'FT', 1271, '14,12,18,33,None,77', 5920, '24,11,28,24,None,87'),
(382406, 104, '2023-12-03', 'AOT', 2264, '17,18,20,29,8,92', 1263, '26,25,17,16,17,101'),
(382407, 104, '2023-12-03', 'FT', 1276, '23,24,29,15,None,91', 1267, '24,17,17,27,None,85'),
(382408, 104, '2023-12-08', 'FT', 5920, '25,15,18,13,None,71', 3009, '25,19,14,25,None,83'),
(382410, 104, '2023-12-09', 'FT', 1266, '26,18,35,16,None,95', 1264, '27,28,20,19,None,94'),
(382411, 104, '2023-12-09', 'FT', 1274, '22,26,25,25,None,98', 1271, '24,16,19,17,None,76'),
(382412, 104, '2023-12-09', 'FT', 1268, '14,30,21,19,None,84', 1276, '12,26,21,23,None,82');

-- --------------------------------------------------------

--
-- Struttura della tabella `league`
--

CREATE TABLE `league` (
  `ID_league` int(11) NOT NULL,
  `name` varchar(15) NOT NULL,
  `type` varchar(15) NOT NULL,
  `logo` text NOT NULL
) ENGINE=InnoDB DEFAULT CHARSET=utf8 COLLATE=utf8_unicode_ci;

--
-- Dump dei dati per la tabella `league`
--

INSERT INTO `league` (`ID_league`, `name`, `type`, `logo`) VALUES
(2, 'LNB', 'League', 'https://media-4.api-sports.io/basketball/leagues/2.png'),
(40, 'BBL', 'League', 'https://media-4.api-sports.io/basketball/leagues/40.png'),
(45, 'Basket League', 'League', 'https://media-4.api-sports.io/basketball/leagues/45.png'),
(52, 'Lega A', 'League', 'https://media-4.api-sports.io/basketball/leagues/52.png'),
(104, 'Super Ligi', 'League', 'https://media-4.api-sports.io/basketball/leagues/104.png'),
(117, 'ACB', 'League', 'https://media-4.api-sports.io/basketball/leagues/117.png'),
(120, 'Euroleague', 'cup', 'https://media-4.api-sports.io/basketball/leagues/120.png'),
(143, 'Italian Cup', 'cup', 'https://media-4.api-sports.io/basketball/leagues/143.png'),
(194, 'Eurocup', 'cup', 'https://media-4.api-sports.io/basketball/leagues/194.png'),
(197, 'EuroBasket', 'cup', 'https://media-4.api-sports.io/basketball/leagues/197.png'),
(202, 'Champions Leagu', 'cup', 'https://media-4.api-sports.io/basketball/leagues/202.png'),
(242, 'Serie A2', 'League', 'https://media-4.api-sports.io/basketball/leagues/242.png');

-- --------------------------------------------------------

--
-- Struttura della tabella `players`
--

CREATE TABLE `players` (
  `ID_player` int(11) NOT NULL,
  `season` varchar(9) NOT NULL,
  `name` varchar(35) NOT NULL,
  `surname` varchar(40) NOT NULL,
  `weight` int(11) NOT NULL,
  `height` int(11) NOT NULL,
  `ID_country` int(11) NOT NULL,
  `mesh_number` int(11) NOT NULL,
  `age` int(11) NOT NULL,
  `played_min` int(11) NOT NULL,
  `point_scored` int(11) NOT NULL,
  `assist` int(11) NOT NULL,
  `ID_team` int(11) NOT NULL,
  `shots` int(11) NOT NULL,
  `shots_2` int(11) NOT NULL,
  `shots_3` int(11) NOT NULL,
  `free_trows` int(11) NOT NULL,
  `ball_holding_time` int(11) NOT NULL
) ENGINE=InnoDB DEFAULT CHARSET=utf8 COLLATE=utf8_unicode_ci;

--
-- Dump dei dati per la tabella `players`
--

INSERT INTO `players` (`ID_player`, `season`, `name`, `surname`, `weight`, `height`, `ID_country`, `mesh_number`, `age`, `played_min`, `point_scored`, `assist`, `ID_team`, `shots`, `shots_2`, `shots_3`, `free_trows`, `ball_holding_time`) VALUES
(501, '2024-2025', 'Brian', 'Moreno', 106, 206, 48, 4, 23, 41, 1, 0, 718, 18, 0, 1, 0, 81),
(502, '2024-2025', 'Ryan', 'Walton', 94, 197, 18, 22, 18, 14, 10, 3, 526, 4, 0, 2, 5, 93),
(503, '2024-2025', 'David', 'Hernandez', 98, 189, 45, 15, 27, 35, 25, 3, 680, 2, 1, 4, 3, 88),
(504, '2024-2025', 'Shane', 'Miles', 88, 195, 4, 38, 27, 39, 27, 2, 1389, 20, 3, 6, 1, 22),
(505, '2023', 'Tony', 'Frey', 69, 202, 48, 43, 24, 9, 0, 3, 612, 14, 8, 3, 2, 100),
(506, '2024-2025', 'Ronnie', 'Tran', 65, 189, 23, 44, 26, 29, 25, 1, 464, 19, 7, 7, 0, 36),
(507, '2023-2024', 'Jeremy', 'Irwin', 81, 173, 55, 14, 20, 51, 26, 6, 6044, 12, 9, 10, 1, 26),
(508, '2024', 'Sean', 'Montgomery', 89, 176, 55, 7, 25, 38, 19, 7, 100, 16, 2, 7, 4, 9),
(509, '2023', 'Christopher', 'Ellis', 119, 215, 23, 18, 29, 50, 4, 10, 726, 13, 11, 6, 0, 97),
(510, '2024-2025', 'Michael', 'Williams', 116, 183, 45, 47, 22, 38, 14, 6, 4769, 6, 13, 4, 5, 104),
(511, '2024-2025', 'John', 'Watson', 109, 216, 55, 21, 24, 44, 5, 4, 2337, 18, 11, 9, 5, 84),
(512, '2023-2024', 'Keith', 'Greer', 119, 190, 4, 2, 20, 8, 0, 8, 916, 10, 0, 2, 2, 97),
(513, '2024-2025', 'William', 'Ford', 87, 218, 45, 19, 27, 34, 21, 7, 464, 9, 6, 1, 2, 63),
(514, '2023', 'Christopher', 'Anderson', 114, 178, 18, 24, 19, 30, 15, 4, 1389, 13, 0, 9, 3, 75),
(515, '2024', 'Alec', 'Dixon', 109, 216, 18, 17, 19, 30, 17, 7, 730, 18, 8, 0, 4, 13),
(516, '2023', 'Maurice', 'Malone', 111, 214, 23, 8, 18, 23, 17, 8, 689, 6, 14, 3, 5, 18),
(517, '2023-2024', 'David', 'Mccoy', 101, 202, 55, 42, 19, 58, 18, 0, 20, 17, 9, 7, 3, 73),
(518, '2023-2024', 'Robert', 'Williams', 74, 183, 23, 37, 28, 49, 8, 2, 95, 10, 2, 9, 3, 67),
(519, '2024', 'Patrick', 'Sullivan', 92, 188, 55, 42, 18, 11, 7, 5, 5008, 17, 0, 5, 4, 93),
(520, '2023', 'Mark', 'Kennedy', 79, 197, 55, 10, 23, 40, 6, 0, 705, 16, 11, 3, 1, 105),
(521, '2023-2024', 'Luis', 'Hogan', 96, 198, 23, 21, 28, 32, 16, 7, 1276, 4, 3, 10, 0, 52),
(522, '2023', 'Patrick', 'Gardner', 99, 210, 18, 40, 21, 25, 19, 7, 20, 2, 0, 6, 5, 19),
(523, '2024', 'Gregory', 'Miller', 61, 195, 17, 17, 18, 46, 27, 6, 1263, 20, 3, 9, 1, 88),
(524, '2023', 'James', 'Davis', 82, 213, 45, 46, 22, 11, 13, 9, 24, 19, 9, 3, 1, 46),
(525, '2023', 'Steven', 'Turner', 84, 173, 48, 44, 19, 3, 27, 7, 519, 12, 9, 1, 1, 0),
(526, '2024', 'Douglas', 'Oconnor', 110, 181, 48, 11, 20, 28, 13, 4, 16, 14, 6, 2, 0, 57),
(527, '2023-2024', 'Jeffrey', 'Floyd', 92, 186, 17, 19, 22, 23, 11, 0, 525, 19, 10, 10, 1, 107),
(528, '2024-2025', 'Jeffrey', 'Marquez', 119, 181, 17, 48, 18, 38, 1, 3, 606, 6, 15, 6, 3, 58),
(529, '2023-2024', 'Alex', 'Gonzales', 91, 214, 55, 36, 20, 58, 18, 4, 1800, 2, 7, 9, 0, 59),
(530, '2023', 'Adam', 'Welch', 81, 182, 55, 34, 19, 29, 22, 8, 725, 6, 5, 2, 2, 49),
(531, '2023-2024', 'Austin', 'Thompson', 72, 208, 4, 7, 24, 45, 18, 5, 1698, 17, 3, 3, 4, 72),
(532, '2024', 'William', 'Carey', 60, 187, 4, 38, 26, 29, 22, 1, 24, 6, 1, 6, 2, 99),
(533, '2024-2025', 'Derrick', 'Patrick', 96, 212, 4, 6, 29, 3, 12, 1, 727, 2, 10, 8, 2, 83),
(534, '2023-2024', 'Adrian', 'Turner', 67, 208, 55, 18, 26, 34, 24, 1, 564, 10, 6, 7, 0, 25),
(535, '2023', 'Timothy', 'Bartlett', 102, 187, 45, 44, 30, 32, 27, 5, 529, 20, 3, 4, 2, 36),
(536, '2024-2025', 'Clifford', 'Morgan', 116, 210, 23, 48, 24, 16, 8, 10, 713, 20, 14, 2, 3, 40),
(537, '2024-2025', 'Michael', 'Cross', 120, 201, 4, 7, 26, 11, 16, 3, 689, 4, 11, 2, 1, 67),
(538, '2024-2025', 'Rickey', 'Wallace', 97, 185, 55, 44, 25, 60, 15, 9, 916, 16, 5, 8, 0, 4),
(539, '2024-2025', 'Mario', 'Lyons', 95, 192, 45, 33, 25, 49, 28, 5, 716, 11, 8, 5, 3, 82),
(540, '2023', 'Marc', 'Lopez', 120, 187, 45, 13, 20, 47, 15, 6, 2329, 3, 11, 9, 1, 21),
(541, '2024-2025', 'Matthew', 'Smith', 120, 194, 17, 19, 19, 4, 9, 1, 729, 4, 8, 8, 4, 27),
(542, '2024', 'Scott', 'Butler', 80, 202, 4, 7, 24, 37, 28, 8, 1125, 4, 12, 9, 4, 118),
(543, '2023', 'Steven', 'Patterson', 95, 170, 45, 20, 19, 15, 8, 2, 687, 7, 1, 3, 0, 47),
(544, '2024', 'Timothy', 'Davis', 75, 196, 48, 47, 29, 57, 17, 3, 24, 7, 6, 10, 4, 33),
(545, '2024', 'Timothy', 'Adams', 78, 188, 55, 19, 27, 15, 5, 4, 2264, 14, 4, 0, 1, 38),
(546, '2023-2024', 'Mike', 'Wood', 111, 174, 4, 29, 25, 46, 15, 8, 725, 11, 10, 1, 4, 60),
(547, '2023-2024', 'John', 'Williams', 78, 200, 48, 27, 20, 47, 29, 5, 703, 15, 6, 5, 3, 114),
(548, '2023', 'David', 'Mayer', 85, 201, 45, 34, 23, 13, 10, 0, 1125, 3, 5, 5, 2, 34),
(549, '2023', 'Steven', 'Benjamin', 115, 201, 18, 15, 19, 16, 26, 9, 728, 3, 13, 6, 2, 69),
(550, '2024-2025', 'Brian', 'Stephenson', 79, 196, 48, 12, 25, 6, 16, 3, 2334, 4, 6, 10, 0, 71),
(551, '2023', 'David', 'Stevens', 98, 175, 48, 7, 30, 51, 20, 8, 528, 15, 5, 10, 2, 82),
(552, '2023', 'Billy', 'Taylor', 115, 213, 45, 2, 29, 4, 3, 8, 719, 2, 14, 3, 1, 50),
(553, '2023', 'Kevin', 'Gilbert', 74, 177, 45, 44, 26, 36, 25, 7, 1270, 3, 8, 2, 2, 75),
(554, '2023-2024', 'Dustin', 'Davies', 107, 177, 48, 34, 27, 7, 28, 6, 5981, 16, 15, 1, 1, 48),
(555, '2023', 'John', 'Morales', 109, 181, 45, 21, 23, 55, 5, 0, 720, 9, 10, 4, 0, 87),
(556, '2024', 'Steven', 'Randolph', 65, 194, 23, 35, 22, 30, 16, 0, 2329, 15, 9, 2, 5, 27),
(557, '2023', 'Christopher', 'Medina', 103, 204, 48, 35, 29, 28, 3, 8, 523, 20, 15, 8, 5, 96),
(558, '2024-2025', 'Mike', 'Goodman', 107, 194, 18, 21, 26, 42, 21, 1, 717, 9, 14, 4, 3, 13),
(559, '2024', 'Paul', 'Fleming', 106, 180, 17, 30, 20, 52, 15, 7, 521, 15, 15, 2, 3, 60),
(560, '2024-2025', 'Justin', 'Juarez', 102, 175, 17, 4, 28, 52, 20, 5, 5009, 10, 7, 9, 0, 10),
(561, '2023-2024', 'Todd', 'Whitney', 99, 208, 48, 22, 29, 40, 10, 5, 6043, 19, 5, 2, 4, 61),
(562, '2024', 'Todd', 'Smith', 64, 193, 18, 29, 21, 24, 10, 4, 2338, 8, 5, 10, 2, 66),
(563, '2024', 'Jeremy', 'Johnson', 112, 191, 55, 35, 22, 4, 5, 10, 1697, 16, 8, 0, 0, 61),
(564, '2023-2024', 'Brent', 'Moreno', 74, 205, 45, 42, 18, 41, 30, 1, 3144, 4, 0, 6, 4, 80),
(565, '2023-2024', 'Paul', 'Marshall', 80, 173, 18, 38, 25, 26, 20, 0, 5923, 14, 11, 8, 2, 93),
(566, '2024-2025', 'Christopher', 'Walters', 99, 189, 4, 20, 18, 28, 6, 9, 703, 1, 2, 1, 0, 30),
(567, '2023', 'Travis', 'Wagner', 73, 220, 55, 15, 23, 43, 29, 2, 1139, 10, 9, 5, 5, 23),
(568, '2024', 'Paul', 'Brown', 73, 197, 48, 37, 25, 6, 26, 8, 691, 5, 11, 1, 5, 94),
(569, '2024', 'William', 'Rivera', 100, 180, 48, 43, 18, 19, 1, 0, 522, 18, 12, 8, 3, 26),
(570, '2024-2025', 'Eric', 'Garcia', 69, 173, 48, 43, 20, 0, 1, 9, 279, 17, 13, 2, 3, 8),
(571, '2024', 'Andrew', 'Caldwell', 70, 208, 55, 39, 26, 30, 13, 6, 2333, 16, 11, 4, 0, 59),
(572, '2023', 'Anthony', 'Chavez', 115, 213, 18, 35, 21, 44, 15, 4, 24, 15, 10, 2, 4, 30),
(573, '2023', 'Joseph', 'Nguyen', 114, 209, 18, 35, 26, 55, 24, 7, 5923, 0, 15, 3, 5, 118),
(574, '2023-2024', 'Dennis', 'Johnson', 119, 187, 45, 25, 18, 58, 13, 7, 794, 2, 3, 4, 1, 109),
(575, '2023', 'John', 'Anderson', 76, 174, 45, 9, 23, 29, 15, 4, 6158, 9, 1, 10, 4, 63),
(576, '2024-2025', 'Ethan', 'Jones', 79, 181, 48, 17, 20, 52, 17, 2, 524, 10, 13, 4, 3, 78),
(577, '2024-2025', 'Alan', 'Kelly', 101, 172, 45, 1, 28, 1, 24, 0, 3150, 4, 11, 8, 2, 11),
(578, '2024', 'Kenneth', 'Bass', 72, 179, 55, 23, 18, 16, 9, 0, 3769, 12, 8, 2, 3, 21),
(579, '2023-2024', 'Keith', 'Thompson', 74, 211, 18, 18, 27, 20, 7, 0, 550, 11, 8, 9, 0, 77),
(580, '2024-2025', 'Christopher', 'Cruz', 78, 205, 4, 31, 26, 7, 7, 1, 1120, 5, 11, 2, 1, 13),
(581, '2024', 'Jason', 'Frank', 110, 191, 55, 8, 28, 6, 27, 3, 489, 9, 7, 7, 0, 111),
(582, '2024-2025', 'Henry', 'Townsend', 77, 185, 18, 42, 18, 47, 18, 4, 914, 12, 0, 1, 3, 53),
(583, '2024', 'Matthew', 'Franklin', 119, 181, 48, 36, 22, 33, 22, 10, 3136, 16, 12, 3, 5, 107),
(584, '2024', 'Anthony', 'Guerrero', 96, 219, 23, 27, 29, 40, 15, 4, 2315, 8, 10, 8, 5, 17),
(585, '2023-2024', 'Steven', 'Lee', 107, 217, 23, 9, 24, 37, 30, 6, 2264, 4, 7, 4, 4, 22),
(586, '2024', 'James', 'Smith', 97, 197, 45, 27, 20, 32, 4, 7, 21, 14, 5, 10, 1, 86),
(587, '2024', 'William', 'Blackwell', 105, 187, 23, 18, 23, 37, 24, 7, 700, 18, 14, 8, 0, 2),
(588, '2024', 'Anthony', 'Schmidt', 107, 206, 45, 8, 25, 51, 24, 2, 5633, 2, 10, 7, 5, 110),
(589, '2023-2024', 'Bryce', 'Vaughn', 106, 214, 17, 33, 18, 18, 30, 3, 727, 9, 1, 1, 2, 37),
(590, '2024', 'David', 'Stanley', 95, 173, 18, 19, 27, 4, 18, 10, 720, 17, 13, 4, 2, 90),
(591, '2023', 'Sean', 'Wise', 100, 219, 45, 29, 21, 19, 6, 9, 1139, 5, 0, 0, 5, 55),
(592, '2024-2025', 'George', 'Porter', 63, 208, 17, 48, 30, 18, 13, 10, 6043, 19, 10, 5, 2, 18),
(593, '2024-2025', 'John', 'Thornton', 70, 218, 23, 6, 22, 46, 14, 0, 523, 16, 8, 7, 1, 82),
(594, '2024-2025', 'Bryan', 'Vaughn', 116, 193, 17, 37, 30, 40, 17, 0, 796, 17, 13, 5, 5, 91),
(595, '2023', 'Andrew', 'Spence', 101, 201, 55, 22, 22, 4, 21, 6, 19, 4, 15, 8, 1, 22),
(596, '2024-2025', 'James', 'Stevens', 66, 212, 4, 50, 23, 10, 7, 3, 480, 12, 15, 7, 1, 112),
(597, '2023', 'Curtis', 'Clark', 103, 183, 18, 24, 23, 43, 5, 7, 1272, 0, 3, 5, 3, 31),
(598, '2023-2024', 'Carlos', 'Wright', 67, 195, 23, 19, 25, 55, 16, 9, 616, 6, 7, 0, 2, 67),
(599, '2023', 'John', 'Richards', 108, 195, 45, 41, 18, 48, 6, 1, 19, 1, 7, 7, 4, 79),
(600, '2023', 'Patrick', 'Vasquez', 101, 184, 4, 1, 24, 59, 11, 7, 5923, 13, 4, 6, 2, 5),
(601, '2024-2025', 'Johnny', 'Clark', 87, 176, 4, 29, 27, 47, 16, 10, 532, 1, 2, 5, 5, 118),
(602, '2024-2025', 'Kevin', 'Shepard', 85, 206, 48, 46, 30, 53, 13, 0, 3770, 14, 12, 7, 2, 7),
(603, '2023-2024', 'William', 'Oneill', 113, 188, 4, 16, 19, 39, 11, 1, 2337, 2, 12, 2, 1, 27),
(604, '2023', 'James', 'Lopez', 80, 206, 17, 28, 18, 13, 29, 2, 1125, 11, 2, 2, 0, 64),
(605, '2023', 'Keith', 'Jones', 99, 220, 48, 31, 27, 1, 9, 8, 1073, 17, 7, 9, 0, 53),
(606, '2024-2025', 'Jonathon', 'Thomas', 77, 208, 18, 44, 22, 16, 24, 0, 3135, 20, 0, 4, 0, 41),
(607, '2023', 'Jacob', 'Tran', 71, 210, 55, 25, 28, 3, 2, 2, 1276, 6, 10, 7, 1, 49),
(608, '2023-2024', 'Ryan', 'Black', 77, 207, 23, 26, 21, 19, 0, 3, 489, 5, 2, 10, 0, 21),
(609, '2023-2024', 'Logan', 'Gonzalez', 91, 174, 48, 19, 24, 38, 28, 7, 1267, 20, 9, 8, 3, 120),
(610, '2024', 'Victor', 'Bradshaw', 82, 194, 18, 49, 24, 52, 23, 0, 550, 11, 11, 9, 5, 85),
(611, '2023-2024', 'Aaron', 'Lawson', 85, 184, 45, 29, 28, 53, 20, 2, 279, 13, 7, 5, 3, 64),
(612, '2024-2025', 'Gene', 'Rodriguez', 87, 209, 48, 46, 20, 11, 25, 7, 2331, 4, 0, 2, 2, 47),
(613, '2024-2025', 'Brian', 'Phillips', 79, 198, 18, 7, 24, 26, 23, 10, 688, 17, 15, 2, 3, 108),
(614, '2024-2025', 'Michael', 'Harris', 83, 211, 23, 8, 29, 17, 18, 3, 731, 15, 4, 9, 0, 88),
(615, '2023', 'Paul', 'Gonzales', 113, 218, 48, 46, 28, 1, 3, 0, 5981, 4, 15, 0, 0, 50),
(616, '2023', 'Barry', 'Perry', 67, 207, 55, 45, 26, 42, 9, 0, 1615, 20, 14, 0, 2, 113),
(617, '2024-2025', 'James', 'Hernandez', 97, 196, 23, 5, 21, 31, 9, 6, 25, 16, 6, 4, 2, 26),
(618, '2023-2024', 'Wayne', 'Vasquez', 90, 204, 45, 1, 24, 37, 16, 2, 1269, 0, 0, 3, 2, 10),
(619, '2023-2024', 'Brian', 'Oconnor', 66, 199, 55, 35, 26, 53, 20, 7, 489, 11, 7, 6, 4, 78),
(620, '2023-2024', 'Ronald', 'Joseph', 112, 194, 48, 41, 26, 40, 16, 3, 3007, 3, 3, 6, 2, 86),
(621, '2023', 'Tyler', 'Lopez', 103, 197, 17, 29, 22, 31, 1, 0, 5561, 9, 6, 5, 1, 25),
(622, '2023-2024', 'Harold', 'Martinez', 71, 201, 45, 11, 30, 39, 14, 1, 5009, 9, 12, 2, 4, 75),
(623, '2023', 'John', 'Burch', 96, 194, 48, 42, 18, 38, 13, 2, 528, 16, 15, 4, 1, 12),
(624, '2023', 'Jeremiah', 'Brown', 98, 219, 18, 16, 21, 35, 17, 10, 11, 2, 0, 10, 1, 43),
(625, '2024-2025', 'Brandon', 'Smith', 114, 195, 4, 47, 27, 3, 15, 1, 614, 10, 7, 9, 2, 5),
(626, '2023', 'Craig', 'Smith', 62, 209, 23, 35, 23, 27, 22, 5, 534, 7, 3, 8, 0, 77),
(627, '2024-2025', 'David', 'Porter', 96, 207, 48, 37, 27, 11, 12, 8, 1616, 6, 15, 5, 2, 20),
(628, '2024-2025', 'Nathan', 'Pennington', 94, 200, 4, 28, 19, 52, 1, 1, 594, 20, 7, 1, 1, 49),
(629, '2023-2024', 'Brian', 'Ochoa', 92, 198, 48, 20, 27, 3, 14, 4, 2315, 9, 10, 4, 2, 48),
(630, '2023', 'Jerry', 'Glass', 119, 181, 17, 12, 19, 27, 13, 8, 1663, 7, 6, 5, 1, 88),
(631, '2023', 'Travis', 'Johnson', 104, 201, 23, 50, 23, 47, 29, 1, 724, 17, 14, 2, 1, 90),
(632, '2023', 'Christopher', 'Banks', 67, 177, 23, 19, 21, 37, 2, 7, 20, 20, 3, 3, 4, 0),
(633, '2023-2024', 'Ryan', 'Stephens', 95, 217, 18, 11, 29, 37, 13, 1, 3151, 8, 3, 4, 0, 90),
(634, '2024', 'John', 'Dixon', 100, 184, 55, 10, 29, 0, 24, 1, 691, 3, 12, 3, 4, 62),
(635, '2023-2024', 'John', 'Hayes', 72, 176, 18, 43, 29, 2, 8, 0, 696, 3, 14, 9, 4, 8),
(636, '2024-2025', 'Robert', 'Floyd', 67, 208, 45, 31, 27, 59, 14, 2, 723, 13, 8, 5, 2, 119),
(637, '2024', 'Robert', 'Lester', 82, 201, 55, 17, 29, 53, 29, 7, 1304, 15, 2, 6, 2, 29),
(638, '2024-2025', 'Terry', 'Woods', 90, 196, 48, 3, 18, 10, 11, 4, 564, 18, 12, 5, 2, 47),
(639, '2024-2025', 'Matthew', 'Thompson', 115, 216, 23, 45, 30, 21, 6, 8, 1269, 20, 12, 3, 3, 65),
(640, '2024', 'John', 'Brewer', 73, 217, 48, 38, 26, 32, 23, 3, 308, 5, 13, 10, 2, 108),
(641, '2023-2024', 'Andrew', 'Barry', 76, 177, 4, 21, 18, 31, 1, 0, 106, 6, 2, 7, 2, 12),
(642, '2024', 'Justin', 'Roberts', 70, 178, 18, 29, 21, 45, 15, 1, 1269, 20, 10, 1, 3, 36),
(643, '2023-2024', 'Vincent', 'Baxter', 100, 179, 45, 23, 21, 41, 15, 3, 698, 11, 15, 0, 2, 57),
(644, '2023', 'Ray', 'Joyce', 108, 212, 48, 25, 20, 26, 14, 10, 846, 17, 4, 1, 3, 94),
(645, '2023', 'Blake', 'Davis', 118, 184, 18, 7, 25, 8, 30, 3, 688, 18, 3, 7, 2, 6),
(646, '2024', 'Brian', 'Rice', 111, 184, 23, 15, 24, 24, 22, 1, 3144, 3, 7, 3, 3, 33),
(647, '2023-2024', 'Mark', 'Levine', 88, 218, 55, 32, 18, 34, 20, 4, 3769, 9, 10, 1, 1, 34),
(648, '2024', 'David', 'Roberts', 81, 207, 4, 19, 28, 38, 6, 5, 1120, 1, 9, 2, 2, 67),
(649, '2023', 'Brandon', 'Simmons', 109, 196, 18, 36, 27, 25, 18, 4, 722, 18, 15, 6, 0, 21),
(650, '2023-2024', 'Arthur', 'Ramirez', 93, 196, 17, 27, 23, 25, 3, 0, 1268, 8, 4, 7, 5, 51),
(651, '2024-2025', 'Sean', 'Velez', 94, 209, 23, 13, 25, 44, 4, 5, 2335, 5, 2, 10, 2, 72),
(652, '2023-2024', 'Edward', 'Williams', 117, 214, 4, 9, 24, 23, 22, 1, 606, 7, 14, 6, 2, 83),
(653, '2023-2024', 'David', 'Todd', 85, 199, 17, 28, 21, 24, 1, 0, 1263, 2, 1, 0, 2, 33),
(654, '2023', 'William', 'Gutierrez', 92, 186, 55, 2, 25, 35, 19, 3, 448, 10, 2, 8, 1, 11),
(655, '2023', 'Dean', 'Garcia', 96, 184, 23, 34, 22, 20, 9, 3, 975, 11, 4, 1, 0, 76),
(656, '2023', 'Michael', 'Burton', 77, 219, 18, 19, 26, 31, 8, 7, 18, 14, 15, 3, 2, 111),
(657, '2023', 'Bill', 'Medina', 77, 189, 17, 40, 18, 49, 5, 2, 25, 9, 8, 10, 1, 16),
(658, '2024', 'Jonathan', 'George', 107, 209, 4, 21, 18, 29, 9, 0, 100, 9, 2, 4, 2, 48),
(659, '2023', 'Brandon', 'Pitts', 91, 205, 18, 50, 19, 2, 2, 3, 723, 15, 2, 6, 1, 52),
(660, '2024', 'Joshua', 'Lewis', 64, 176, 23, 2, 24, 4, 16, 8, 522, 4, 3, 1, 5, 27),
(661, '2023', 'David', 'White', 68, 189, 45, 40, 26, 40, 21, 3, 617, 7, 14, 8, 5, 42),
(662, '2024', 'Joe', 'Carpenter', 73, 190, 45, 38, 26, 33, 10, 9, 524, 1, 10, 8, 5, 18),
(663, '2023', 'Jeffrey', 'Hayes', 81, 216, 48, 34, 26, 22, 18, 4, 520, 13, 3, 2, 0, 71),
(664, '2024', 'Daniel', 'Miller', 89, 203, 4, 28, 23, 43, 29, 3, 606, 20, 14, 0, 0, 80),
(665, '2024-2025', 'Dennis', 'Turner', 106, 217, 23, 25, 20, 44, 3, 6, 10, 8, 10, 6, 0, 78),
(666, '2024', 'Jose', 'Francis', 118, 210, 17, 9, 19, 26, 4, 6, 6158, 1, 11, 7, 2, 73),
(667, '2024-2025', 'Jacob', 'Drake', 90, 210, 55, 18, 19, 45, 5, 10, 688, 1, 7, 1, 5, 27),
(668, '2023-2024', 'Brian', 'Fernandez', 93, 213, 45, 46, 20, 14, 4, 2, 95, 9, 0, 8, 2, 47),
(669, '2024-2025', 'Alex', 'Rodriguez', 77, 188, 23, 49, 21, 13, 5, 4, 2336, 19, 15, 6, 2, 75),
(670, '2023', 'Steven', 'Klein', 106, 215, 4, 34, 30, 29, 22, 2, 2334, 17, 13, 10, 2, 46),
(671, '2024-2025', 'Marc', 'Jones', 108, 185, 55, 1, 25, 52, 25, 2, 2339, 15, 9, 8, 4, 104),
(672, '2023', 'Christopher', 'Williams', 118, 177, 17, 43, 19, 19, 0, 5, 108, 18, 2, 9, 0, 55),
(673, '2023', 'George', 'Mccoy', 114, 211, 45, 39, 20, 38, 2, 5, 3146, 11, 2, 10, 3, 53),
(674, '2024', 'James', 'Carrillo', 79, 192, 4, 5, 23, 5, 20, 2, 2335, 1, 11, 9, 0, 31),
(675, '2023', 'Chris', 'Rice', 80, 190, 23, 32, 23, 23, 22, 4, 732, 6, 7, 4, 2, 53),
(676, '2023', 'Brian', 'Leonard', 63, 199, 23, 17, 23, 53, 25, 4, 3768, 5, 7, 2, 3, 21),
(677, '2024', 'John', 'Beard', 110, 207, 18, 38, 28, 12, 30, 10, 1615, 1, 0, 6, 3, 115),
(678, '2024', 'Peter', 'Green', 96, 213, 45, 20, 28, 59, 9, 4, 3135, 19, 5, 6, 3, 33),
(679, '2024-2025', 'Blake', 'Carr', 101, 218, 48, 1, 23, 52, 15, 7, 5923, 1, 14, 8, 3, 28),
(680, '2023-2024', 'Russell', 'Choi', 116, 218, 48, 8, 29, 35, 8, 4, 1615, 0, 9, 1, 3, 81),
(681, '2024', 'Eric', 'Peterson', 79, 219, 17, 50, 28, 47, 2, 2, 3024, 4, 5, 2, 1, 94),
(682, '2023', 'Joseph', 'Myers', 79, 217, 45, 16, 25, 1, 19, 10, 2331, 2, 10, 6, 1, 85),
(683, '2023-2024', 'Brett', 'Romero', 112, 200, 17, 33, 27, 42, 9, 9, 1792, 20, 9, 1, 0, 103),
(684, '2023-2024', 'Russell', 'Gibson', 98, 205, 55, 4, 19, 52, 14, 1, 3024, 17, 8, 2, 4, 41),
(685, '2023', 'Zachary', 'Bryant', 80, 200, 18, 12, 25, 46, 19, 4, 612, 3, 13, 1, 4, 59),
(686, '2024', 'Adam', 'Newman', 78, 205, 18, 35, 21, 16, 29, 10, 3149, 15, 9, 9, 4, 82),
(687, '2024-2025', 'Clifford', 'Jenkins', 97, 203, 48, 18, 28, 17, 18, 8, 720, 14, 2, 7, 4, 70),
(688, '2023-2024', 'Isaiah', 'Chen', 83, 216, 23, 47, 25, 3, 6, 0, 590, 5, 4, 2, 3, 1),
(689, '2024', 'Micheal', 'Martinez', 68, 205, 18, 46, 23, 57, 1, 9, 279, 10, 4, 0, 4, 80),
(690, '2024-2025', 'Tyler', 'Patel', 110, 204, 48, 19, 20, 43, 12, 1, 1274, 16, 1, 6, 1, 69),
(691, '2023', 'Christopher', 'Allen', 94, 202, 4, 42, 26, 38, 13, 3, 631, 2, 3, 8, 2, 117),
(692, '2024-2025', 'Glen', 'Ortiz', 62, 212, 45, 46, 29, 3, 8, 3, 519, 18, 0, 1, 1, 62),
(693, '2023-2024', 'Christopher', 'Fleming', 78, 198, 18, 40, 24, 26, 4, 9, 2338, 3, 0, 4, 4, 101),
(694, '2023-2024', 'Alexander', 'Bell', 117, 205, 48, 47, 19, 36, 29, 5, 727, 19, 4, 4, 1, 84),
(695, '2023', 'Matthew', 'Flowers', 104, 204, 45, 18, 26, 57, 17, 8, 3136, 18, 15, 9, 1, 1),
(696, '2024', 'Ryan', 'Crosby', 90, 171, 18, 42, 20, 34, 15, 3, 448, 14, 14, 3, 1, 112),
(697, '2023-2024', 'Michael', 'Drake', 116, 190, 48, 47, 18, 26, 16, 6, 590, 12, 0, 2, 4, 45),
(698, '2023-2024', 'Evan', 'Miller', 117, 203, 23, 6, 19, 59, 9, 0, 631, 16, 4, 4, 1, 21),
(699, '2024', 'Robert', 'Chase', 99, 218, 4, 39, 27, 22, 12, 0, 106, 12, 7, 8, 4, 18),
(700, '2024', 'David', 'Stout', 114, 180, 45, 28, 21, 40, 0, 2, 3131, 1, 12, 8, 5, 111),
(701, '2023-2024', 'Phillip', 'Gallagher', 87, 192, 23, 21, 28, 39, 6, 0, 680, 19, 7, 2, 4, 83),
(702, '2024', 'Christopher', 'Frederick', 71, 197, 23, 44, 27, 60, 9, 4, 696, 11, 10, 7, 0, 11),
(703, '2023-2024', 'Michael', 'Martin', 69, 207, 4, 49, 18, 48, 14, 0, 3150, 14, 14, 2, 0, 80),
(704, '2024-2025', 'David', 'Young', 72, 208, 4, 47, 23, 34, 0, 4, 718, 19, 5, 8, 1, 114),
(705, '2024', 'Jordan', 'Castro', 76, 213, 55, 30, 20, 55, 13, 3, 523, 17, 15, 9, 3, 37),
(706, '2023-2024', 'Justin', 'Sutton', 73, 188, 18, 2, 24, 41, 20, 9, 790, 2, 7, 6, 2, 48),
(707, '2024-2025', 'Craig', 'Powell', 79, 193, 18, 5, 22, 59, 30, 4, 796, 4, 12, 9, 2, 90),
(708, '2024-2025', 'James', 'Reynolds', 118, 209, 17, 33, 21, 11, 27, 4, 726, 15, 0, 6, 3, 101),
(709, '2024', 'Keith', 'Flores', 65, 174, 55, 30, 25, 1, 10, 5, 1120, 17, 3, 8, 5, 51),
(710, '2023', 'Ethan', 'Smith', 100, 208, 48, 9, 26, 52, 15, 4, 2340, 3, 3, 9, 5, 37),
(711, '2023', 'Daniel', 'Ali', 97, 188, 23, 21, 27, 57, 14, 10, 916, 8, 8, 5, 5, 92),
(712, '2023', 'Jonathan', 'Nelson', 101, 178, 17, 1, 23, 48, 3, 6, 1329, 9, 1, 8, 2, 111),
(713, '2023', 'Walter', 'Hayes', 120, 171, 55, 47, 18, 26, 17, 5, 732, 17, 0, 10, 3, 54),
(714, '2024-2025', 'Gary', 'Ward', 85, 213, 23, 14, 20, 43, 21, 5, 6043, 16, 12, 1, 2, 29),
(715, '2023-2024', 'Edward', 'Jenkins', 111, 193, 23, 32, 28, 45, 28, 9, 3154, 1, 9, 5, 5, 22),
(716, '2024-2025', 'Damon', 'Wright', 69, 205, 23, 23, 30, 28, 21, 1, 3419, 7, 4, 2, 5, 80),
(717, '2023', 'Anthony', 'Miller', 83, 193, 4, 17, 25, 47, 9, 6, 687, 6, 11, 2, 5, 48),
(718, '2024', 'Matthew', 'Castillo', 94, 201, 18, 15, 18, 54, 5, 7, 1329, 0, 2, 1, 5, 72),
(719, '2023', 'Mark', 'Davis', 67, 187, 48, 5, 27, 57, 29, 2, 724, 7, 10, 10, 5, 5),
(720, '2024', 'William', 'Ruiz', 61, 179, 55, 46, 22, 42, 22, 3, 5007, 3, 8, 2, 2, 104),
(721, '2023-2024', 'John', 'Jones', 62, 198, 48, 23, 22, 19, 23, 3, 5981, 20, 0, 7, 1, 116),
(722, '2024-2025', 'Peter', 'Olsen', 61, 214, 45, 38, 21, 52, 2, 2, 606, 11, 6, 5, 2, 15),
(723, '2023-2024', 'Charles', 'Quinn', 111, 203, 23, 21, 27, 48, 21, 6, 1268, 12, 9, 7, 3, 80),
(724, '2024-2025', 'James', 'Bryant', 104, 193, 48, 32, 25, 52, 17, 7, 696, 0, 0, 9, 0, 27),
(725, '2023', 'Ethan', 'Dyer', 111, 180, 48, 50, 24, 14, 16, 1, 1268, 13, 3, 0, 0, 80),
(726, '2023', 'Patrick', 'Clark', 73, 172, 23, 37, 30, 22, 29, 0, 1302, 11, 8, 10, 3, 35),
(727, '2023', 'Kevin', 'Anderson', 100, 191, 17, 31, 23, 1, 0, 5, 716, 13, 10, 7, 2, 104),
(728, '2024', 'Dylan', 'Bean', 67, 205, 45, 6, 24, 58, 8, 6, 27, 19, 11, 4, 2, 98),
(729, '2023-2024', 'Brian', 'Richardson', 108, 200, 48, 33, 30, 11, 25, 3, 701, 0, 4, 0, 0, 67),
(730, '2024', 'Christopher', 'Clark', 98, 209, 18, 7, 28, 36, 22, 7, 2339, 14, 5, 1, 0, 25),
(731, '2024-2025', 'Kenneth', 'Richardson', 82, 197, 55, 1, 29, 20, 8, 6, 3149, 20, 5, 1, 2, 62),
(732, '2023-2024', 'Daniel', 'Nelson', 86, 200, 4, 23, 28, 38, 0, 9, 1616, 12, 3, 0, 3, 72),
(733, '2023', 'Jorge', 'Johnson', 102, 198, 18, 10, 30, 29, 4, 2, 27, 2, 14, 5, 4, 92),
(734, '2024', 'Seth', 'Pacheco', 68, 206, 23, 3, 28, 25, 7, 5, 701, 17, 13, 8, 2, 39),
(735, '2024-2025', 'Victor', 'Murray', 95, 194, 17, 24, 23, 60, 18, 9, 10, 19, 9, 5, 4, 49),
(736, '2023', 'Patrick', 'Moody', 69, 186, 18, 18, 25, 53, 15, 0, 5238, 14, 11, 6, 0, 52),
(737, '2024-2025', 'James', 'Paul', 74, 175, 17, 2, 30, 44, 15, 0, 1329, 20, 3, 2, 3, 30),
(738, '2024', 'Adam', 'Green', 67, 196, 45, 36, 21, 17, 14, 6, 564, 5, 11, 8, 0, 77),
(739, '2023', 'Gregory', 'Vazquez', 79, 188, 55, 15, 30, 43, 26, 10, 1268, 3, 11, 6, 1, 52),
(740, '2024-2025', 'Jeffrey', 'Rivera', 92, 217, 45, 44, 30, 59, 13, 2, 5235, 1, 5, 6, 0, 96),
(741, '2023-2024', 'Michael', 'White', 85, 179, 48, 24, 29, 37, 29, 6, 19, 17, 4, 9, 4, 2),
(742, '2023', 'Daniel', 'Haas', 94, 202, 18, 26, 24, 5, 15, 10, 2339, 7, 9, 6, 2, 84),
(743, '2023', 'Benjamin', 'Harris', 92, 206, 48, 50, 23, 50, 11, 3, 10, 3, 12, 6, 2, 76),
(744, '2023-2024', 'Christopher', 'Montgomery', 71, 206, 55, 49, 23, 6, 4, 1, 796, 12, 0, 0, 1, 100),
(745, '2024', 'Anthony', 'Lopez', 95, 194, 23, 21, 19, 26, 19, 9, 3129, 14, 12, 2, 4, 53),
(746, '2023-2024', 'John', 'Johnson', 68, 184, 48, 26, 20, 12, 18, 8, 723, 20, 9, 1, 4, 88),
(747, '2023-2024', 'Scott', 'Smith', 76, 211, 23, 15, 30, 5, 9, 8, 3007, 12, 6, 10, 3, 64),
(748, '2023', 'Garrett', 'West', 91, 210, 4, 35, 29, 48, 11, 4, 1266, 1, 8, 2, 4, 117),
(749, '2024', 'Ronald', 'Sanchez', 89, 183, 18, 8, 26, 42, 17, 10, 20, 11, 1, 6, 0, 4),
(750, '2024', 'Zachary', 'Bauer', 99, 178, 4, 39, 21, 42, 13, 4, 726, 4, 7, 9, 1, 106),
(751, '2023-2024', 'Hunter', 'Chase', 112, 179, 45, 5, 23, 13, 6, 3, 5235, 15, 15, 0, 5, 3),
(752, '2023-2024', 'Kevin', 'Leon', 92, 216, 45, 11, 29, 28, 6, 3, 6044, 5, 0, 1, 4, 3),
(753, '2023', 'Daniel', 'Jones', 71, 187, 4, 26, 27, 3, 24, 0, 5009, 8, 12, 5, 1, 0),
(754, '2023', 'Christopher', 'Phillips', 73, 205, 45, 29, 27, 47, 25, 10, 794, 4, 8, 7, 4, 54),
(755, '2023', 'Joshua', 'Knight', 76, 188, 55, 6, 22, 26, 12, 10, 910, 8, 3, 10, 1, 63),
(756, '2024', 'Matthew', 'Chapman', 73, 199, 17, 20, 25, 32, 25, 3, 910, 16, 8, 5, 1, 18),
(757, '2023-2024', 'Jeffrey', 'White', 88, 174, 55, 14, 21, 21, 8, 5, 723, 15, 12, 9, 2, 101),
(758, '2023-2024', 'Mitchell', 'Bennett', 105, 174, 4, 5, 21, 4, 1, 4, 26, 15, 14, 4, 5, 120),
(759, '2024-2025', 'Brian', 'Williams', 103, 178, 18, 27, 23, 9, 23, 10, 1065, 19, 6, 7, 3, 62),
(760, '2023', 'Matthew', 'Thompson', 79, 216, 48, 41, 26, 43, 0, 10, 916, 14, 1, 8, 5, 98),
(761, '2023-2024', 'Maxwell', 'Massey', 81, 204, 18, 13, 20, 33, 22, 3, 1230, 16, 14, 6, 4, 76),
(762, '2023-2024', 'Alex', 'Meyer', 64, 178, 17, 15, 25, 20, 12, 4, 1329, 12, 11, 5, 0, 3),
(763, '2024-2025', 'John', 'Mathis', 107, 207, 23, 17, 18, 55, 28, 0, 524, 1, 7, 1, 2, 46),
(764, '2024-2025', 'John', 'Vasquez', 103, 217, 45, 2, 19, 35, 23, 7, 3024, 19, 12, 1, 4, 27),
(765, '2024', 'Juan', 'Williams', 113, 183, 17, 19, 26, 38, 7, 6, 1066, 1, 14, 5, 3, 1),
(766, '2023-2024', 'Oscar', 'Jones', 95, 177, 18, 39, 28, 59, 24, 1, 1268, 0, 8, 1, 0, 99),
(767, '2024', 'Michael', 'Vincent', 71, 214, 23, 26, 22, 2, 5, 5, 100, 19, 10, 3, 3, 65),
(768, '2024-2025', 'Brian', 'Miller', 85, 189, 55, 34, 19, 42, 0, 6, 489, 7, 15, 8, 1, 80),
(769, '2024-2025', 'Kevin', 'Livingston', 79, 190, 23, 9, 22, 40, 29, 4, 2339, 7, 7, 6, 2, 29),
(770, '2023-2024', 'Stephen', 'Kidd', 115, 187, 23, 31, 21, 19, 26, 2, 1263, 3, 10, 8, 2, 80),
(771, '2024', 'John', 'Kim', 96, 202, 55, 14, 20, 38, 20, 2, 5008, 7, 7, 8, 1, 67),
(772, '2023-2024', 'Benjamin', 'Turner', 95, 220, 18, 15, 26, 48, 24, 9, 448, 10, 7, 5, 0, 46),
(773, '2023-2024', 'Jonathan', 'Wood', 107, 204, 45, 44, 18, 60, 1, 8, 691, 9, 0, 1, 4, 38),
(774, '2024-2025', 'Joseph', 'Case', 106, 191, 48, 40, 26, 34, 13, 5, 2336, 19, 11, 6, 5, 101),
(775, '2023-2024', 'Daniel', 'Parks', 117, 216, 48, 50, 21, 39, 8, 7, 718, 18, 14, 5, 4, 65),
(776, '2024', 'James', 'Price', 71, 180, 45, 8, 19, 37, 2, 7, 1125, 2, 9, 3, 1, 22),
(777, '2023', 'Randy', 'Bennett', 110, 186, 4, 7, 19, 39, 15, 9, 698, 2, 1, 6, 1, 104),
(778, '2023', 'Jeff', 'Brooks', 93, 189, 17, 21, 20, 48, 17, 10, 720, 19, 0, 5, 4, 75),
(779, '2023-2024', 'Alex', 'Glover', 99, 190, 48, 9, 25, 16, 14, 0, 691, 4, 12, 3, 2, 112),
(780, '2023', 'Jason', 'Butler', 98, 218, 55, 11, 29, 18, 30, 8, 520, 0, 13, 7, 3, 104),
(781, '2023', 'Barry', 'Dixon', 112, 211, 48, 25, 18, 43, 6, 4, 714, 16, 0, 0, 3, 0),
(782, '2023', 'Alexander', 'Carlson', 91, 196, 17, 43, 27, 31, 19, 9, 1271, 16, 8, 10, 5, 111),
(783, '2024-2025', 'Thomas', 'Mcintosh', 74, 184, 48, 47, 24, 11, 0, 6, 18, 15, 14, 5, 3, 99),
(784, '2023', 'Brian', 'Roberts', 102, 171, 4, 48, 25, 34, 17, 2, 10, 9, 0, 3, 0, 31),
(785, '2023', 'Jorge', 'Rosario', 66, 174, 23, 15, 19, 40, 22, 9, 11, 2, 15, 10, 3, 101),
(786, '2023-2024', 'Matthew', 'Bender', 111, 179, 23, 37, 19, 6, 29, 5, 714, 19, 3, 9, 4, 110),
(787, '2023', 'Steven', 'Brown', 118, 214, 17, 18, 18, 13, 25, 3, 682, 0, 13, 6, 2, 66),
(788, '2024', 'Paul', 'Foster', 113, 197, 23, 21, 30, 39, 8, 4, 1132, 15, 11, 5, 3, 49),
(789, '2024-2025', 'Jason', 'James', 98, 193, 55, 31, 25, 51, 12, 7, 1615, 18, 3, 6, 1, 112),
(790, '2023', 'Nicholas', 'Hess', 109, 171, 45, 48, 18, 31, 29, 4, 2263, 8, 6, 7, 1, 72),
(791, '2024', 'Brian', 'Guerrero', 73, 213, 23, 12, 23, 8, 12, 5, 3764, 9, 15, 2, 0, 31),
(792, '2023-2024', 'David', 'Lopez', 63, 191, 48, 4, 22, 55, 27, 2, 2329, 10, 11, 0, 5, 105),
(793, '2023-2024', 'Christopher', 'Tucker', 89, 170, 45, 34, 28, 32, 25, 6, 1317, 1, 15, 6, 1, 34),
(794, '2024-2025', 'Rodney', 'Haynes', 95, 217, 45, 47, 25, 34, 25, 2, 3152, 13, 7, 5, 2, 101),
(795, '2024', 'William', 'Wiley', 104, 184, 4, 3, 27, 56, 1, 7, 1276, 3, 11, 3, 5, 51),
(796, '2023-2024', 'Jacob', 'Terrell', 96, 193, 4, 23, 24, 3, 22, 10, 17, 4, 4, 3, 4, 67),
(797, '2023-2024', 'George', 'Davidson', 78, 192, 4, 5, 21, 9, 6, 10, 614, 9, 2, 10, 4, 79),
(798, '2023', 'Thomas', 'Eaton', 70, 213, 17, 16, 25, 40, 12, 4, 4769, 15, 15, 10, 4, 1),
(799, '2024-2025', 'Troy', 'Bailey', 82, 196, 4, 4, 28, 29, 1, 8, 3150, 8, 3, 3, 2, 50),
(800, '2024', 'Matthew', 'Hodges', 116, 198, 23, 23, 25, 30, 29, 10, 1230, 16, 6, 6, 4, 112),
(801, '2023-2024', 'Charles', 'Johnson', 117, 193, 45, 32, 20, 53, 30, 3, 279, 1, 10, 8, 2, 99),
(802, '2024', 'Jimmy', 'Ware', 96, 220, 48, 26, 20, 47, 5, 3, 608, 18, 1, 1, 3, 19),
(803, '2023-2024', 'Travis', 'Sparks', 76, 219, 18, 10, 25, 6, 8, 5, 1065, 1, 14, 10, 3, 10),
(804, '2024-2025', 'Donald', 'Lee', 119, 215, 45, 47, 26, 15, 4, 5, 706, 13, 0, 5, 4, 47),
(805, '2023', 'Michael', 'Bowman', 89, 208, 18, 41, 24, 5, 27, 1, 720, 20, 7, 3, 0, 63),
(806, '2023-2024', 'Robert', 'Kirby', 100, 198, 18, 25, 24, 10, 24, 3, 5920, 17, 6, 4, 2, 72),
(807, '2024-2025', 'Gregory', 'Matthews', 96, 180, 17, 19, 20, 16, 28, 1, 2338, 13, 8, 9, 2, 40),
(808, '2023', 'Donald', 'Rowe', 110, 199, 18, 32, 22, 33, 1, 3, 522, 10, 9, 7, 5, 66),
(809, '2023', 'Eric', 'Norris', 87, 196, 55, 3, 22, 33, 12, 10, 3768, 11, 13, 1, 3, 28),
(810, '2024-2025', 'Luis', 'Mendoza', 90, 211, 4, 4, 28, 11, 10, 9, 5007, 13, 3, 8, 5, 10),
(811, '2024-2025', 'Bobby', 'Hanson', 101, 195, 17, 35, 27, 13, 29, 4, 526, 2, 6, 0, 0, 88),
(812, '2024-2025', 'Ricky', 'Trujillo', 60, 216, 48, 49, 23, 43, 25, 1, 2337, 14, 10, 0, 4, 18),
(813, '2023-2024', 'Jonathan', 'Jackson', 61, 198, 48, 5, 18, 36, 22, 4, 726, 15, 7, 4, 3, 118),
(814, '2023-2024', 'Darius', 'Velasquez', 104, 186, 4, 23, 30, 42, 9, 3, 529, 2, 2, 10, 4, 118),
(815, '2023', 'Glenn', 'Elliott', 105, 189, 23, 35, 18, 8, 19, 10, 1066, 13, 15, 9, 2, 68),
(816, '2023', 'Karl', 'Short', 106, 183, 17, 47, 20, 35, 3, 3, 300, 6, 7, 8, 1, 36),
(817, '2023-2024', 'Joshua', 'Carlson', 88, 188, 45, 31, 21, 1, 8, 6, 552, 15, 4, 8, 2, 60),
(818, '2024-2025', 'Mark', 'Holland', 119, 209, 45, 34, 25, 16, 9, 7, 2330, 17, 14, 4, 0, 103),
(819, '2024-2025', 'Jeffrey', 'Wallace', 63, 212, 48, 28, 22, 7, 19, 1, 1139, 11, 5, 2, 4, 53),
(820, '2024-2025', 'Raymond', 'Ford', 104, 174, 55, 43, 23, 14, 18, 10, 11, 1, 6, 10, 4, 31),
(821, '2023-2024', 'Russell', 'Rice', 64, 174, 48, 12, 25, 32, 11, 6, 3765, 2, 5, 2, 3, 69),
(822, '2023', 'Donald', 'Butler', 82, 179, 55, 9, 27, 34, 26, 5, 100, 2, 15, 1, 0, 22),
(823, '2023', 'Eric', 'Weber', 61, 187, 55, 9, 25, 15, 0, 0, 3135, 5, 0, 6, 4, 40),
(824, '2024', 'Jonathan', 'Holt', 112, 184, 48, 38, 23, 57, 3, 3, 714, 16, 11, 8, 3, 0),
(825, '2024-2025', 'Jason', 'Rodriguez', 80, 190, 48, 37, 23, 30, 19, 5, 730, 8, 9, 6, 4, 10),
(826, '2024-2025', 'Darryl', 'Murray', 96, 179, 45, 37, 20, 13, 14, 3, 5981, 0, 12, 7, 2, 21),
(827, '2023-2024', 'Matthew', 'Lee', 71, 199, 17, 35, 21, 17, 30, 10, 3024, 13, 5, 7, 5, 49),
(828, '2024-2025', 'Eric', 'Bradley', 63, 209, 17, 30, 24, 11, 30, 7, 3137, 8, 9, 10, 4, 116),
(829, '2023', 'Christopher', 'Navarro', 105, 201, 48, 19, 20, 35, 15, 8, 705, 5, 15, 7, 5, 116),
(830, '2024', 'Jeffery', 'Brown', 114, 180, 45, 11, 18, 40, 3, 4, 1800, 5, 3, 6, 0, 98),
(831, '2023', 'Christopher', 'Hernandez', 90, 187, 4, 14, 27, 29, 0, 6, 722, 13, 11, 1, 1, 49),
(832, '2024', 'William', 'Case', 108, 171, 17, 16, 29, 51, 26, 8, 1792, 11, 12, 8, 0, 80),
(833, '2023', 'Michael', 'Morales', 96, 185, 48, 41, 25, 56, 30, 1, 1698, 11, 10, 0, 2, 103),
(834, '2023', 'Joseph', 'Morris', 115, 170, 48, 34, 21, 47, 20, 6, 1389, 5, 2, 10, 1, 103),
(835, '2023-2024', 'Angel', 'Clark', 96, 209, 17, 12, 21, 55, 3, 1, 1800, 2, 8, 3, 1, 66),
(836, '2023', 'Andrew', 'Hoffman', 105, 218, 55, 36, 18, 31, 3, 10, 3768, 14, 2, 5, 2, 63),
(837, '2024', 'Tanner', 'Franco', 102, 183, 45, 2, 26, 8, 13, 5, 1389, 13, 12, 2, 1, 107),
(838, '2023-2024', 'Donald', 'Lewis', 114, 177, 4, 44, 19, 34, 7, 10, 1792, 3, 0, 2, 5, 12),
(839, '2023-2024', 'Derek', 'Richardson', 62, 201, 23, 3, 18, 14, 27, 6, 2264, 1, 15, 8, 0, 114),
(840, '2024', 'Nicholas', 'Mendoza', 117, 194, 4, 27, 20, 25, 3, 1, 700, 4, 10, 3, 5, 79),
(841, '2024-2025', 'Anthony', 'Murphy', 112, 219, 45, 33, 22, 1, 24, 1, 106, 5, 6, 8, 5, 0),
(842, '2023-2024', 'Donald', 'Murray', 83, 185, 45, 31, 22, 12, 30, 5, 2340, 20, 15, 2, 0, 72),
(843, '2023', 'Adam', 'Scott', 102, 199, 45, 19, 19, 20, 6, 7, 1276, 4, 13, 5, 5, 0),
(844, '2024', 'Michael', 'Garrett', 107, 182, 45, 44, 27, 19, 9, 6, 790, 3, 12, 7, 0, 70),
(845, '2024', 'Victor', 'Reed', 102, 183, 55, 5, 26, 40, 16, 9, 3136, 4, 8, 8, 2, 91),
(846, '2023-2024', 'Daniel', 'Harris', 68, 202, 48, 34, 20, 27, 29, 4, 27, 1, 7, 1, 0, 20),
(847, '2023', 'Matthew', 'Gallagher', 99, 212, 17, 23, 26, 12, 2, 9, 1317, 11, 2, 4, 3, 14),
(848, '2024', 'James', 'Lindsey', 64, 180, 18, 5, 19, 15, 5, 9, 3149, 3, 9, 7, 5, 76),
(849, '2024-2025', 'Jamie', 'Richard', 94, 219, 48, 10, 28, 26, 11, 1, 590, 4, 4, 10, 2, 51),
(850, '2023-2024', 'Jason', 'Miller', 114, 181, 55, 10, 20, 10, 11, 2, 1389, 17, 9, 4, 1, 1),
(851, '2023-2024', 'Jeffrey', 'Figueroa', 61, 188, 48, 12, 20, 42, 5, 8, 1068, 8, 12, 3, 0, 38),
(852, '2023', 'Michael', 'Lane', 88, 198, 23, 48, 30, 55, 22, 7, 552, 1, 10, 2, 3, 53),
(853, '2024', 'Joshua', 'Lawrence', 114, 189, 17, 46, 27, 34, 28, 5, 2315, 6, 0, 7, 2, 111),
(854, '2023', 'George', 'Gonzales', 62, 197, 17, 21, 21, 25, 3, 10, 3151, 16, 9, 8, 3, 62),
(855, '2023-2024', 'John', 'Stephens', 62, 179, 17, 15, 20, 6, 6, 8, 521, 0, 7, 8, 2, 80),
(856, '2023-2024', 'Andre', 'Hansen', 101, 210, 18, 13, 29, 28, 10, 6, 1271, 19, 12, 9, 5, 57),
(857, '2024-2025', 'Glenn', 'Oneal', 102, 194, 17, 2, 24, 52, 26, 7, 5235, 3, 5, 4, 5, 19),
(858, '2024', 'Eric', 'Sanders', 100, 208, 48, 18, 22, 16, 19, 10, 728, 20, 1, 2, 2, 8),
(859, '2024-2025', 'Frederick', 'Allen', 73, 210, 17, 33, 28, 25, 20, 0, 19, 4, 10, 0, 3, 25),
(860, '2024', 'William', 'Price', 91, 192, 4, 49, 26, 44, 0, 3, 550, 19, 11, 3, 3, 39),
(861, '2024-2025', 'Peter', 'Mooney', 92, 178, 18, 26, 24, 24, 7, 0, 2341, 12, 12, 1, 0, 50),
(862, '2023', 'Michael', 'Maxwell', 87, 176, 18, 9, 23, 42, 7, 8, 610, 18, 12, 0, 0, 37),
(863, '2024', 'Brandon', 'Phillips', 81, 187, 23, 1, 24, 10, 15, 3, 701, 18, 5, 7, 4, 86),
(864, '2023-2024', 'Robert', 'Wells', 63, 216, 45, 2, 29, 9, 16, 6, 3419, 14, 5, 10, 1, 66),
(865, '2023', 'Philip', 'Rodriguez', 64, 217, 23, 48, 27, 6, 15, 8, 526, 4, 15, 0, 5, 26),
(866, '2023', 'James', 'Green', 70, 184, 45, 41, 19, 37, 24, 5, 1264, 10, 11, 5, 3, 78),
(867, '2024', 'James', 'Garcia', 87, 219, 17, 13, 18, 8, 18, 10, 16, 4, 7, 7, 3, 53),
(868, '2023-2024', 'Anthony', 'Mcmillan', 90, 195, 17, 43, 21, 39, 29, 4, 1267, 6, 0, 0, 0, 32),
(869, '2023-2024', 'Robert', 'Smith', 89, 184, 4, 18, 22, 58, 22, 6, 714, 4, 11, 5, 3, 83),
(870, '2024-2025', 'Jason', 'Barber', 105, 211, 48, 22, 29, 44, 21, 3, 2333, 6, 13, 7, 3, 112),
(871, '2024', 'Zachary', 'Villarreal', 91, 203, 45, 6, 23, 18, 1, 1, 523, 8, 7, 10, 4, 115),
(872, '2023-2024', 'James', 'Smith', 118, 180, 17, 27, 23, 6, 8, 4, 3419, 5, 5, 4, 1, 91),
(873, '2023-2024', 'Ronald', 'Ramos', 66, 178, 48, 42, 28, 28, 23, 2, 715, 17, 15, 5, 5, 57),
(874, '2024', 'Mark', 'Hanson', 61, 203, 55, 15, 21, 38, 17, 8, 3131, 18, 1, 9, 2, 84),
(875, '2024-2025', 'Paul', 'Simmons', 104, 186, 18, 7, 18, 52, 22, 9, 1268, 2, 12, 5, 1, 78),
(876, '2023-2024', 'Kevin', 'Richardson', 111, 206, 48, 10, 18, 1, 4, 6, 706, 9, 6, 1, 5, 85),
(877, '2024-2025', 'Michael', 'Ford', 107, 190, 55, 23, 27, 33, 3, 10, 534, 1, 14, 3, 1, 1),
(878, '2024-2025', 'Tony', 'Brown', 108, 195, 55, 16, 24, 21, 29, 7, 1066, 12, 2, 0, 1, 68),
(879, '2023', 'Michael', 'Murillo', 68, 173, 17, 36, 26, 5, 25, 3, 3146, 18, 9, 4, 2, 45),
(880, '2023-2024', 'Gary', 'Dean', 65, 192, 45, 26, 23, 7, 17, 3, 705, 1, 11, 5, 2, 100),
(881, '2023-2024', 'Charles', 'Ryan', 84, 183, 23, 3, 30, 1, 19, 8, 702, 15, 3, 2, 1, 32),
(882, '2023', 'Corey', 'Lucas', 110, 209, 48, 27, 24, 30, 29, 3, 100, 1, 2, 3, 2, 80),
(883, '2023-2024', 'Nathan', 'Schultz', 101, 200, 45, 5, 26, 36, 27, 4, 2336, 16, 9, 10, 1, 99),
(884, '2024-2025', 'Nicholas', 'Howard', 88, 179, 18, 26, 26, 43, 28, 8, 700, 14, 2, 0, 2, 114),
(885, '2023-2024', 'Logan', 'Thomas', 83, 184, 18, 34, 26, 15, 4, 8, 728, 13, 11, 8, 4, 26),
(886, '2024', 'Michael', 'Anderson', 116, 207, 4, 24, 21, 17, 9, 1, 713, 3, 10, 6, 0, 35),
(887, '2023-2024', 'William', 'Wood', 73, 196, 45, 6, 22, 58, 18, 0, 703, 10, 14, 3, 4, 41),
(888, '2023-2024', 'Adam', 'Roberts', 63, 206, 48, 12, 26, 53, 1, 9, 2338, 7, 12, 7, 3, 90),
(889, '2023', 'Corey', 'Burke', 64, 199, 55, 10, 22, 4, 7, 2, 1792, 1, 1, 4, 5, 95),
(890, '2024-2025', 'John', 'Nguyen', 88, 201, 18, 1, 30, 15, 15, 0, 1272, 14, 3, 7, 2, 24),
(891, '2024', 'Charles', 'Watson', 78, 171, 17, 33, 19, 6, 1, 9, 552, 17, 10, 9, 5, 73),
(892, '2024-2025', 'Patrick', 'Mitchell', 80, 206, 4, 33, 27, 19, 28, 6, 448, 4, 8, 4, 4, 36),
(893, '2023-2024', 'James', 'Gibson', 115, 198, 18, 8, 19, 30, 26, 6, 729, 10, 0, 1, 0, 58),
(894, '2023-2024', 'Jordan', 'Powell', 76, 183, 4, 22, 30, 59, 11, 10, 1304, 7, 11, 1, 2, 15),
(895, '2023', 'Brent', 'Rose', 120, 215, 4, 18, 29, 50, 4, 3, 480, 7, 9, 8, 1, 117),
(896, '2024', 'Jacob', 'Young', 100, 173, 55, 47, 29, 56, 5, 3, 18, 4, 14, 3, 2, 7),
(897, '2023', 'Jason', 'Mendez', 64, 178, 48, 48, 24, 57, 7, 8, 3154, 7, 14, 2, 4, 57),
(898, '2024-2025', 'Robert', 'Thompson', 65, 196, 18, 31, 30, 23, 17, 6, 5007, 1, 11, 4, 1, 2),
(899, '2024', 'Andrew', 'Melton', 90, 206, 23, 24, 23, 40, 5, 6, 687, 20, 1, 7, 3, 96),
(900, '2024-2025', 'Zachary', 'Adams', 86, 200, 4, 10, 20, 6, 24, 6, 680, 17, 2, 9, 1, 74),
(901, '2024', 'Julian', 'Chapman', 71, 194, 17, 8, 28, 29, 20, 9, 308, 1, 7, 5, 5, 115),
(902, '2023', 'Gregory', 'Houston', 111, 190, 45, 34, 30, 30, 27, 0, 5235, 6, 14, 0, 3, 39),
(903, '2023-2024', 'Michael', 'Anderson', 101, 219, 23, 9, 30, 58, 19, 6, 720, 1, 2, 3, 1, 102),
(904, '2023-2024', 'William', 'Murray', 83, 174, 4, 43, 20, 25, 28, 1, 17, 20, 8, 3, 2, 48),
(905, '2023', 'Brian', 'Vang', 65, 218, 4, 8, 30, 57, 7, 10, 1125, 7, 2, 6, 2, 87),
(906, '2023', 'Joseph', 'Brown', 109, 185, 17, 17, 23, 2, 10, 7, 528, 6, 5, 5, 3, 12),
(907, '2024', 'Philip', 'Ford', 63, 191, 55, 15, 19, 26, 18, 1, 709, 1, 15, 2, 2, 117),
(908, '2024', 'Michael', 'Conner', 95, 203, 4, 47, 24, 17, 7, 3, 3152, 17, 15, 9, 0, 71),
(909, '2023-2024', 'Steven', 'Melendez', 76, 205, 45, 21, 30, 49, 8, 5, 1616, 8, 5, 10, 5, 103),
(910, '2024', 'David', 'Foster', 118, 179, 17, 20, 29, 17, 1, 5, 721, 0, 0, 0, 1, 36),
(911, '2023', 'William', 'Velasquez', 105, 206, 55, 39, 24, 5, 17, 6, 448, 5, 4, 6, 2, 1),
(912, '2024', 'Daniel', 'Wilson', 69, 206, 55, 50, 27, 17, 11, 7, 631, 0, 8, 9, 5, 115),
(913, '2023-2024', 'John', 'Stanton', 84, 219, 18, 39, 30, 15, 3, 5, 728, 15, 15, 8, 1, 87),
(914, '2024', 'Richard', 'Thompson', 89, 211, 55, 45, 28, 58, 7, 4, 3769, 8, 8, 8, 2, 39),
(915, '2023', 'Troy', 'Jones', 114, 194, 55, 35, 21, 25, 24, 0, 5561, 12, 7, 4, 3, 64),
(916, '2024', 'Danny', 'Jordan', 77, 183, 18, 32, 21, 53, 28, 8, 1792, 8, 0, 8, 5, 61),
(917, '2024-2025', 'David', 'Wells', 68, 218, 4, 50, 18, 31, 20, 8, 1267, 4, 6, 5, 3, 119),
(918, '2024-2025', 'Brian', 'Mcdonald', 102, 216, 17, 5, 19, 50, 29, 7, 3769, 9, 8, 2, 1, 103),
(919, '2023-2024', 'Travis', 'Moran', 69, 182, 18, 26, 28, 59, 11, 9, 5923, 16, 14, 6, 2, 116),
(920, '2024', 'Kevin', 'Navarro', 104, 187, 4, 39, 28, 50, 12, 7, 1329, 7, 6, 0, 4, 94),
(921, '2023-2024', 'James', 'Williams', 99, 186, 45, 34, 19, 21, 20, 6, 718, 17, 6, 1, 3, 43),
(922, '2023', 'William', 'Mann', 75, 172, 45, 35, 21, 27, 24, 4, 1329, 1, 2, 6, 0, 108),
(923, '2024', 'Alan', 'Cherry', 108, 215, 17, 8, 27, 20, 21, 9, 702, 13, 5, 3, 3, 45),
(924, '2023-2024', 'Douglas', 'Bowman', 95, 210, 45, 14, 23, 0, 9, 1, 726, 18, 7, 1, 1, 26),
(925, '2023', 'Aaron', 'Smith', 111, 182, 17, 37, 26, 9, 0, 0, 613, 7, 8, 7, 5, 54),
(926, '2024-2025', 'Kevin', 'Armstrong', 65, 216, 18, 27, 28, 13, 18, 1, 25, 9, 13, 4, 4, 106),
(927, '2024-2025', 'Bruce', 'Powell', 100, 197, 18, 48, 22, 24, 6, 5, 1304, 18, 0, 6, 4, 62),
(928, '2023-2024', 'Dakota', 'Mendez', 70, 212, 23, 2, 30, 4, 21, 3, 6158, 10, 4, 6, 4, 16),
(929, '2023', 'Mark', 'Jackson', 76, 190, 45, 15, 29, 55, 14, 0, 617, 6, 2, 0, 3, 75),
(930, '2024', 'Brent', 'Rodriguez', 85, 176, 17, 20, 25, 23, 1, 5, 933, 8, 7, 0, 4, 65),
(931, '2024', 'Brett', 'Carr', 72, 196, 4, 41, 30, 47, 17, 8, 110, 3, 2, 2, 2, 35),
(932, '2024', 'Vincent', 'Curry', 90, 175, 23, 32, 26, 51, 2, 9, 1792, 14, 2, 8, 4, 61),
(933, '2023', 'Daniel', 'Thompson', 95, 192, 45, 20, 24, 50, 5, 3, 696, 3, 3, 4, 3, 73),
(934, '2024', 'Barry', 'Taylor', 91, 171, 4, 11, 22, 5, 25, 9, 3151, 15, 11, 2, 1, 9),
(935, '2023', 'John', 'Olsen', 76, 176, 4, 4, 24, 51, 20, 7, 1305, 14, 8, 3, 4, 21),
(936, '2023-2024', 'Anthony', 'Carey', 94, 188, 45, 27, 29, 35, 29, 10, 3129, 1, 1, 8, 4, 24),
(937, '2023-2024', 'Randall', 'Brown', 98, 199, 55, 3, 29, 8, 10, 4, 2335, 7, 6, 8, 1, 43),
(938, '2024', 'Adam', 'Banks', 103, 209, 18, 28, 23, 1, 11, 8, 3136, 11, 5, 7, 3, 7),
(939, '2023-2024', 'David', 'Gomez', 61, 173, 55, 15, 18, 16, 7, 7, 1276, 20, 15, 3, 2, 67),
(940, '2023-2024', 'Robert', 'Huang', 78, 184, 18, 13, 23, 56, 18, 2, 3769, 10, 15, 3, 5, 2),
(941, '2024', 'Jason', 'Huerta', 96, 175, 4, 37, 23, 16, 14, 0, 3419, 19, 2, 10, 0, 13),
(942, '2023', 'Evan', 'Allen', 86, 219, 18, 20, 27, 35, 24, 1, 2330, 3, 0, 4, 5, 23),
(943, '2024', 'Joel', 'Clark', 105, 202, 48, 7, 20, 58, 19, 2, 687, 13, 8, 5, 3, 117),
(944, '2023-2024', 'Charles', 'Lowe', 107, 189, 55, 46, 26, 8, 28, 2, 3769, 8, 15, 9, 1, 55),
(945, '2024', 'John', 'Garcia', 67, 207, 17, 11, 19, 51, 18, 8, 464, 10, 6, 2, 3, 82),
(946, '2024-2025', 'Thomas', 'Conrad', 103, 172, 17, 2, 27, 59, 26, 3, 1271, 16, 0, 5, 5, 21),
(947, '2024', 'Jason', 'Mccormick', 82, 217, 18, 46, 18, 52, 19, 3, 711, 0, 3, 3, 4, 9),
(948, '2024', 'Douglas', 'Smith', 85, 219, 48, 33, 22, 24, 22, 7, 3146, 8, 6, 4, 4, 27),
(949, '2024-2025', 'Caleb', 'Jones', 88, 201, 45, 10, 30, 47, 13, 8, 3024, 17, 12, 6, 3, 42),
(950, '2023-2024', 'Ryan', 'Hernandez', 111, 187, 17, 15, 18, 28, 5, 7, 3144, 3, 11, 0, 2, 63),
(951, '2024', 'Thomas', 'Wall', 79, 196, 48, 15, 25, 32, 2, 5, 2339, 20, 0, 0, 2, 98),
(952, '2024-2025', 'Marc', 'Jackson', 78, 210, 17, 22, 27, 51, 15, 5, 1302, 16, 2, 9, 3, 85),
(953, '2023', 'Michael', 'Fields', 67, 190, 4, 13, 27, 3, 18, 2, 3770, 2, 6, 9, 4, 28),
(954, '2023-2024', 'Robert', 'Velasquez', 67, 184, 45, 37, 28, 43, 18, 8, 3419, 1, 9, 5, 1, 20),
(955, '2024-2025', 'Scott', 'Padilla', 99, 207, 18, 48, 19, 44, 1, 4, 1065, 14, 4, 5, 5, 12),
(956, '2024-2025', 'Robert', 'Hudson', 97, 203, 4, 44, 24, 15, 20, 9, 3765, 0, 4, 5, 2, 20),
(957, '2023', 'Gregory', 'Carter', 77, 203, 18, 40, 22, 58, 23, 2, 2334, 15, 8, 4, 4, 60),
(958, '2023', 'Vincent', 'Gibson', 105, 216, 48, 9, 30, 27, 14, 10, 783, 16, 13, 6, 2, 67),
(959, '2024-2025', 'Nathaniel', 'Allen', 87, 203, 48, 23, 23, 15, 15, 0, 522, 11, 3, 0, 3, 53),
(960, '2024-2025', 'James', 'Goodman', 64, 190, 45, 6, 21, 20, 2, 9, 706, 4, 14, 1, 1, 92),
(961, '2023', 'Joseph', 'Munoz', 116, 190, 48, 19, 29, 44, 25, 9, 5561, 7, 11, 2, 4, 68),
(962, '2023-2024', 'Shawn', 'Kim', 119, 215, 48, 33, 28, 16, 18, 0, 680, 9, 14, 8, 1, 45),
(963, '2024-2025', 'Tom', 'Reilly', 102, 182, 45, 7, 26, 9, 13, 10, 1329, 8, 12, 8, 3, 100),
(964, '2024', 'Damon', 'Tyler', 73, 186, 48, 13, 27, 56, 23, 8, 1132, 14, 12, 7, 3, 9),
(965, '2023-2024', 'Wyatt', 'Cruz', 72, 211, 45, 26, 22, 11, 20, 0, 5920, 10, 11, 8, 4, 88),
(966, '2024', 'Nicholas', 'Wright', 98, 201, 17, 26, 18, 24, 6, 6, 110, 13, 13, 4, 0, 108),
(967, '2023-2024', 'Thomas', 'Bond', 63, 199, 45, 18, 27, 12, 9, 1, 933, 4, 0, 6, 0, 43),
(968, '2024-2025', 'Herbert', 'Gray', 61, 207, 18, 4, 21, 7, 2, 7, 2332, 3, 10, 3, 2, 0),
(969, '2024-2025', 'Billy', 'Peters', 64, 180, 45, 49, 25, 6, 1, 0, 711, 20, 12, 6, 5, 78),
(970, '2023', 'Timothy', 'Yoder', 73, 189, 17, 7, 24, 37, 18, 3, 3131, 17, 7, 10, 5, 82),
(971, '2024', 'Jake', 'Berry', 105, 204, 45, 35, 20, 24, 1, 7, 3137, 5, 1, 8, 0, 66),
(972, '2023-2024', 'Jared', 'Gray', 97, 206, 4, 6, 21, 46, 12, 9, 1800, 10, 8, 4, 2, 30),
(973, '2024', 'Evan', 'Foster', 102, 209, 55, 17, 27, 0, 2, 5, 723, 6, 1, 5, 1, 5),
(974, '2024-2025', 'Fred', 'Watson', 88, 214, 45, 8, 30, 58, 21, 8, 464, 4, 7, 8, 2, 45),
(975, '2023-2024', 'Peter', 'Ruiz', 83, 209, 4, 45, 26, 0, 24, 1, 3764, 16, 11, 8, 4, 53),
(976, '2024-2025', 'Adam', 'Norton', 75, 173, 18, 42, 30, 47, 7, 3, 5238, 15, 10, 8, 0, 15),
(977, '2023-2024', 'Steven', 'Ortiz', 116, 175, 45, 46, 26, 31, 2, 10, 1264, 15, 7, 5, 2, 6),
(978, '2024', 'Douglas', 'Shaffer', 70, 187, 23, 37, 30, 26, 15, 7, 700, 10, 6, 4, 3, 50),
(979, '2024', 'Randall', 'Lee', 81, 188, 18, 37, 26, 4, 0, 2, 2334, 11, 0, 1, 5, 39),
(980, '2024', 'David', 'Hinton', 117, 207, 17, 14, 29, 4, 19, 6, 610, 14, 2, 9, 4, 35),
(981, '2024', 'Keith', 'Mendoza', 110, 206, 4, 24, 27, 36, 17, 4, 720, 16, 7, 1, 4, 101),
(982, '2024-2025', 'Stephen', 'Lee', 60, 197, 45, 23, 22, 30, 22, 4, 914, 3, 9, 2, 4, 40),
(983, '2023', 'Anthony', 'Vazquez', 116, 202, 17, 17, 21, 33, 3, 0, 1266, 17, 0, 10, 5, 8),
(984, '2024-2025', 'James', 'Matthews', 86, 174, 18, 23, 21, 38, 28, 7, 2339, 7, 13, 5, 0, 88),
(985, '2023-2024', 'Benjamin', 'Wells', 98, 220, 18, 14, 19, 46, 11, 9, 1125, 19, 14, 0, 5, 22),
(986, '2023', 'Harold', 'Hall', 106, 217, 17, 20, 27, 35, 16, 10, 5238, 9, 14, 0, 4, 104),
(987, '2023', 'James', 'Bowen', 103, 212, 48, 8, 25, 13, 7, 8, 529, 2, 12, 8, 0, 25),
(988, '2024-2025', 'Brian', 'Alvarado', 120, 183, 48, 49, 29, 25, 0, 1, 525, 10, 8, 4, 5, 15),
(989, '2024-2025', 'Luis', 'Martinez', 61, 217, 45, 13, 27, 41, 26, 2, 698, 2, 2, 8, 2, 62),
(990, '2023-2024', 'Eric', 'Pearson', 74, 193, 48, 50, 24, 31, 8, 1, 10, 16, 4, 0, 4, 118),
(991, '2024', 'John', 'Holland', 120, 216, 23, 11, 20, 19, 13, 9, 523, 1, 9, 6, 1, 29),
(992, '2023', 'Joseph', 'Rodriguez', 77, 197, 17, 27, 26, 24, 8, 1, 4773, 14, 10, 7, 4, 88),
(993, '2024', 'Douglas', 'Frederick', 80, 220, 17, 43, 24, 37, 6, 5, 699, 9, 11, 8, 1, 99),
(994, '2023-2024', 'Johnny', 'Rodriguez', 95, 187, 48, 29, 28, 46, 29, 4, 5981, 12, 0, 7, 5, 46),
(995, '2024', 'Jeremy', 'Clark', 101, 192, 45, 21, 30, 58, 8, 3, 534, 2, 4, 9, 3, 26),
(996, '2024-2025', 'Thomas', 'Powers', 63, 180, 23, 4, 29, 59, 27, 10, 279, 10, 3, 7, 1, 89),
(997, '2023-2024', 'Kevin', 'Shepard', 119, 219, 23, 5, 19, 28, 5, 1, 616, 19, 4, 10, 5, 117),
(998, '2024', 'Paul', 'Wilson', 102, 185, 45, 20, 24, 38, 21, 5, 700, 11, 4, 9, 1, 111),
(999, '2024', 'Charles', 'Mclaughlin', 72, 180, 55, 42, 22, 12, 7, 5, 5920, 4, 2, 4, 5, 69),
(1000, '2023-2024', 'Tyler', 'Mccall', 92, 179, 55, 45, 21, 56, 5, 10, 612, 10, 6, 5, 4, 46);

-- --------------------------------------------------------

--
-- Struttura della tabella `standings`
--

CREATE TABLE `standings` (
  `ID_league` int(11) NOT NULL,
  `season` varchar(11) NOT NULL,
  `position` int(11) NOT NULL,
  `group_name` varchar(15) NOT NULL,
  `ID_team` int(11) NOT NULL,
  `played` int(11) NOT NULL,
  `win` int(11) NOT NULL,
  `perc_win` float NOT NULL,
  `lose` int(11) NOT NULL,
  `perc_lose` float NOT NULL,
  `points_for` int(11) NOT NULL,
  `points_against` int(11) NOT NULL,
  `description` text NOT NULL
) ENGINE=InnoDB DEFAULT CHARSET=utf8 COLLATE=utf8_unicode_ci;

--
-- Dump dei dati per la tabella `standings`
--

INSERT INTO `standings` (`ID_league`, `season`, `position`, `group_name`, `ID_team`, `played`, `win`, `perc_win`, `lose`, `perc_lose`, `points_for`, `points_against`, `description`) VALUES
(2, '2022-2023', 4, 'Regular Season', 10, 33, 21, 0.636, 12, 0.364, 2868, 2772, 'Promotion - LNB (Play Offs: Quarter-finals)'),
(2, '2022-2023', 12, 'Regular Season', 11, 33, 14, 0.424, 19, 0.576, 2616, 2629, 'None'),
(2, '2022-2023', 1, 'Regular Season', 16, 33, 26, 0.788, 7, 0.212, 2959, 2653, 'Promotion - LNB (Play Offs: Quarter-finals)'),
(2, '2022-2023', 9, 'Regular Season', 17, 33, 16, 0.485, 17, 0.515, 2607, 2664, 'None'),
(2, '2022-2023', 7, 'Regular Season', 18, 33, 18, 0.545, 15, 0.455, 2709, 2722, 'Promotion - LNB (Play Offs: Quarter-finals)'),
(2, '2022-2023', 11, 'Regular Season', 19, 33, 15, 0.455, 18, 0.545, 3023, 3005, 'None'),
(2, '2022-2023', 13, 'Regular Season', 21, 33, 14, 0.424, 19, 0.576, 2635, 2751, 'None'),
(2, '2022-2023', 6, 'Regular Season', 23, 33, 18, 0.545, 15, 0.455, 2917, 2781, 'Promotion - LNB (Play Offs: Quarter-finals)'),
(2, '2022-2023', 5, 'Regular Season', 24, 33, 19, 0.576, 14, 0.424, 2832, 2781, 'Promotion - LNB (Play Offs: Quarter-finals)'),
(2, '2022-2023', 10, 'Regular Season', 25, 33, 16, 0.485, 17, 0.515, 2704, 2701, 'None'),
(2, '2022-2023', 3, 'Regular Season', 26, 33, 21, 0.656, 12, 0.344, 2841, 2545, 'Promotion - LNB (Play Offs: Quarter-finals)'),
(2, '2022-2023', 15, 'Regular Season', 27, 33, 13, 0.394, 20, 0.606, 2579, 2714, 'None'),
(2, '2022-2023', 16, 'Regular Season', 95, 33, 13, 0.394, 20, 0.606, 2703, 2876, 'None'),
(2, '2022-2023', 14, 'Regular Season', 100, 33, 13, 0.394, 20, 0.606, 2696, 2768, 'None'),
(2, '2022-2023', 8, 'Regular Season', 108, 33, 16, 0.485, 17, 0.515, 2899, 2966, 'Promotion - LNB (Play Offs: Quarter-finals)'),
(2, '2022-2023', 18, 'Regular Season', 110, 33, 10, 0.303, 23, 0.697, 2521, 2730, 'Relegation - Pro B'),
(2, '2022-2023', 17, 'Regular Season', 3007, 33, 11, 0.333, 22, 0.667, 2588, 2739, 'Relegation - Pro B'),
(2, '2022-2023', 2, 'Regular Season', 5235, 33, 22, 0.667, 11, 0.333, 2827, 2727, 'Promotion - LNB (Play Offs: Quarter-finals)'),
(40, '2022-2023', 11, 'Regular Season', 0, 34, 15, 0.441, 19, 0.559, 2752, 2839, 'None'),
(40, '2022-2023', 2, 'Regular Season', 519, 34, 31, 0.912, 3, 0.088, 3002, 2615, 'Promotion - BBL (Play Offs: )'),
(40, '2022-2023', 10, 'Regular Season', 520, 34, 15, 0.441, 19, 0.559, 2996, 3021, 'None'),
(40, '2022-2023', 14, 'Regular Season', 521, 34, 12, 0.353, 22, 0.647, 2725, 2829, 'None'),
(40, '2022-2023', 3, 'Regular Season', 522, 34, 25, 0.735, 9, 0.265, 2782, 2563, 'Promotion - BBL (Play Offs: )'),
(40, '2022-2023', 18, 'Regular Season', 523, 34, 6, 0.176, 28, 0.824, 2805, 3109, 'Relegation - Pro A'),
(40, '2022-2023', 1, 'Regular Season', 524, 34, 32, 0.941, 2, 0.059, 3042, 2477, 'Promotion - BBL (Play Offs: )'),
(40, '2022-2023', 13, 'Regular Season', 525, 34, 12, 0.353, 22, 0.647, 2879, 3005, 'None'),
(40, '2022-2023', 17, 'Regular Season', 526, 34, 10, 0.294, 24, 0.706, 2726, 2940, 'Relegation - Pro A'),
(40, '2022-2023', 6, 'Regular Season', 528, 34, 19, 0.559, 15, 0.441, 2902, 2932, 'Promotion - BBL (Play Offs: )'),
(40, '2022-2023', 15, 'Regular Season', 529, 34, 12, 0.353, 22, 0.647, 2751, 2924, 'None'),
(40, '2022-2023', 5, 'Regular Season', 530, 34, 19, 0.559, 15, 0.441, 2957, 2915, 'Promotion - BBL (Play Offs: )'),
(40, '2022-2023', 4, 'Regular Season', 532, 34, 22, 0.647, 12, 0.353, 2939, 2825, 'Promotion - BBL (Play Offs: )'),
(40, '2022-2023', 7, 'Regular Season', 533, 34, 18, 0.529, 16, 0.471, 3029, 2929, 'Promotion - BBL (Play Offs: )'),
(40, '2022-2023', 8, 'Regular Season', 550, 34, 16, 0.471, 18, 0.529, 2843, 2813, 'Promotion - BBL (Play Offs: )'),
(40, '2022-2023', 12, 'Regular Season', 552, 34, 15, 0.441, 19, 0.559, 2976, 3046, 'None'),
(40, '2022-2023', 9, 'Regular Season', 561, 34, 16, 0.471, 18, 0.529, 2857, 3021, 'None'),
(40, '2022-2023', 16, 'Regular Season', 2263, 34, 11, 0.324, 23, 0.676, 2881, 3041, 'None'),
(45, '2022-2023', 10, 'Regular Season', 590, 22, 5, 0.227, 17, 0.773, 1584, 1800, 'None'),
(45, '2022-2023', 11, 'Regular Season', 594, 22, 5, 0.227, 17, 0.773, 1530, 1745, 'None'),
(45, '2022-2023', 6, 'Regular Season', 605, 22, 12, 0.545, 10, 0.455, 1668, 1686, 'Promotion - Basket League (Play Offs: Quarter-finals)'),
(45, '2022-2023', 8, 'Regular Season', 606, 22, 11, 0.5, 11, 0.5, 1735, 1679, 'Promotion - Basket League (Play Offs: Quarter-finals)'),
(45, '2022-2023', 12, 'Regular Season', 608, 22, 4, 0.182, 18, 0.818, 1623, 1989, 'Relegation - Elite League'),
(45, '2022-2023', 7, 'Regular Season', 610, 22, 11, 0.5, 11, 0.5, 1718, 1735, 'Promotion - Basket League (Play Offs: Quarter-finals)'),
(45, '2022-2023', 9, 'Regular Season', 612, 22, 7, 0.318, 15, 0.682, 1677, 1817, 'None'),
(45, '2022-2023', 4, 'Regular Season', 613, 22, 13, 0.591, 9, 0.409, 1764, 1701, 'Promotion - Basket League (Play Offs: Quarter-finals)'),
(45, '2022-2023', 2, 'Regular Season', 614, 22, 16, 0.727, 6, 0.273, 1862, 1571, 'Promotion - Basket League (Play Offs: Quarter-finals)'),
(45, '2022-2023', 3, 'Regular Season', 616, 22, 14, 0.636, 8, 0.364, 1852, 1731, 'Promotion - Basket League (Play Offs: Quarter-finals)'),
(45, '2022-2023', 5, 'Regular Season', 617, 22, 12, 0.545, 10, 0.455, 1687, 1708, 'Promotion - Basket League (Play Offs: Quarter-finals)'),
(45, '2022-2023', 1, 'Regular Season', 1542, 22, 22, 1, 0, 0, 2029, 1567, 'Promotion - Basket League (Play Offs: Quarter-finals)'),
(52, '2022-2023', 12, 'Regular Season', 690, 30, 12, 0.4, 18, 0.6, 2379, 2515, 'None'),
(52, '2022-2023', 10, 'Regular Season', 699, 30, 12, 0.4, 18, 0.6, 2378, 2414, 'None'),
(52, '2022-2023', 3, 'Regular Season', 700, 30, 18, 0.6, 12, 0.4, 2407, 2337, 'Promotion - Lega A (Play Offs: )'),
(52, '2022-2023', 16, 'Regular Season', 716, 30, 9, 0.3, 21, 0.7, 2353, 2570, 'Relegation'),
(52, '2022-2023', 9, 'Regular Season', 717, 30, 14, 0.467, 16, 0.533, 2474, 2426, 'None'),
(52, '2022-2023', 7, 'Regular Season', 718, 30, 15, 0.5, 15, 0.5, 2494, 2446, 'Promotion - Lega A (Play Offs: )'),
(52, '2022-2023', 1, 'Regular Season', 722, 30, 23, 0.767, 7, 0.233, 2481, 2191, 'Promotion - Lega A (Play Offs: )'),
(52, '2022-2023', 8, 'Regular Season', 723, 30, 14, 0.467, 16, 0.533, 2531, 2613, 'Promotion - Lega A (Play Offs: )'),
(52, '2022-2023', 14, 'Regular Season', 725, 30, 11, 0.367, 19, 0.633, 2287, 2312, 'None'),
(52, '2022-2023', 5, 'Regular Season', 726, 30, 17, 0.567, 13, 0.433, 2530, 2413, 'Promotion - Lega A (Play Offs: )'),
(52, '2022-2023', 6, 'Regular Season', 727, 30, 15, 0.5, 15, 0.5, 2288, 2335, 'Promotion - Lega A (Play Offs: )'),
(52, '2022-2023', 11, 'Regular Season', 728, 30, 12, 0.4, 18, 0.6, 2433, 2609, 'None'),
(52, '2022-2023', 15, 'Regular Season', 729, 30, 11, 0.367, 19, 0.633, 2345, 2519, 'Relegation'),
(52, '2022-2023', 13, 'Regular Season', 730, 30, 17, 0.567, 13, 0.433, 2726, 2722, 'None'),
(52, '2022-2023', 4, 'Regular Season', 731, 30, 17, 0.567, 13, 0.433, 2510, 2402, 'Promotion - Lega A (Play Offs: )'),
(52, '2022-2023', 2, 'Regular Season', 732, 30, 23, 0.767, 7, 0.233, 2542, 2334, 'Promotion - Lega A (Play Offs: )'),
(104, '2022-2023', 3, 'Regular Season', 1263, 30, 22, 0.733, 8, 0.267, 2653, 2395, 'Promotion - Super Lig (Play Offs: Quarter-finals)'),
(104, '2022-2023', 9, 'Regular Season', 1264, 30, 13, 0.433, 17, 0.567, 2324, 2384, 'None'),
(104, '2022-2023', 14, 'Regular Season', 1266, 30, 10, 0.333, 20, 0.667, 2457, 2477, 'None'),
(104, '2022-2023', 5, 'Regular Season', 1267, 30, 17, 0.567, 13, 0.433, 2507, 2460, 'Promotion - Super Lig (Play Offs: Quarter-finals)'),
(104, '2022-2023', 10, 'Regular Season', 1268, 30, 13, 0.433, 17, 0.567, 2394, 2482, 'None'),
(104, '2022-2023', 6, 'Regular Season', 1269, 30, 15, 0.5, 15, 0.5, 2487, 2547, 'Promotion - Super Lig (Play Offs: Quarter-finals)'),
(104, '2022-2023', 2, 'Regular Season', 1270, 30, 24, 0.8, 6, 0.2, 2596, 2344, 'Promotion - Super Lig (Play Offs: Quarter-finals)'),
(104, '2022-2023', 8, 'Regular Season', 1271, 30, 14, 0.467, 16, 0.533, 2422, 2441, 'Promotion - Super Lig (Play Offs: Quarter-finals)'),
(104, '2022-2023', 15, 'Regular Season', 1272, 30, 9, 0.3, 21, 0.7, 2297, 2420, 'Relegation - TBL'),
(104, '2022-2023', 4, 'Regular Season', 1274, 30, 21, 0.7, 9, 0.3, 2676, 2571, 'Promotion - Super Lig (Play Offs: Quarter-finals)'),
(104, '2022-2023', 7, 'Regular Season', 1276, 30, 15, 0.5, 15, 0.5, 2487, 2454, 'Promotion - Super Lig (Play Offs: Quarter-finals)'),
(104, '2022-2023', 1, 'Regular Season', 1277, 30, 25, 0.833, 5, 0.167, 2631, 2331, 'Promotion - Super Lig (Play Offs: Quarter-finals)'),
(104, '2022-2023', 16, 'Regular Season', 1302, 30, 7, 0.233, 23, 0.767, 2375, 2527, 'Relegation - TBL'),
(104, '2022-2023', 11, 'Regular Season', 1304, 30, 12, 0.4, 18, 0.6, 2345, 2491, 'None'),
(104, '2022-2023', 13, 'Regular Season', 1305, 30, 11, 0.367, 19, 0.633, 2385, 2545, 'None'),
(104, '2022-2023', 12, 'Regular Season', 2264, 30, 12, 0.4, 18, 0.6, 2375, 2542, 'None'),
(117, '2022-2023', 10, 'Regular Season', 1120, 34, 14, 0.412, 20, 0.588, 2620, 2716, 'None'),
(117, '2022-2023', 16, 'Regular Season', 1125, 34, 11, 0.324, 23, 0.676, 2604, 2913, 'None'),
(117, '2022-2023', 15, 'Regular Season', 1139, 34, 11, 0.324, 23, 0.676, 2604, 2773, 'None'),
(117, '2022-2023', 12, 'Regular Season', 1695, 34, 14, 0.412, 20, 0.588, 2587, 2735, 'None'),
(117, '2022-2023', 17, 'Regular Season', 1697, 34, 10, 0.294, 24, 0.706, 2659, 2857, 'Relegation - LEB Oro'),
(117, '2022-2023', 14, 'Regular Season', 1698, 34, 12, 0.353, 22, 0.647, 2853, 3025, 'None'),
(117, '2022-2023', 1, 'Regular Season', 2329, 34, 29, 0.853, 5, 0.147, 2895, 2489, 'Promotion - ACB (Play Offs: Quarter-finals)'),
(117, '2022-2023', 13, 'Regular Season', 2330, 34, 12, 0.353, 22, 0.647, 2675, 2755, 'None'),
(117, '2022-2023', 2, 'Regular Season', 2331, 34, 28, 0.824, 6, 0.176, 3128, 2817, 'Promotion - ACB (Play Offs: Quarter-finals)'),
(117, '2022-2023', 18, 'Regular Season', 2332, 34, 4, 0.118, 30, 0.882, 2589, 3137, 'Relegation - LEB Oro'),
(117, '2022-2023', 6, 'Regular Season', 2333, 34, 19, 0.559, 15, 0.441, 2837, 2734, 'Promotion - ACB (Play Offs: Quarter-finals)'),
(117, '2022-2023', 7, 'Regular Season', 2334, 34, 19, 0.559, 15, 0.441, 2766, 2662, 'Promotion - ACB (Play Offs: Quarter-finals)'),
(117, '2022-2023', 9, 'Regular Season', 2336, 34, 16, 0.471, 18, 0.529, 2714, 2820, 'None'),
(117, '2022-2023', 11, 'Regular Season', 2337, 34, 14, 0.412, 20, 0.588, 2694, 2832, 'None'),
(117, '2022-2023', 3, 'Regular Season', 2338, 34, 28, 0.824, 6, 0.176, 3005, 2629, 'Promotion - ACB (Play Offs: Quarter-finals)'),
(117, '2022-2023', 4, 'Regular Season', 2339, 34, 24, 0.706, 10, 0.294, 2834, 2517, 'Promotion - ACB (Play Offs: Quarter-finals)'),
(117, '2022-2023', 5, 'Regular Season', 2340, 34, 24, 0.706, 10, 0.294, 2969, 2638, 'Promotion - ACB (Play Offs: Quarter-finals)'),
(117, '2022-2023', 8, 'Regular Season', 2341, 34, 17, 0.5, 17, 0.5, 2842, 2826, 'Promotion - ACB (Play Offs: Quarter-finals)'),
(120, '2023', 7, 'Regular Season', 16, 15, 8, 0.533, 7, 0.467, 1187, 1179, 'Promotion - Euroleague (Promotion - Play Offs: )'),
(120, '2023', 18, 'Regular Season', 26, 15, 2, 0.133, 13, 0.867, 1158, 1303, 'None'),
(120, '2023', 17, 'Regular Season', 519, 15, 3, 0.2, 12, 0.8, 1142, 1281, 'None'),
(120, '2023', 12, 'Regular Season', 522, 15, 7, 0.467, 8, 0.533, 1146, 1176, 'None'),
(120, '2023', 6, 'Regular Season', 614, 15, 8, 0.533, 7, 0.467, 1216, 1176, 'Promotion - Euroleague (Play Offs: Quarter-finals)'),
(120, '2023', 5, 'Regular Season', 687, 15, 9, 0.6, 6, 0.4, 1286, 1297, 'Promotion - Euroleague (Play Offs: Quarter-finals)'),
(120, '2023', 14, 'Regular Season', 722, 15, 6, 0.4, 9, 0.6, 1186, 1145, 'None'),
(120, '2023', 2, 'Regular Season', 732, 15, 11, 0.733, 4, 0.267, 1253, 1212, 'Promotion - Euroleague (Play Offs: Quarter-finals)'),
(120, '2023', 16, 'Regular Season', 796, 15, 5, 0.333, 10, 0.667, 1177, 1205, 'None'),
(120, '2023', 15, 'Regular Season', 1065, 15, 5, 0.333, 10, 0.667, 1211, 1196, 'None'),
(120, '2023', 4, 'Regular Season', 1068, 15, 9, 0.6, 6, 0.4, 1258, 1228, 'Promotion - Euroleague (Play Offs: Quarter-finals)'),
(120, '2023', 13, 'Regular Season', 1263, 15, 7, 0.467, 8, 0.533, 1205, 1296, 'None'),
(120, '2023', 8, 'Regular Season', 1270, 15, 8, 0.533, 7, 0.467, 1194, 1197, 'Promotion - Euroleague (Promotion - Play Offs: )'),
(120, '2023', 11, 'Regular Season', 1542, 15, 7, 0.467, 8, 0.533, 1110, 1104, 'None'),
(120, '2023', 3, 'Regular Season', 2329, 15, 10, 0.667, 5, 0.333, 1246, 1173, 'Promotion - Euroleague (Play Offs: Quarter-finals)'),
(120, '2023', 10, 'Regular Season', 2331, 15, 8, 0.533, 7, 0.467, 1242, 1249, 'Promotion - Euroleague (Promotion - Play Offs: )'),
(120, '2023', 1, 'Regular Season', 2338, 15, 14, 0.933, 1, 0.067, 1307, 1103, 'Promotion - Euroleague (Play Offs: Quarter-finals)'),
(120, '2023', 9, 'Regular Season', 2341, 15, 8, 0.533, 7, 0.467, 1106, 1110, 'Promotion - Euroleague (Promotion - Play Offs: )'),
(142, '2022-2023', 1, 'Group A', 0, 4, 4, 1, 0, 0, 329, 281, 'Promotion - Lega A - Super Cup (Play Offs)'),
(142, '2022-2023', 1, 'Group D', 700, 4, 4, 1, 0, 0, 336, 285, 'Promotion - Lega A - Super Cup (Play Offs)'),
(142, '2022-2023', 1, 'Group B', 726, 4, 4, 1, 0, 0, 350, 304, 'Promotion - Lega A - Super Cup (Play Offs)'),
(194, '2023', 2, 'Group B', 24, 12, 10, 0.833, 2, 0.167, 1007, 926, 'Promotion - Eurocup (Play Offs: Quarter-finals)'),
(194, '2023', 1, 'Group A', 108, 12, 11, 0.917, 1, 0.083, 1160, 946, 'Promotion - Eurocup (Play Offs: Quarter-finals)'),
(194, '2023', 9, 'Group A', 529, 12, 2, 0.167, 10, 0.833, 957, 1170, 'None'),
(194, '2023', 4, 'Group B', 533, 12, 8, 0.667, 4, 0.333, 1031, 1013, 'Promotion - Eurocup (Play Offs: 1/8-finals)'),
(194, '2023', 5, 'Group B', 606, 12, 5, 0.417, 7, 0.583, 854, 879, 'Promotion - Eurocup (Play Offs: 1/8-finals)'),
(194, '2023', 2, 'Group A', 682, 11, 9, 0.818, 2, 0.182, 1050, 944, 'Promotion - Eurocup (Play Offs: Quarter-finals)'),
(194, '2023', 7, 'Group B', 727, 12, 5, 0.417, 7, 0.583, 940, 989, 'None'),
(194, '2023', 8, 'Group A', 731, 12, 4, 0.333, 8, 0.667, 978, 1017, 'None'),
(194, '2023', 6, 'Group B', 790, 12, 5, 0.417, 7, 0.583, 985, 1022, 'Promotion - Eurocup (Play Offs: 1/8-finals)'),
(194, '2023', 10, 'Group B', 914, 12, 1, 0.083, 11, 0.917, 908, 980, 'None'),
(194, '2023', 5, 'Group A', 1266, 12, 7, 0.583, 5, 0.417, 942, 918, 'Promotion - Eurocup (Play Offs: 1/8-finals)'),
(194, '2023', 9, 'Group B', 1277, 12, 3, 0.25, 9, 0.75, 949, 988, 'None'),
(194, '2023', 6, 'Group A', 1317, 12, 6, 0.5, 6, 0.5, 1031, 1024, 'Promotion - Eurocup (Play Offs: 1/8-finals)'),
(194, '2023', 3, 'Group A', 1329, 12, 9, 0.75, 3, 0.25, 1086, 1032, 'Promotion - Eurocup (Play Offs: 1/8-finals)'),
(194, '2023', 8, 'Group B', 1615, 12, 5, 0.417, 7, 0.583, 924, 987, 'None'),
(194, '2023', 10, 'Group A', 1800, 12, 0, 0, 12, 0, 962, 1066, 'None'),
(194, '2023', 1, 'Group B', 2333, 12, 10, 0.833, 2, 0.167, 1059, 909, 'Promotion - Eurocup (Play Offs: Quarter-finals)'),
(194, '2023', 4, 'Group A', 2334, 12, 7, 0.583, 5, 0.417, 1003, 978, 'Promotion - Eurocup (Play Offs: 1/8-finals)'),
(194, '2023', 3, 'Group B', 3419, 12, 8, 0.667, 4, 0.333, 992, 956, 'Promotion - Eurocup (Play Offs: 1/8-finals)'),
(194, '2023', 7, 'Group A', 5561, 11, 4, 0.364, 7, 0.636, 914, 988, 'None'),
(197, '2023', 1, 'Group G', 279, 4, 4, 1, 0, 0, 373, 251, 'Promotion - EuroBasket (Fourth round: )'),
(197, '2023', 3, 'Group I', 3129, 4, 0, 0, 4, 0, 273, 334, 'None'),
(197, '2023', 3, 'Group J', 3131, 4, 1, 0.25, 3, 0.75, 301, 318, 'None'),
(197, '2023', 1, 'Group J', 3135, 4, 3, 0.75, 1, 0.25, 339, 297, 'Promotion - EuroBasket (Fourth round: )'),
(197, '2023', 1, 'Group H', 3137, 4, 4, 1, 0, 0, 324, 265, 'Promotion - EuroBasket (Fourth round: )'),
(197, '2023', 2, 'Group H', 3144, 4, 2, 0.5, 2, 0.5, 290, 291, 'None'),
(197, '2023', 3, 'Group G', 3146, 4, 0, 0, 4, 0, 293, 364, 'None'),
(197, '2023', 2, 'Group I', 3151, 4, 2, 0.5, 2, 0.5, 282, 298, 'None'),
(197, '2023', 1, 'Group I', 3152, 4, 4, 1, 0, 0, 327, 250, 'Promotion - EuroBasket (Fourth round: )'),
(197, '2023', 3, 'Group H', 3154, 4, 0, 0, 4, 0, 248, 306, 'None'),
(197, '2023', 2, 'Group G', 4769, 4, 2, 0.5, 2, 0.5, 285, 336, 'None'),
(197, '2023', 2, 'Group J', 4773, 4, 2, 0.5, 2, 0.5, 305, 330, 'None'),
(202, '2023', 1, 'Group B', 10, 6, 5, 0.833, 1, 0.167, 526, 441, 'Promotion - Champions League (Winners stage: )'),
(202, '2023', 2, 'Group C', 18, 6, 3, 0.5, 3, 0.5, 485, 495, 'Promotion - Champions League (Qualification - Winners stage: )'),
(202, '2023', 2, 'Group A', 23, 6, 3, 0.5, 3, 0.5, 477, 463, 'Promotion - Champions League (Qualification - Winners stage: )'),
(202, '2023', 1, 'Group E', 25, 6, 4, 0.667, 2, 0.333, 487, 467, 'Promotion - Champions League (Winners stage: )'),
(202, '2023', 3, 'Group E', 308, 6, 3, 0.5, 3, 0.5, 462, 499, 'Promotion - Champions League (Qualification - Winners stage: )'),
(202, '2023', 4, 'Group B', 448, 6, 0, 0, 6, 0, 432, 612, 'None'),
(202, '2023', 1, 'Group F', 524, 6, 3, 0.5, 3, 0.5, 497, 473, 'Promotion - Champions League (Winners stage: )'),
(202, '2023', 2, 'Group D', 530, 6, 3, 0.5, 3, 0.5, 480, 490, 'Promotion - Champions League (Qualification - Winners stage: )'),
(202, '2023', 4, 'Group E', 532, 6, 2, 0.333, 4, 0.667, 504, 495, 'None'),
(202, '2023', 1, 'Group D', 605, 6, 5, 0.833, 1, 0.167, 528, 461, 'Promotion - Champions League (Winners stage: )'),
(202, '2023', 2, 'Group G', 613, 6, 3, 0.5, 3, 0.5, 455, 478, 'Promotion - Champions League (Qualification - Winners stage: )'),
(202, '2023', 3, 'Group A', 616, 6, 3, 0.5, 3, 0.5, 463, 493, 'Promotion - Champions League (Qualification - Winners stage: )'),
(202, '2023', 3, 'Group B', 617, 6, 3, 0.5, 3, 0.5, 516, 475, 'Promotion - Champions League (Qualification - Winners stage: )'),
(202, '2023', 4, 'Group A', 631, 6, 2, 0.333, 4, 0.667, 456, 488, 'None'),
(202, '2023', 2, 'Group F', 680, 6, 3, 0.5, 3, 0.5, 463, 456, 'Promotion - Champions League (Qualification - Winners stage: )'),
(202, '2023', 2, 'Group H', 700, 6, 5, 0.833, 1, 0.167, 500, 484, 'Promotion - Champions League (Qualification - Winners stage: )'),
(202, '2023', 3, 'Group D', 726, 6, 2, 0.333, 4, 0.667, 509, 543, 'Promotion - Champions League (Qualification - Winners stage: )'),
(202, '2023', 2, 'Group B', 794, 6, 4, 0.667, 2, 0.333, 509, 455, 'Promotion - Champions League (Qualification - Winners stage: )'),
(202, '2023', 4, 'Group D', 916, 6, 2, 0.333, 4, 0.667, 473, 496, 'None'),
(202, '2023', 4, 'Group G', 933, 6, 1, 0.167, 5, 0.833, 443, 514, 'None'),
(202, '2023', 3, 'Group F', 1120, 6, 3, 0.5, 3, 0.5, 462, 459, 'Promotion - Champions League (Qualification - Winners stage: )'),
(202, '2023', 4, 'Group F', 1267, 6, 3, 0.5, 3, 0.5, 439, 473, 'None'),
(202, '2023', 3, 'Group C', 1269, 6, 3, 0.5, 3, 0.5, 488, 500, 'Promotion - Champions League (Qualification - Winners stage: )'),
(202, '2023', 3, 'Group G', 1271, 6, 3, 0.5, 3, 0.5, 513, 492, 'Promotion - Champions League (Qualification - Winners stage: )'),
(202, '2023', 2, 'Group E', 1274, 6, 3, 0.5, 3, 0.5, 495, 487, 'Promotion - Champions League (Qualification - Winners stage: )'),
(202, '2023', 3, 'Group H', 1276, 6, 2, 0.333, 4, 0.667, 532, 551, 'Promotion - Champions League (Qualification - Winners stage: )'),
(202, '2023', 4, 'Group C', 1663, 6, 2, 0.333, 4, 0.667, 431, 456, 'None'),
(202, '2023', 1, 'Group G', 1792, 6, 5, 0.833, 1, 0.167, 513, 440, 'Promotion - Champions League (Winners stage: )'),
(202, '2023', 1, 'Group H', 2336, 6, 5, 0.833, 1, 0.167, 517, 427, 'Promotion - Champions League (Winners stage: )'),
(202, '2023', 1, 'Group C', 2339, 6, 4, 0.667, 2, 0.333, 490, 443, 'Promotion - Champions League (Winners stage: )'),
(202, '2023', 1, 'Group A', 2340, 6, 4, 0.667, 2, 0.333, 490, 442, 'Promotion - Champions League (Winners stage: )'),
(202, '2023', 4, 'Group H', 2556, 6, 0, 0, 6, 0, 435, 522, 'None'),
(242, '2022-2023', 25, 'Regular Season', 698, 8, 3, 0.375, 5, 0.625, 570, 603, 'Relegation'),
(242, '2022-2023', 23, 'Regular Season', 708, 8, 4, 0.5, 4, 0.5, 621, 623, 'Serie A2 (Play Out: )'),
(242, '2022-2023', 26, 'Regular Season', 711, 7, 2, 0.286, 5, 0.714, 537, 583, 'Relegation'),
(242, '2022-2023', 22, 'Regular Season', 713, 8, 4, 0.5, 4, 0.5, 635, 629, 'Serie A2 (Play Out: )'),
(242, '2022-2023', 21, 'Regular Season', 3764, 8, 5, 0.625, 3, 0.375, 591, 591, 'Serie A2 (Play Out: )'),
(242, '2022-2023', 24, 'Regular Season', 3768, 8, 3, 0.375, 5, 0.625, 647, 643, 'Serie A2 (Play Out: )'),
(242, '2022-2023', 19, 'Regular Season', 3770, 7, 5, 0.714, 2, 0.286, 606, 557, 'None'),
(242, '2022-2023', 20, 'Regular Season', 5008, 8, 5, 0.625, 3, 0.375, 603, 581, 'None');

-- --------------------------------------------------------

--
-- Struttura della tabella `team`
--

CREATE TABLE `team` (
  `ID_team` int(11) NOT NULL,
  `ID_league` int(11) NOT NULL,
  `ID_country` int(11) NOT NULL,
  `name` varchar(15) NOT NULL,
  `logo` text NOT NULL
) ENGINE=InnoDB DEFAULT CHARSET=utf8 COLLATE=utf8_unicode_ci;

--
-- Dump dei dati per la tabella `team`
--

INSERT INTO `team` (`ID_team`, `ID_league`, `ID_country`, `name`, `logo`) VALUES
(10, 2, 4, 'Dijon', 'https://media-4.api-sports.io/basketball/teams/10.png'),
(11, 2, 4, 'Le Portel', 'https://media-4.api-sports.io/basketball/teams/11.png'),
(16, 120, 55, 'Monaco', 'https://media-4.api-sports.io/basketball/teams/16.png'),
(17, 2, 4, 'Gravelines-Dunk', 'https://media-4.api-sports.io/basketball/teams/17.png'),
(18, 2, 4, 'Cholet', 'https://media-4.api-sports.io/basketball/teams/18.png'),
(19, 2, 4, 'Roanne', 'https://media-4.api-sports.io/basketball/teams/19.png'),
(20, 2, 4, 'Chalon/Saone', 'https://media-4.api-sports.io/basketball/teams/20.png'),
(21, 2, 4, 'Nanterre', 'https://media-4.api-sports.io/basketball/teams/21.png'),
(23, 2, 4, 'Le Mans', 'https://media-4.api-sports.io/basketball/teams/23.png'),
(24, 2, 4, 'JL Bourg', 'https://media-4.api-sports.io/basketball/teams/24.png'),
(25, 2, 4, 'Strasbourg', 'https://media-4.api-sports.io/basketball/teams/25.png'),
(26, 120, 55, 'Lyon-Villeurban', 'https://media-4.api-sports.io/basketball/teams/26.png'),
(27, 202, 55, 'Limoges', 'https://media-4.api-sports.io/basketball/teams/27.png'),
(95, 2, 4, 'Ada Blois', 'https://media-4.api-sports.io/basketball/teams/95.png'),
(100, 2, 4, 'Nancy', 'https://media-4.api-sports.io/basketball/teams/100.png'),
(106, 2, 4, 'Saint Quentin', 'https://media-4.api-sports.io/basketball/teams/106.png'),
(108, 2, 4, 'Paris', 'https://media-4.api-sports.io/basketball/teams/108.png'),
(110, 2, 4, 'Fos-sur-Mer', 'https://media-4.api-sports.io/basketball/teams/110.png'),
(279, 197, 55, 'Croatia', 'https://media-4.api-sports.io/basketball/teams/279.png'),
(300, 202, 55, 'Antwerp Giants', 'https://media-4.api-sports.io/basketball/teams/300.png'),
(308, 202, 55, 'Oostende', 'https://media-4.api-sports.io/basketball/teams/308.png'),
(448, 202, 55, 'Opava', 'https://media-4.api-sports.io/basketball/teams/448.png'),
(464, 202, 55, 'Bakken Bears', 'https://media-4.api-sports.io/basketball/teams/464.png'),
(480, 202, 55, 'BC Kalev/Cramo', 'https://media-4.api-sports.io/basketball/teams/480.png'),
(489, 202, 55, 'Karhu Basket', 'https://media-4.api-sports.io/basketball/teams/489.png'),
(519, 40, 17, 'Alba Berlin', 'https://media-4.api-sports.io/basketball/teams/519.png'),
(520, 40, 17, 'Bamberg', 'https://media-4.api-sports.io/basketball/teams/520.png'),
(521, 40, 17, 'Basketball Brau', 'https://media-4.api-sports.io/basketball/teams/521.png'),
(522, 40, 17, 'Bayern', 'https://media-4.api-sports.io/basketball/teams/522.png'),
(523, 40, 17, 'Bayreuth', 'https://media-4.api-sports.io/basketball/teams/523.png'),
(524, 40, 17, 'Bonn', 'https://media-4.api-sports.io/basketball/teams/524.png'),
(525, 40, 17, 'Crailsheim Merl', 'https://media-4.api-sports.io/basketball/teams/525.png'),
(526, 40, 17, 'Frankfurt', 'https://media-4.api-sports.io/basketball/teams/526.png'),
(528, 40, 17, 'Gottingen', 'https://media-4.api-sports.io/basketball/teams/528.png'),
(529, 40, 17, 'Hamburg', 'https://media-4.api-sports.io/basketball/teams/529.png'),
(530, 202, 55, 'Ludwigsburg', 'https://media-4.api-sports.io/basketball/teams/530.png'),
(532, 40, 17, 'Oldenburg', 'https://media-4.api-sports.io/basketball/teams/532.png'),
(533, 40, 17, 'Ulm', 'https://media-4.api-sports.io/basketball/teams/533.png'),
(534, 40, 17, 'Vechta', 'https://media-4.api-sports.io/basketball/teams/534.png'),
(550, 40, 17, 'Chemnitz', 'https://media-4.api-sports.io/basketball/teams/550.png'),
(552, 40, 17, 'Heidelberg', 'https://media-4.api-sports.io/basketball/teams/552.png'),
(561, 40, 17, 'Rostock', 'https://media-4.api-sports.io/basketball/teams/561.png'),
(564, 40, 17, 'Tubingen', 'https://media-4.api-sports.io/basketball/teams/564.png'),
(590, 45, 18, 'AS Karditsas', 'https://media-4.api-sports.io/basketball/teams/590.png'),
(594, 45, 18, 'Apollon Patras', 'https://media-4.api-sports.io/basketball/teams/594.png'),
(605, 45, 18, 'AEK Athens', 'https://media-4.api-sports.io/basketball/teams/605.png'),
(606, 45, 18, 'Aris', 'https://media-4.api-sports.io/basketball/teams/606.png'),
(608, 45, 18, 'Ionikos', 'https://media-4.api-sports.io/basketball/teams/608.png'),
(610, 45, 18, 'Kolossos Rhodes', 'https://media-4.api-sports.io/basketball/teams/610.png'),
(612, 45, 18, 'Lavrio', 'https://media-4.api-sports.io/basketball/teams/612.png'),
(613, 202, 55, 'PAOK', 'https://media-4.api-sports.io/basketball/teams/613.png'),
(614, 45, 18, 'Panathinaikos', 'https://media-4.api-sports.io/basketball/teams/614.png'),
(616, 202, 55, 'Peristeri', 'https://media-4.api-sports.io/basketball/teams/616.png'),
(617, 45, 18, 'Promitheas', 'https://media-4.api-sports.io/basketball/teams/617.png'),
(631, 202, 55, 'Szombathely', 'https://media-4.api-sports.io/basketball/teams/631.png'),
(680, 202, 55, 'Hapoel Holon', 'https://media-4.api-sports.io/basketball/teams/680.png'),
(682, 194, 55, 'Hapoel Tel-Aviv', 'https://media-4.api-sports.io/basketball/teams/682.png'),
(687, 120, 55, 'Maccabi Tel Avi', 'https://media-4.api-sports.io/basketball/teams/687.png'),
(688, 202, 55, 'Nes Ziona', 'https://media-4.api-sports.io/basketball/teams/688.png'),
(689, 242, 23, 'Agrigento', 'https://media-4.api-sports.io/basketball/teams/689.png'),
(690, 52, 23, 'Basket Napoli', 'https://media-4.api-sports.io/basketball/teams/690.png'),
(691, 242, 23, 'Basket Torino', 'https://media-4.api-sports.io/basketball/teams/691.png'),
(696, 242, 23, 'Latina', 'https://media-4.api-sports.io/basketball/teams/696.png'),
(698, 242, 23, 'NPC Rieti', 'https://media-4.api-sports.io/basketball/teams/698.png'),
(699, 52, 23, 'Scafati', 'https://media-4.api-sports.io/basketball/teams/699.png'),
(700, 52, 23, 'Tortona', 'https://media-4.api-sports.io/basketball/teams/700.png'),
(701, 242, 23, 'Trapani', 'https://media-4.api-sports.io/basketball/teams/701.png'),
(702, 242, 23, 'Treviglio', 'https://media-4.api-sports.io/basketball/teams/702.png'),
(703, 242, 23, 'Assigeco Piacen', 'https://media-4.api-sports.io/basketball/teams/703.png'),
(705, 242, 23, 'Ferrara', 'https://media-4.api-sports.io/basketball/teams/705.png'),
(706, 242, 23, 'Forli', 'https://media-4.api-sports.io/basketball/teams/706.png'),
(708, 242, 23, 'Mantova', 'https://media-4.api-sports.io/basketball/teams/708.png'),
(709, 242, 23, 'Orzinuovi', 'https://media-4.api-sports.io/basketball/teams/709.png'),
(711, 242, 23, 'Ravenna', 'https://media-4.api-sports.io/basketball/teams/711.png'),
(713, 242, 23, 'San Severo', 'https://media-4.api-sports.io/basketball/teams/713.png'),
(714, 242, 23, 'Udine', 'https://media-4.api-sports.io/basketball/teams/714.png'),
(715, 242, 23, 'Urania Milano', 'https://media-4.api-sports.io/basketball/teams/715.png'),
(716, 52, 23, 'Verona', 'https://media-4.api-sports.io/basketball/teams/716.png'),
(717, 52, 23, 'Brescia', 'https://media-4.api-sports.io/basketball/teams/717.png'),
(718, 52, 23, 'Brindisi', 'https://media-4.api-sports.io/basketball/teams/718.png'),
(719, 242, 23, 'Cantu', 'https://media-4.api-sports.io/basketball/teams/719.png'),
(720, 242, 23, 'Cremona', 'https://media-4.api-sports.io/basketball/teams/720.png'),
(721, 242, 23, 'Fortitudo Bolog', 'https://media-4.api-sports.io/basketball/teams/721.png'),
(722, 52, 23, 'Olimpia Milano', 'https://media-4.api-sports.io/basketball/teams/722.png'),
(723, 52, 23, 'Pesaro', 'https://media-4.api-sports.io/basketball/teams/723.png'),
(724, 52, 23, 'Pistoia', 'https://media-4.api-sports.io/basketball/teams/724.png'),
(725, 52, 23, 'Reggiana', 'https://media-4.api-sports.io/basketball/teams/725.png'),
(726, 52, 23, 'Sassari', 'https://media-4.api-sports.io/basketball/teams/726.png'),
(727, 52, 23, 'Trento', 'https://media-4.api-sports.io/basketball/teams/727.png'),
(728, 52, 23, 'Treviso', 'https://media-4.api-sports.io/basketball/teams/728.png'),
(729, 52, 23, 'Trieste', 'https://media-4.api-sports.io/basketball/teams/729.png'),
(730, 52, 23, 'Varese', 'https://media-4.api-sports.io/basketball/teams/730.png'),
(731, 52, 23, 'Venezia', 'https://media-4.api-sports.io/basketball/teams/731.png'),
(732, 52, 23, 'Virtus Bologna', 'https://media-4.api-sports.io/basketball/teams/732.png'),
(783, 202, 55, 'Peja', 'https://media-4.api-sports.io/basketball/teams/783.png'),
(790, 194, 55, 'Lietkabelis', 'https://media-4.api-sports.io/basketball/teams/790.png'),
(794, 202, 55, 'Rytas', 'https://media-4.api-sports.io/basketball/teams/794.png'),
(796, 120, 55, 'Zalgiris Kaunas', 'https://media-4.api-sports.io/basketball/teams/796.png'),
(846, 202, 55, 'Den Bosch', 'https://media-4.api-sports.io/basketball/teams/846.png'),
(910, 202, 55, 'Legia', 'https://media-4.api-sports.io/basketball/teams/910.png'),
(914, 194, 55, 'Slask Wroclaw', 'https://media-4.api-sports.io/basketball/teams/914.png'),
(916, 202, 55, 'Szczecin', 'https://media-4.api-sports.io/basketball/teams/916.png'),
(933, 202, 55, 'Benfica', 'https://media-4.api-sports.io/basketball/teams/933.png'),
(975, 202, 55, 'CSM Oradea', 'https://media-4.api-sports.io/basketball/teams/975.png'),
(1065, 120, 55, 'Crvena zvezda', 'https://media-4.api-sports.io/basketball/teams/1065.png'),
(1066, 202, 55, 'FMP Beograd', 'https://media-4.api-sports.io/basketball/teams/1066.png'),
(1068, 120, 55, 'Partizan', 'https://media-4.api-sports.io/basketball/teams/1068.png'),
(1073, 202, 55, 'Levice', 'https://media-4.api-sports.io/basketball/teams/1073.png'),
(1120, 117, 45, 'Breogan', 'https://media-4.api-sports.io/basketball/teams/1120.png'),
(1125, 117, 45, 'Granada', 'https://media-4.api-sports.io/basketball/teams/1125.png'),
(1132, 117, 45, 'Palencia', 'https://media-4.api-sports.io/basketball/teams/1132.png'),
(1139, 117, 45, 'Basquet Girona', 'https://media-4.api-sports.io/basketball/teams/1139.png'),
(1204, 202, 55, 'Norrkoping', 'https://media-4.api-sports.io/basketball/teams/1204.png'),
(1230, 202, 55, 'Fribourg Olympi', 'https://media-4.api-sports.io/basketball/teams/1230.png'),
(1263, 120, 55, 'Anadolu Efes', 'https://media-4.api-sports.io/basketball/teams/1263.png'),
(1264, 104, 48, 'Bahcesehir Kol.', 'https://media-4.api-sports.io/basketball/teams/1264.png'),
(1266, 104, 48, 'Besiktas', 'https://media-4.api-sports.io/basketball/teams/1266.png'),
(1267, 104, 48, 'Bursaspor', 'https://media-4.api-sports.io/basketball/teams/1267.png'),
(1268, 104, 48, 'Buyukcekmece', 'https://media-4.api-sports.io/basketball/teams/1268.png'),
(1269, 202, 55, 'Darussafaka', 'https://media-4.api-sports.io/basketball/teams/1269.png'),
(1270, 104, 48, 'Fenerbahce', 'https://media-4.api-sports.io/basketball/teams/1270.png'),
(1271, 104, 48, 'Galatasaray', 'https://media-4.api-sports.io/basketball/teams/1271.png'),
(1272, 104, 48, 'Gaziantep', 'https://media-4.api-sports.io/basketball/teams/1272.png'),
(1274, 104, 48, 'Pinar Karsiyaka', 'https://media-4.api-sports.io/basketball/teams/1274.png'),
(1276, 104, 48, 'Tofas', 'https://media-4.api-sports.io/basketball/teams/1276.png'),
(1277, 104, 48, 'Turk Telekom', 'https://media-4.api-sports.io/basketball/teams/1277.png'),
(1302, 104, 48, 'Konyaspor', 'https://media-4.api-sports.io/basketball/teams/1302.png'),
(1304, 104, 48, 'Manisa', 'https://media-4.api-sports.io/basketball/teams/1304.png'),
(1305, 104, 48, 'Merkezefendi', 'https://media-4.api-sports.io/basketball/teams/1305.png'),
(1317, 194, 55, 'Prometey', 'https://media-4.api-sports.io/basketball/teams/1317.png'),
(1329, 194, 55, 'London Lions', 'https://media-4.api-sports.io/basketball/teams/1329.png'),
(1389, 202, 55, 'AEK Larnaca', 'https://media-4.api-sports.io/basketball/teams/1389.png'),
(1529, 45, 18, 'Maroussi', 'https://media-4.api-sports.io/basketball/teams/1529.png'),
(1542, 120, 55, 'Olympiacos', 'https://media-4.api-sports.io/basketball/teams/1542.png'),
(1615, 194, 55, 'Buducnost', 'https://media-4.api-sports.io/basketball/teams/1615.png'),
(1616, 202, 55, 'Mornar Bar', 'https://media-4.api-sports.io/basketball/teams/1616.png'),
(1663, 202, 55, 'VEF Riga', 'https://media-4.api-sports.io/basketball/teams/1663.png'),
(1695, 117, 45, 'Bilbao', 'https://media-4.api-sports.io/basketball/teams/1695.png'),
(1697, 117, 45, 'Real Betis', 'https://media-4.api-sports.io/basketball/teams/1697.png'),
(1698, 117, 45, 'Manresa', 'https://media-4.api-sports.io/basketball/teams/1698.png'),
(1792, 202, 55, 'Hapoel Jerusale', 'https://media-4.api-sports.io/basketball/teams/1792.png'),
(1800, 194, 55, 'Cedevita Olimpi', 'https://media-4.api-sports.io/basketball/teams/1800.png'),
(2263, 40, 17, 'Syntainics MBC', 'https://media-4.api-sports.io/basketball/teams/2263.png'),
(2264, 104, 48, 'Petkim Spor', 'https://media-4.api-sports.io/basketball/teams/2264.png'),
(2315, 202, 55, 'Jonava', 'https://media-4.api-sports.io/basketball/teams/2315.png'),
(2329, 117, 45, 'Barcelona', 'https://media-4.api-sports.io/basketball/teams/2329.png'),
(2330, 117, 45, 'Basket Zaragoza', 'https://media-4.api-sports.io/basketball/teams/2330.png'),
(2331, 117, 45, 'Baskonia', 'https://media-4.api-sports.io/basketball/teams/2331.png'),
(2332, 117, 45, 'Fuenlabrada', 'https://media-4.api-sports.io/basketball/teams/2332.png'),
(2333, 117, 45, 'Gran Canaria', 'https://media-4.api-sports.io/basketball/teams/2333.png'),
(2334, 117, 45, 'Joventut Badalo', 'https://media-4.api-sports.io/basketball/teams/2334.png'),
(2335, 117, 45, 'MoraBanc Andorr', 'https://media-4.api-sports.io/basketball/teams/2335.png'),
(2336, 202, 55, 'Murcia', 'https://media-4.api-sports.io/basketball/teams/2336.png'),
(2337, 117, 45, 'Obradoiro CAB', 'https://media-4.api-sports.io/basketball/teams/2337.png'),
(2338, 117, 45, 'Real Madrid', 'https://media-4.api-sports.io/basketball/teams/2338.png'),
(2339, 117, 45, 'Tenerife', 'https://media-4.api-sports.io/basketball/teams/2339.png'),
(2340, 117, 45, 'Unicaja', 'https://media-4.api-sports.io/basketball/teams/2340.png'),
(2341, 117, 45, 'Valencia', 'https://media-4.api-sports.io/basketball/teams/2341.png'),
(2556, 202, 55, 'Igokea', 'https://media-4.api-sports.io/basketball/teams/2556.png'),
(3007, 2, 4, 'Pau-Orthez', 'https://media-4.api-sports.io/basketball/teams/3007.png'),
(3009, 104, 48, 'Samsunspor', 'https://media-4.api-sports.io/basketball/teams/3009.png'),
(3024, 197, 55, 'Poland', 'https://media-4.api-sports.io/basketball/teams/3024.png'),
(3129, 197, 55, 'Albania', 'https://media-4.api-sports.io/basketball/teams/3129.png'),
(3131, 197, 55, 'Austria', 'https://media-4.api-sports.io/basketball/teams/3131.png'),
(3135, 197, 55, 'Bulgaria', 'https://media-4.api-sports.io/basketball/teams/3135.png'),
(3136, 197, 55, 'Cyprus', 'https://media-4.api-sports.io/basketball/teams/3136.png'),
(3137, 197, 55, 'Denmark', 'https://media-4.api-sports.io/basketball/teams/3137.png'),
(3144, 197, 55, 'Kosovo', 'https://media-4.api-sports.io/basketball/teams/3144.png'),
(3146, 197, 55, 'Luxembourg', 'https://media-4.api-sports.io/basketball/teams/3146.png'),
(3149, 197, 55, 'North Macedonia', 'https://media-4.api-sports.io/basketball/teams/3149.png'),
(3150, 197, 55, 'Portugal', 'https://media-4.api-sports.io/basketball/teams/3150.png'),
(3151, 197, 55, 'Romania', 'https://media-4.api-sports.io/basketball/teams/3151.png'),
(3152, 197, 55, 'Slovakia', 'https://media-4.api-sports.io/basketball/teams/3152.png'),
(3154, 197, 55, 'Switzerland', 'https://media-4.api-sports.io/basketball/teams/3154.png'),
(3419, 194, 55, 'Cluj-Napoca', 'https://media-4.api-sports.io/basketball/teams/3419.png'),
(3764, 242, 23, 'Chieti Basket', 'https://media-4.api-sports.io/basketball/teams/3764.png'),
(3765, 242, 23, 'Chiusi', 'https://media-4.api-sports.io/basketball/teams/3765.png'),
(3768, 242, 23, 'Monferrato', 'https://media-4.api-sports.io/basketball/teams/3768.png'),
(3769, 242, 23, 'Pallacanestro N', 'https://media-4.api-sports.io/basketball/teams/3769.png'),
(3770, 242, 23, 'Stella Azzurra', 'https://media-4.api-sports.io/basketball/teams/3770.png'),
(4769, 197, 55, 'Ireland', 'https://media-4.api-sports.io/basketball/teams/4769.png'),
(4773, 197, 55, 'Norway', 'https://media-4.api-sports.io/basketball/teams/4773.png'),
(5007, 242, 23, 'Cividale', 'https://media-4.api-sports.io/basketball/teams/5007.png'),
(5008, 242, 23, 'JuVi Cremona', 'https://media-4.api-sports.io/basketball/teams/5008.png'),
(5009, 242, 23, 'Rimini', 'https://media-4.api-sports.io/basketball/teams/5009.png'),
(5235, 2, 4, 'Boulogne-Levall', 'https://media-4.api-sports.io/basketball/teams/5235.png'),
(5238, 202, 55, 'TSU', 'https://media-4.api-sports.io/basketball/teams/5238.png'),
(5561, 194, 55, 'BC Wolves', 'https://media-4.api-sports.io/basketball/teams/5561.png'),
(5633, 202, 55, 'Caledonia Gladi', 'https://media-4.api-sports.io/basketball/teams/5633.png'),
(5920, 104, 48, 'ada Bodrum S', 'https://media-4.api-sports.io/basketball/teams/5920.png'),
(5923, 40, 17, 'Wurzburg', 'https://media-4.api-sports.io/basketball/teams/5923.png'),
(5981, 242, 23, 'Cento', 'https://media-4.api-sports.io/basketball/teams/5981.png'),
(6043, 242, 23, 'Luiss Roma', 'https://media-4.api-sports.io/basketball/teams/6043.png'),
(6044, 242, 23, 'Vigevano', 'https://media-4.api-sports.io/basketball/teams/6044.png'),
(6158, 242, 23, 'Sebastiani Riet', 'https://media-4.api-sports.io/basketball/teams/6158.png');

-- --------------------------------------------------------

--
-- Struttura della tabella `user`
--

CREATE TABLE `user` (
  `ID_utente` int(11) NOT NULL,
  `name` int(11) NOT NULL,
  `surname` int(11) NOT NULL,
  `email` int(11) NOT NULL,
  `password` int(11) NOT NULL
) ENGINE=InnoDB DEFAULT CHARSET=utf8 COLLATE=utf8_unicode_ci;

--
-- Indici per le tabelle scaricate
--

--
-- Indici per le tabelle `blog`
--
ALTER TABLE `blog`
  ADD PRIMARY KEY (`ID_blog`);

--
-- Indici per le tabelle `country`
--
ALTER TABLE `country`
  ADD PRIMARY KEY (`id_country`);

--
-- Indici per le tabelle `games`
--
ALTER TABLE `games`
  ADD PRIMARY KEY (`ID_games`);

--
-- Indici per le tabelle `league`
--
ALTER TABLE `league`
  ADD PRIMARY KEY (`ID_league`);

--
-- Indici per le tabelle `players`
--
ALTER TABLE `players`
  ADD PRIMARY KEY (`ID_player`,`season`,`name`,`surname`);

--
-- Indici per le tabelle `standings`
--
ALTER TABLE `standings`
  ADD PRIMARY KEY (`ID_league`,`season`,`ID_team`);

--
-- Indici per le tabelle `team`
--
ALTER TABLE `team`
  ADD PRIMARY KEY (`ID_team`);

--
-- Indici per le tabelle `user`
--
ALTER TABLE `user`
  ADD PRIMARY KEY (`ID_utente`);

--
-- AUTO_INCREMENT per le tabelle scaricate
--

--
-- AUTO_INCREMENT per la tabella `players`
--
ALTER TABLE `players`
  MODIFY `ID_player` int(11) NOT NULL AUTO_INCREMENT, AUTO_INCREMENT=1001;
COMMIT;

/*!40101 SET CHARACTER_SET_CLIENT=@OLD_CHARACTER_SET_CLIENT */;
/*!40101 SET CHARACTER_SET_RESULTS=@OLD_CHARACTER_SET_RESULTS */;
/*!40101 SET COLLATION_CONNECTION=@OLD_COLLATION_CONNECTION */;
